emrC_Lis,emrC,emrC
mcr-9.2,mcr-9.2,mcr-9
blaLEN-42,blaLEN-42,blaLEN
blaTEM-156,blaTEM-156,blaTEM
blaPDC-114,blaPDC-114,blaPDC
blaPDC-226,blaPDC-226,blaPDC
blaPDC-116,blaPDC-116,blaPDC
blaPDC-298,blaPDC-298,blaPDC
blaPDC-97,blaPDC-97,blaPDC
blaPDC-184,blaPDC-184,blaPDC
blaKLUC-1,blaKLUC-1,blaKLUC
cml_Ochro,cml,cml
fosA7.6,fosA7.6,fosA7
blaCMY-84,blaCMY-84,blaCMY
qnrE1,qnrE1,qnrE
blaTEM-95,blaTEM-95,blaTEM
blaRAA-1,blaRAA-1,blaRAA
blaERP-1,blaERP-1,blaERP
blaDHA-22,blaDHA-22,blaDHA
blaACT-147,blaACT-147,blaACT
blaADC-151,blaADC-151,blaADC
blaCTX-M-140,blaCTX-M-140,blaCTX-M
blaOXA-163,blaOXA-163,blaOXA
blaACT-14,blaACT-14,blaACT
blaACT-148,blaACT-148,blaACT
blaACT-67,blaACT-67,blaACT
blaACT-109,blaACT-109,blaACT
blaLEN-25,blaLEN-25,blaLEN
fosA8,fosA8,fosA8
ampC_Kaer,ampC,ampC
blaMIR-15,blaMIR-15,blaMIR
blaACT-95,blaACT-95,blaACT
blaOXA-498,blaOXA-498,blaOXA
oqxB29,oqxB29,oqxB
blaCMY-38,blaCMY-38,blaCMY
vanT-Cd,vanT-Cd,vanT-Cd
blaOXA-258,blaOXA-258,blaOXA
blaEC-15,blaEC-15,blaEC
aac(6')-Ib-AKT,aac(6')-Ib,aac(6')-Ib
erm(Z),erm(Z),erm(Z)
aac(3)-Ib,aac(3)-Ib/aac(6')-Ib'',aac(3)-Ib/aac(6')-Ib''
aac(6')-Ib'',aac(3)-Ib/aac(6')-Ib'',aac(3)-Ib/aac(6')-Ib''
aac(6')-30,aac(6')-30/aac(6')-Ib',aac(6')-30/aac(6')-Ib'
aac(6')-Ib',aac(6')-30/aac(6')-Ib',aac(6')-30/aac(6')-Ib'
ant(3'')-Ij,ant(3'')-Ij/aac(6')-Ib,ant(3'')-Ij/aac(6')-Ib
aac(6')-Ib-G,ant(3'')-Ij/aac(6')-Ib,ant(3'')-Ij/aac(6')-Ib
blaOXA-PR,blaOXA/blaLRA13,blaOXA/blaLRA13
blaLRA-13,blaOXA/blaLRA13,blaOXA/blaLRA13
ant(3'')-Ih,ant(3'')-Ih/aac(6')-IId,ant(3'')-Ih/aac(6')-IId
aac(6')-IId,ant(3'')-Ih/aac(6')-IId,ant(3'')-Ih/aac(6')-IId
BcII,bla2,bla2
BcII,bla2,bla2
aac(2')-IIa,aac(2')-IIa,aac(2')-IIa
aac(3)-I,aac(3)-I,aac(3)-I
aac(3)-Ia,aac(3)-Ia,aac(3)-Ia
aac(3)-Ia,aac(3)-Ia,aac(3)-Ia
aac(3)-Ia,aac(3)-Ia,aac(3)-Ia
aac(3)-I,aac(3)-I,aac(3)-I
aac(3)-IIIa,aac(3)-IIIa,aac(3)-IIIa
aac(3)-IIIc,aac(3)-IIIc,aac(3)-IIIc
aac(3)-IIa,aac(3)-IIa,aac(3)-IIa
aac(3)-IId,aac(3)-IId,aac(3)-IId
aac(3)-IIc,aac(3)-IIc,aac(3)-IIc
aac(3)-IIe,aac(3)-IIe,aac(3)-IIe
aac(3)-IXa,aac(3)-IXa,aac(3)-IXa
aac(3)-VIII,aac(3)-VIII,aac(3)-VIII
aac(3)-VIII,aac(3)-VIII,aac(3)-VIII
aac(3)-VIIa,aac(3)-VIIa,aac(3)-VIIa
aac(3)-VIa,aac(3)-VIa,aac(3)-VIa
aac(6')-I30,aac(6')-I30,aac(6')
aacA40,aacA40,aacA40
aac(6')-IIb,aac(6')-IIb,aac(6')-II
aac(6')-Iad,aac(6')-Iad,aac(6')-Iad
aac(6')-Iaf,aac(6')-Iaf,aac(6')
aac(6')-Iai,aac(6')-Iai,aac(6')
aac(6')-Ib-AKT,aac(6')-Ib,aac(6')-Ib
aac(6')-Ib-AKT,aac(6')-Ib,aac(6')-Ib
aac(6')-Ib-K,aac(6')-Ib,aac(6')-Ib
aac(6')-Ib-AKT,aac(6')-Ib,aac(6')-Ib
aac(6')-Ib-AKT,aac(6')-Ib,aac(6')-Ib
aac(6')-Ib-cr6,aac(6')-Ib-cr6,aac(6')-Ib-cr
aac(6')-Ib-cr5,aac(6')-Ib-cr5,aac(6')-Ib-cr
aac(6')-Ik,aac(6')-Ik,aac(6')-I
aac(6')-Il,aac(6')-Il,aac(6')-Il
aac(6')-Il,aac(6')-Il,aac(6')-Il
aac(6')-Ir,aac(6')-Ir,aac(6')-I
aac(6')-Is,aac(6')-Is,aac(6')-I
aac(6')-It,aac(6')-It,aac(6')-I
aac(6')-Ix,aac(6')-Ix,aac(6')-I
aacA37,aacA37,aacA37
aadA11,aadA11,aadA11
aadA17,aadA17,ant(3'')-Ia
aadA21,aadA21,aadA21
aadA21,aadA21,aadA21
aadA3,aadA3,aadA3
aadA3,aadA3,aadA3
aadA4,aadA4,aadA4
aadA4,aadA4,aadA4
aadA6,aadA6,aadA6
aadA7,aadA7,aadA7
aadA7,aadA7,aadA7
aadA8,aadA8,aadA8
aadA9,aadA9,aadA9
aadA9,aadA9,aadA9
ant(4')-Ia,aadD1,aadD1
ant(4')-Ia,aadD1,aadD1
ampC_Asob-1,ampC_Asob-1,ampC
blaSRT,blaSRT,blaSRT
ampC_Sliq-1,ampC_Sliq-1,ampC
ant(2'')-Ia,ant(2'')-Ia,ant(2'')-Ia
ant(4')-IIa,ant(4')-IIa,ant(4')-IIa
ant(4')-IIb,ant(4')-IIb,ant(4')-IIb
ant(9)-Ib,ant(9)-Ib,ant(9)-Ib
aph(2'')-IIa,aph(2'')-IIa,aph(2'')-IIa
aph(2'')-If,aph(2'')-If,aph(2'')-If
aph(3'')-Ia,aph(3'')-Ia,aph(3'')-Ia
aph(3'')-Ia,aph(3'')-Ia,aph(3'')-Ia
aph(3'')-Ic,aph(3'')-Ic,aph(3'')-Ic
aph(3')-IIIa,aph(3')-IIIa,aph(3')-IIIa
aph(3')-IIIa,aph(3')-IIIa,aph(3')-IIIa
aph(3')-IIc,aph(3')-IIc,aph(3')-IIc
aph(6)-Smalt,aph(6),aph(6)
aph(3')-IVa,aph(3')-IVa,aph(3')-IVa
aph(3')-Ia,aph(3')-Ia,aph(3')-Ia
aph(3')-Ia,aph(3')-Ia,aph(3')-Ia
aph(3')-Ia,aph(3')-Ia,aph(3')-Ia
aph(3')-VIIa,aph(3')-VIIa,aph(3')-VIIa
aph(3')-Va,aph(3')-Va,aph(3')-Va
aph(3')-Vb,aph(3')-Vb,aph(3')-Vb
aph(3')-Vb,aph(3')-Vb,aph(3')-Vb
aph(3')-Vc,aph(3')-Vc,aph(3')-Vc
aph(6)-Ia,aph(6)-Ia,aph(6)-Ia
aph(6)-Id,aph(6)-Id,aph(6)-Id
aph(6)-Id,aph(6)-Id,aph(6)-Id
aph(7'')-Ia,aph(7'')-Ia,aph(7'')-Ia
aph(9)-Ib,aph(9)-Ib,aph(9)-Ib
arr-Msmeg,arr,arr
arr,arr,arr
arr-6,arr,arr
bla2a,bla2a,bla2a
bla1,bla,bla
blaLRA-1,blaLRA1,blaLRA1
blaLRA-5,blaLRA5,blaLRA5
bla-A2,bla,bla
bla-A,bla,bla
blaF,blaF,blaF
blaL1,blaL1,blaL1
blaL1,blaL1,blaL1
blaL1,blaL1,blaL1
blaL1,blaL1,blaL1
blaL1,blaL1,blaL1
blaL1,blaL1,blaL1
blaL1,blaL1,blaL1
blaL1,blaL1,blaL1
blaL1,blaL1,blaL1
blaL1,blaL1,blaL1
blaL1,blaL1,blaL1
blaL1,blaL1,blaL1
blaL1,blaL1,blaL1
blaL1,blaL1,blaL1
blaL1,blaL1,blaL1
blaL2,blaL2,blaL2
blaLRA-2,blaLRA2,blaLRA2
blaLRA-3,blaLRA3,blaLRA3
blaLRA-8,blaLRA8,blaLRA8
blaLRA-9,blaLRA9,blaLRA9
blaLRA-12,blaLRA12,blaLRA12
blaLRA-17,blaLRA17,blaLRA17
blaLRA-19,blaLRA19,blaLRA19
blaM-1,blaM,blaM
blaOCH,blaOCH,blaOCH
blaOKP-B,blaOKP-B,blaOKP-B
blaOXY-2-14,blaOXY-2-14,blaOXY
blaOXY-2-5,blaOXY-2-5,blaOXY
blaZ-mecC,blaZ,blaZ
blaR1,blaR1,blaR1
blaR39,blaR39,blaR39
blaSED,blaSED,blaSED
blaSFB-1,blaSFB-1,blaSHW
blaSLB-1,blaSLB-1,blaSHW
blaSRT,blaSRT,blaSRT
blaSRT,blaSRT,blaSRT
blaTHIN-B,blaTHIN-B,blaTHIN-B
ble-Sv,ble,ble
ble-Sv,ble,ble
ble-Sh,ble-Sh,ble-Sh
blmB,blmB,blmB
car(A),car(A),car(A)
catA4,catA,catA
catA8,catA,catA
catA8,catA,catA
catA7,catA,catA
catA5,catA,catA
catA1,catA1,catA1
catA1,catA1,catA1
catA15,catA15,catA15
catA16,catA16,catA16
catA16,catA16,catA16
catA2,catA2,catA2
catB10,catB10,catB10
catB3,catB3,catB3
catB3,catB3,catB3
catB3,catB3,catB3
catB3,catB3,catB3
catB3,catB3,catB3
catB6,catB6,catB
catB8,catB8,catB8
catB8,catB8,catB8
catB8,catB8,catB8
catD,catD,catD
cepH,cepH,cepH
cepS,cepS,cepS
cfiA11,cfiA11,cfiA
cfxA,cfxA,cfxA
cfxA_fam,cfxA,cfxA
cfxA_fam,cfxA,cfxA
cfxA_fam,cfxA,cfxA
cfxA_fam,cfxA,cfxA
cfxA2,cfxA2,cfxA2
cfxA2,cfxA2,cfxA2
chrB_rRNA_meth,chrB,chrB
cmlA4,cmlA4,cmlA4
cmlA4,cmlA4,cmlA4
cmlV,cmlV,cmlV
cmrA,cmrA,cmrA
cmrA,cmrA,cmrA
cphA3,cphA3,cphA
cphA1,cphA1,cphA1
cphA1,cphA1,cphA1
cphA1,cphA1,cphA1
cphA1,cphA1,cphA1
cphA1,cphA1,cphA1
cpt,cpt,cpt
dfr1_rpt,dfrA,dfrA
dfrA1,dfrA1,dfrA1
dfrA1,dfrA1,dfrA1
dfrA1,dfrA1,dfrA1
dfrA1,dfrA1,dfrA1
dfrA1,dfrA1,dfrA1
dfrA1,dfrA1,dfrA1
dfrA1,dfrA1,dfrA1
dfrA1,dfrA1,dfrA1
dfrA12,dfrA12,dfrA12
dfrA12,dfrA12,dfrA12
dfrA12,dfrA12,dfrA12
dfrA12,dfrA12,dfrA12
dfrA12,dfrA12,dfrA12
dfrA13,dfrA13,dfrA
dfrA14,dfrA14,dfrA14
dfrA15,dfrA15,dfrA15
dfrA15,dfrA15,dfrA15
dfrA16,dfrA16,dfrA16
dfrA16,dfrA16,dfrA16
dfrA17,dfrA17,dfrA17
dfrA17,dfrA17,dfrA17
dfrA17,dfrA17,dfrA17
dfrA17,dfrA17,dfrA17
dfrA22,dfrA22,dfrA22
dfrA33,dfrA33,dfrA33
dfrA24,dfrA24,dfrA24
dfrA26,dfrA26,dfrA26
dfrA28,dfrA28,dfrA
dfrA3,dfrA3,dfrA3
dfrA30,dfrA30,dfrA30
dfrA5,dfrA5,dfrA5
dfrA6,dfrA6,dfrA6
dfrA46,dfrA46,dfrA46
dfrA7,dfrA7,dfrA7
dfrA7,dfrA7,dfrA7
dfrA7,dfrA7,dfrA7
dfrA9,dfrA9,dfrA9
dfrB1,dfrB1,dfrB1
dfrB2,dfrB2,dfrB2
dfrB4,dfrB4,dfrB4
dfrB6,dfrB6,dfrB
dfrB8,dfrB8,dfrB
dfrD,dfrD,dfrD
dfrB5,dfrB5,dfrB5
dfrK,dfrK,dfrK
ere(A),ere(A),ere(A)
ere(A),ere(A),ere(A)
ere(B),ere(B),ere(B)
erm(31),erm(31),erm(31)
erm(32),erm(32),erm(32)
erm(34),erm(34),erm(34)
erm(38),erm(38),erm(38)
erm(43),erm(43),erm(43)
erm(44),erm(44),erm(44)
erm(45),erm(45),erm(45)
erm(B),erm(B),erm(B)
erm(B),erm(B),erm(B)
erm(B),erm(B),erm(B)
erm(B),erm(B),erm(B)
erm(C),erm(C),erm(C)
erm(D),erm(D),erm(D)
erm(E),erm(E),erm(E)
erm(F),erm(F),erm(F)
erm(F),erm(F),erm(F)
erm(G),erm(G),erm(G)
erm(G),erm(G),erm(G)
erm(H),erm(H),erm(H)
erm(R),erm(R),erm(R)
erm(S),erm(S),erm(S)
erm(T),erm(T),erm(T)
erm(B),erm(B),erm(B)
erm(U),erm(U),erm(U)
erm(U),erm(U),erm(U)
erm(V),erm(V),erm(V)
erm(W),erm(W),erm(W)
erm(X),erm(X),erm(X)
erm(X),erm(X),erm(X)
erm(X),erm(X),erm(X)
erm(X),erm(X),erm(X)
erm(Y),erm(Y),erm(Y)
floR,floR,floR
floR,floR,floR
floR,floR,floR
floR,floR,floR
floR,floR,floR
floR,floR,floR
fomA,fomA,fomA
blaIMP-18,blaIMP-18,blaIMP
fosB-Bcer,fosB,fosB
fosC,fosC,fosC
fosF,fosF,fosF
fosG,fosG,fosG
fosH,fosH,fosX
fusB,fusB,fusB
fusF,fusF,fusF
fusF,fusF,fusF
fusH,fusH,fusH
grm,grm,grm
hugA,hugA,hugA
hugA,hugA,hugA
hugA,hugA,hugA
iri,iri,iri
lnu(A),lnu(A),lnu(A)
lnu(C),lnu(C),lnu(C)
lnu(D),lnu(D),lnu(D)
lnu(E),lnu(E),lnu(E)
lnu(F),lnu(F),lnu(F)
lsa(C),lsa(C),lsa(C)
mecA,mecA,mecA
mecA,mecA,mecA
mecA,mecA,mecA
mecA-ceftar,mecA,mecA
mecA-ceftar,mecA,mecA
mecA-ceftar,mecA,mecA
mecA2,mecA2,mecA2
mecA2,mecA2,mecA2
mecB,mecB,mecB
mef(A),mef(A),mef(A)
mef(A),mef(A),mef(A)
mef(A),mef(A),mef(A)
mef(A),mef(A),mef(A)
mef(A),mef(A),mef(A)
mef(A),mef(A),mef(A)
mef(A),mef(A),mef(A)
mef(A),mef(A),mef(A)
mef(A),mef(A),mef(A)
mef(A),mef(A),mef(A)
mef(A),mef(A),mef(A)
mef(A),mef(A),mef(A)
mef(A),mef(A),mef(A)
mef(A),mef(A),mef(A)
mef(En2),mef(En2),mef(En2)
mgt,mgt,mgt
mph(A),mph(A),mph(A)
mph(A),mph(A),mph(A)
mph(C),mph(C),mph(C)
mph(C),mph(C),mph(C)
mph(C),mph(C),mph(C)
mph(C),mph(C),mph(C)
mph(C),mph(C),mph(C)
msr(A),msr(A),msr(A)
msr(A),msr(A),msr(A)
msr(A),msr(A),msr(A)
msr(C),msr(C),msr(C)
mupB,mupB,mupB
myrA,myrA,myrA
nimB,nimB,nimB
nimC,nimC,nimC
nimD,nimD,nimD
nshR,nshR,nshR
ole(B),ole(B),ole(B)
oleD,oleD,oleD
optrA,optrA,optrA
otr(A),otr(A),otr(A)
otr(A),otr(A),otr(A)
otr(B),otr(B),otr(B)
blaPEN-I,blaPEN-I,blaPEN-I
pexA,pexA,pexA
qepA5,qepA5,qepA
qnrS10,qnrS10,qnrS
rgt1438,rgt,rgt
rmtA,rmtA,rmtA
rmtB2,rmtB2,rmtB
rph,rph,rph
sal(A),sal(A),sal(A)
sat4,sat4,sat4
sat4,sat4,sat4
sta,sta,sta
sul1,sul1,sul1
sul1,sul1,sul1
sul1,sul1,sul1
sul1,sul1,sul1
sul1,sul1,sul1
sul1,sul1,sul1
sul1,sul1,sul1
sul1,sul1,sul1
sul1,sul1,sul1
sul2,sul2,sul2
sul2,sul2,sul2
sul2,sul2,sul2
tet(37),tet(37),tet(37)
tet(40),tet(40),tet(40)
tet(41),tet(41),tet(41)
tet(42),tet(42),tet(42)
tet(44),tet(44),tet(44)
tet(45),tet(45),tet(45)
tet(A),tet(A),tet(A)
tet(A),tet(A),tet(A)
tet(A),tet(A),tet(A)
tet(A),tet(A),tet(A)
tet(A),tet(A),tet(A)
tet(B),tet(B),tet(B)
tet(B),tet(B),tet(B)
tet(B),tet(B),tet(B)
tet(B),tet(B),tet(B)
tet(C),tet(C),tet(C)
tet(C),tet(C),tet(C)
tet(D),tet(D),tet(D)
tet(D),tet(D),tet(D)
tet(D),tet(D),tet(D)
tet(E),tet(E),tet(E)
tet(G),tet(G),tet(G)
tet(H),tet(H),tet(H)
tet(J),tet(J),tet(J)
tet(L),tet(L),tet(L)
tet(L),tet(L),tet(L)
tet(M),tet(M),tet(M)
tet(M),tet(M),tet(M)
tet(M),tet(M),tet(M)
tet(M),tet(M),tet(M)
tet(M),tet(M),tet(M)
tet(M),tet(M),tet(M)
tet(M),tet(M),tet(M)
tet(M),tet(M),tet(M)
tet(M),tet(M),tet(M)
tet(M),tet(M),tet(M)
tet(M),tet(M),tet(M)
tet(M),tet(M),tet(M)
tet(M),tet(M),tet(M)
tet(M),tet(M),tet(M)
tet(M),tet(M),tet(M)
tet(M),tet(M),tet(M)
tet(M),tet(M),tet(M)
tet(M),tet(M),tet(M)
tet(M),tet(M),tet(M)
tet(M),tet(M),tet(M)
tet(M),tet(M),tet(M)
tet(M),tet(M),tet(M)
tet(M),tet(M),tet(M)
tet(O),tet(O),tet(O)
tet(O),tet(O),tet(O)
tet(O),tet(O),tet(O)
tet(Q),tet(Q),tet(Q)
tet(Q),tet(Q),tet(Q)
tet(Q),tet(Q),tet(Q)
tet(S),tet(S),tet(S)
tet(T),tet(T),tet(T)
tet(T),tet(T),tet(T)
tet(W),tet(W),tet(W)
tet(W),tet(W),tet(W)
tet(W),tet(W),tet(W)
tet(W),tet(W),tet(W)
tet(W),tet(W),tet(W)
tet(O/W/32/O),tet(O/W/32/O),tet(O/W/32/O)
tet(O/W/32/O),tet(O/W/32/O),tet(O/W/32/O)
tet(O/W/O),tet(O/W/O),tet(O/W/O)
tet(W),tet(W),tet(W)
tet(W),tet(W),tet(W)
tet(W),tet(W),tet(W)
tet(W),tet(W),tet(W)
tet(X2),tet(X2),tet(X2)
tet(X5),tet(X5),tet(X5)
tet(Y),tet(Y),tet(Y)
tetA(46),tetA(46),tetA(46)
tlmB,tlmB,tlmB
tlr(C),tlr(C),tlr(C)
tsnR,tsnR,tsnR
vanA,vanA,vanA
vanA,vanA,vanA
vanA-Pa,vanA-Pa,vanA-Pa
vanA-Pt,vanA-Pt,vanA-Pt
vanA-Pt2,vanA-Pt2,vanA-Pt2
vanB,vanB,vanB
vanB,vanB,vanB
vanB,vanB,vanB
vanB,vanB,vanB
vanB,vanB,vanB
vanB,vanB,vanB
vanB,vanB,vanB
vanC2/3,vanC,vanC
vanC1,vanC1,vanC1
vanC2/3,vanC,vanC
vanC2/3,vanC,vanC
vanC2/3,vanC,vanC
vanC2/3,vanC,vanC
vanC2/3,vanC,vanC
vanC2/3,vanC,vanC
vanC1,vanC1,vanC1
vanC1,vanC1,vanC1
vanC1,vanC1,vanC1
vanD,vanD,vanD
vanD,vanD,vanD
vanD,vanD,vanD
vanD,vanD,vanD
vanD,vanD,vanD
vanE,vanE,vanE
vanG,vanG,vanG
vanG2,vanG,vanG
vanH-A,vanH-A,vanH-A
vanH-Ac1,vanH-Ac1,vanH-Ac1
vanH-Ao1,vanH-Ao1,vanH-Ao1
vanH-Ao2,vanH-Ao2,vanH-Ao2
vanH-B,vanH-B,vanH-B
vanH-D,vanH-D,vanH-D
vanH-D,vanH-D,vanH-D
vanH-D,vanH-D,vanH-D
vanH-D,vanH-D,vanH-D
vanH-M,vanH-M,vanH-M
vanH-O,vanH-O,vanH-O
vanH-Pt,vanH-Pt,vanH-Pt
vanH,vanH,vanH
vanH-Pt2,vanH-Pt2,vanH-Pt2
vanL,vanL,vanL
vanM,vanM,vanM
vanN,vanN,vanN
vanO,vanO,vanO
vanR-D,vanR-D,vanR-D
vanR-A,vanR-A,vanR-A
vanR-E,vanR-E,vanR-E
vanR-B,vanR-B,vanR-B
vanR-A,vanR-A,vanR-A
vanR-A,vanR-A,vanR-A
vanR-D,vanR-D,vanR-D
vanR-B,vanR-B,vanR-B
vanR-L,vanR-L,vanR-L
vanR-C,vanR-C,vanR-C
vanR-M,vanR-M,vanR-M
vanR-D,vanR-D,vanR-D
vanR-N,vanR-N,vanR-N
vanR-O,vanR-O,vanR-O
vanS-D,vanS-D,vanS-D
vanS-A,vanS-A,vanS-A
vanS-G,vanS-G,vanS-G
vanS-C,vanS-C,vanS-C
vanS-E,vanS-E,vanS-E
vanS-B-Delta,vanS-B-Delta,vanS-B
vanS-D,vanS-D,vanS-D
vanS-B,vanS-B,vanS-B
vanS-Pt2,vanS-Pt2,vanS-Pt2
vanS-Pt,vanS-Pt,vanS-Pt
vanS-Pt,vanS-Pt,vanS-Pt
vanS-C,vanS-C,vanS-C
vanS-D,vanS-D,vanS-D
vanS-L,vanS-L,vanS-L
vanS-M,vanS-M,vanS-M
vanS-N,vanS-N,vanS-N
vanS-B,vanS-B,vanS-B
vanT-G,vanT-G,vanT-G
vanT-E,vanT-E,vanT-E
vanT-C,vanT-C,vanT-C
vanT-C,vanT-C,vanT-C
vanT-C,vanT-C,vanT-C
vanT-N,vanT-N,vanT-N
vanTc2,vanTc,vanTc
vanTc3,vanTc,vanTc
vanTm-L,vanTm,vanTm
vanTr-L,vanTr,vanTr
vanW-G,vanW-G,vanW-G
vanW-B,vanW-B,vanW-B
vanW-Pt,vanW-Pt,vanW-Pt
vanW-B,vanW-B,vanW-B
vanW-B,vanW-B,vanW-B
vanX-A,vanX-A,vanX-A
vanX-Ac1,vanX-Ac1,vanX-Ac1
vanX-Ao1,vanX-Ao1,vanX-Ao1
vanX-B,vanX-B,vanX-B
vanX-B,vanX-B,vanX-B
vanX-B,vanX-B,vanX-B
vanX-D,vanX-D,vanX-D
vanX-D,vanX-D,vanX-D
vanX-D,vanX-D,vanX-D
vanX-D,vanX-D,vanX-D
vanX-M,vanX-M,vanX-M
vanX-O,vanX-O,vanX-O
vanX-Pt,vanX-Pt,vanX-Pt
vanX-Pt,vanX-Pt,vanX-Pt
vanX-Pt,vanX-Pt,vanX-Pt
vanXY-G,vanXY,vanXY
vanXY-G2,vanXY,vanXY
vanXY-C,vanXY-C,vanXY-C
vanXY-c4,vanXY-C,vanXY-C
vanXY-c4,vanXY-C,vanXY-C
vanXY-C,vanXY-C,vanXY-C
vanXY-E,vanXY-E,vanXY-E
vanXY-L,vanXY-L,vanXY-L
vanXY-N,vanXY-N,vanXY-N
vanY-N,vanY-N,vanY-N
vanY-A,vanY-A,vanY-A
vanY-D,vanY-D,vanY-D
vanY-D,vanY-D,vanY-D
vanY-D,vanY-D,vanY-D
vanY-D,vanY-D,vanY-D
vanY-G,vanY-G,vanY-G
vanY-Pt,vanY-Pt,vanY-Pt
vanY-Pt,vanY-Pt,vanY-Pt
vanY-Pt,vanY-Pt,vanY-Pt
vanZ-A,vanZ-A,vanZ-A
vanZ-Pt,vanZ-Pt,vanZ-Pt
vat(E),vat(E),vat(E)
vat(E),vat(E),vat(E)
vat(E),vat(E),vat(E)
vat(E),vat(E),vat(E)
vat(E),vat(E),vat(E)
vat(E),vat(E),vat(E)
vat(H),vat(H),vat(H)
vga(A),vga(A),vga(A)
vga(A),vga(A),vga(A)
vga(D),vga(D),vga(D)
vgb(A),vgb(A),vgb(A)
zbmA,zbmA,zbmA
aac(3)-If,aac(3)-If,aac(3)-If
aac(3)-VIIIa,aac(3)-VIIIa,aac(3)-VIII
aadA8,aadA8,aadA8
arr-6,arr,arr
arr-8,arr-8,arr
blaCPS-1,blaCPS-1,blaCPS
blaACC-1b,blaACC-1b,blaACC
blaACC-1c,blaACC-1c,blaACC
blaACC-2,blaACC-2,blaACC
blaACC-4,blaACC-4,blaACC
blaACT-1,blaACT-1,blaACT
blaACT-10,blaACT-10,blaACT
blaACT-13,blaACT-13,blaACT
blaACT-18,blaACT-18,blaACT
blaACT-20,blaACT-20,blaACT
blaACT-21,blaACT-21,blaACT
blaACT-22,blaACT-22,blaACT
blaACT-29,blaACT-29,blaACT
blaACT-3,blaACT-3,blaACT
blaACT-30,blaACT-30,blaACT
blaACT-31,blaACT-31,blaACT
blaACT-32,blaACT-32,blaACT
blaACT-33,blaACT-33,blaACT
blaACT-34,blaACT-34,blaACT
blaACT-35,blaACT-35,blaACT
blaACT-36,blaACT-36,blaACT
blaACT-38,blaACT-38,blaACT
blaACT-39,blaACT-39,blaACT
blaACT-5,blaACT-5,blaACT
blaACT-7,blaACT-7,blaACT
blaACT-8,blaACT-8,blaACT
blaADC-10,blaADC-10,blaADC
blaADC-12,blaADC-12,blaADC
blaADC-13,blaADC-13,blaADC
blaADC-14,blaADC-14,blaADC
blaADC-15,blaADC-15,blaADC
blaADC-16,blaADC-16,blaADC
blaADC-17,blaADC-17,blaADC
blaADC-19,blaADC-19,blaADC
blaADC-20,blaADC-20,blaADC
blaADC-21,blaADC-21,blaADC
blaADC-22,blaADC-22,blaADC
blaADC-23,blaADC-23,blaADC
blaADC-3,blaADC-3,blaADC
blaADC-38,blaADC-38,blaADC
blaADC-39,blaADC-39,blaADC
blaADC-4,blaADC-4,blaADC
blaADC-41,blaADC-41,blaADC
blaADC-42,blaADC-42,blaADC
blaADC-44,blaADC-44,blaADC
blaADC-51,blaADC-51,blaADC
blaADC-53,blaADC-53,blaADC
blaADC-54,blaADC-54,blaADC
blaADC-58,blaADC-58,blaADC
blaADC-59,blaADC-59,blaADC
blaADC-60,blaADC-60,blaADC
blaADC-62,blaADC-62,blaADC
blaADC-63,blaADC-63,blaADC
blaADC-67,blaADC-67,blaADC
blaADC-68,blaADC-68,blaADC
blaADC-7,blaADC-7,blaADC
blaADC-75,blaADC-75,blaADC
blaADC-77,blaADC-77,blaADC
blaAER-1,blaAER-1,blaAER
blaAIM-1,blaAIM-1,blaAIM
blaAST-1,blaAST-1,blaAST
blaB-11,blaB-11,blaB
blaB-12,blaB-12,blaB
blaB-13,blaB-13,blaB
blaB-2,blaB-2,blaB
blaB-3,blaB-3,blaB
blaB-5,blaB-5,blaB
blaBEL-1,blaBEL-1,blaBEL
blaBEL-2,blaBEL-2,blaBEL
blaBEL-3,blaBEL-3,blaBEL
blaBIC-1,blaBIC-1,blaBIC
blaBKC-1,blaBKC-1,blaBKC
blaCARB-1,blaCARB-1,blaPSE
blaCARB-10,blaCARB-10,blaRTG
blaCARB-11,blaCARB-11,blaPSE
blaCARB-12,blaCARB-12,blaPSE
blaCARB-14,blaCARB-14,blaRTG
blaCARB-19,blaCARB-19,blaCARB
blaCARB-3,blaCARB-3,blaPSE
blaCARB-5,blaCARB-5,blaRTG
blaCARB-6,blaCARB-6,blaPSE
blaCARB-8,blaCARB-8,blaRTG
blaCAU-1,blaCAU-1,blaCAU
blaCIA-2,blaCIA-2,blaCIA
blaCIA-3,blaCIA-3,blaCIA
blaCKO-1,blaCKO-1,blaCKO
blaCME-2,blaCME-2,blaCME
blaCMH-1,blaCMH-1,blaCMH
blaCMH-2,blaCMH-2,blaCMH
blaCMY-100,blaCMY-100,blaCMY
blaCMY-102,blaCMY-102,blaCMY
blaCMY-103,blaCMY-103,blaCMY
blaCMY-104,blaCMY-104,blaCMY
blaCMY-105,blaCMY-105,blaCMY
blaCMY-106,blaCMY-106,blaCMY
blaCMY-108,blaCMY-108,blaCMY
blaCMY-110,blaCMY-110,blaCMY
blaCMY-111,blaCMY-111,blaCMY
blaCMY-112,blaCMY-112,blaCMY
blaCMY-113,blaCMY-113,blaCMY
blaCMY-114,blaCMY-114,blaCMY
blaCMY-115,blaCMY-115,blaCMY
blaCMY-116,blaCMY-116,blaCMY
blaCMY-117,blaCMY-117,blaCMY
blaCMY-118,blaCMY-118,blaCMY
blaCMY-119,blaCMY-119,blaCMY
blaCMY-12,blaCMY-12,blaCMY
blaCMY-121,blaCMY-121,blaCMY
blaCMY-122,blaCMY-122,blaCMY
blaCMY-124,blaCMY-124,blaCMY
blaCMY-125,blaCMY-125,blaCMY
blaCMY-127,blaCMY-127,blaCMY
blaCMY-128,blaCMY-128,blaCMY
blaCMY-129,blaCMY-129,blaCMY
blaCMY-130,blaCMY-130,blaCMY
blaCMY-131,blaCMY-131,blaCMY
blaCMY-132,blaCMY-132,blaCMY
blaCMY-133,blaCMY-133,blaCMY
blaCMY-134,blaCMY-134,blaCMY
blaCMY-135,blaCMY-135,blaCMY
blaCMY-138,blaCMY-138,blaCMY
blaCMY-139,blaCMY-139,blaCMY
blaCMY-14,blaCMY-14,blaCMY
blaCMY-15,blaCMY-15,blaCMY
blaCMY-17,blaCMY-17,blaCMY
blaCMY-18,blaCMY-18,blaCMY
blaCMY-19,blaCMY-19,blaMOX
blaCMY-20,blaCMY-20,blaCMY
blaCMY-21,blaCMY-21,blaCMY
blaCMY-22,blaCMY-22,blaCMY
blaCMY-26,blaCMY-26,blaCMY
blaCMY-27,blaCMY-27,blaCMY
blaCMY-28,blaCMY-28,blaCMY
blaCMY-29,blaCMY-29,blaCMY
blaCMY-32,blaCMY-32,blaCMY
blaCMY-33,blaCMY-33,blaCMY
blaCMY-34,blaCMY-34,blaCMY
blaCMY-35,blaCMY-35,blaCMY
blaCMY-37,blaCMY-37,blaCMY
blaCMY-39,blaCMY-39,blaCMY
blaCMY-40,blaCMY-40,blaCMY
blaCMY-43,blaCMY-43,blaCMY
blaCMY-44,blaCMY-44,blaCMY
blaCMY-45,blaCMY-45,blaCMY
blaCMY-46,blaCMY-46,blaCMY
blaCMY-47,blaCMY-47,blaCMY
blaCMY-50,blaCMY-50,blaCMY
blaCMY-51,blaCMY-51,blaCMY
blaCMY-54,blaCMY-54,blaCMY
blaCMY-55,blaCMY-55,blaCMY
blaCMY-56,blaCMY-56,blaCMY
blaCMY-57,blaCMY-57,blaCMY
blaCMY-59,blaCMY-59,blaCMY
blaCMY-60,blaCMY-60,blaCMY
blaCMY-61,blaCMY-61,blaCMY
blaCMY-62,blaCMY-62,blaCMY
blaCMY-63,blaCMY-63,blaCMY
blaCMY-64,blaCMY-64,blaCMY
blaCMY-66,blaCMY-66,blaCMY
blaCMY-67,blaCMY-67,blaCMY
blaCMY-68,blaCMY-68,blaCMY
blaCMY-69,blaCMY-69,blaCMY
blaCMY-71,blaCMY-71,blaCMY
blaCMY-73,blaCMY-73,blaCMY
blaCMY-74,blaCMY-74,blaCMY
blaCMY-75,blaCMY-75,blaCMY
blaCMY-76,blaCMY-76,blaCMY
blaCMY-77,blaCMY-77,blaCMY
blaCMY-78,blaCMY-78,blaCMY
blaCMY-79,blaCMY-79,blaCMY
blaCMY-80,blaCMY-80,blaCMY
blaCMY-81,blaCMY-81,blaCMY
blaCMY-82,blaCMY-82,blaCMY
blaCMY-83,blaCMY-83,blaCMY
blaCMY-85,blaCMY-85,blaCMY
blaCMY-87,blaCMY-87,blaCMY
blaCMY-89,blaCMY-89,blaCMY
blaCMY-8b,blaCMY-8b,blaMOX
blaCMY-90,blaCMY-90,blaCMY
blaCMY-93,blaCMY-93,blaCMY
blaCMY-94,blaCMY-94,blaCMY
blaCMY-95,blaCMY-95,blaCMY
blaCMY-96,blaCMY-96,blaCMY
blaCMY-97,blaCMY-97,blaCMY
blaCMY-99,blaCMY-99,blaCMY
blaCSP-1,blaCSP-1,blaCSP
blaCTX-M-101,blaCTX-M-101,blaCTX-M
blaCTX-M-102,blaCTX-M-102,blaCTX-M
blaCTX-M-103,blaCTX-M-103,blaCTX-M
blaCTX-M-110,blaCTX-M-110,blaCTX-M
blaCTX-M-111,blaCTX-M-111,blaCTX-M
blaCTX-M-112,blaCTX-M-112,blaCTX-M
blaCTX-M-113,blaCTX-M-113,blaCTX-M
blaCTX-M-114,blaCTX-M-114,blaCTX-M
blaCTX-M-122,blaCTX-M-122,blaCTX-M
blaCTX-M-124,blaCTX-M-124,blaCTX-M
blaCTX-M-125,blaCTX-M-125,blaCTX-M
blaCTX-M-126,blaCTX-M-126,blaCTX-M
blaCTX-M-129,blaCTX-M-129,blaCTX-M
blaCTX-M-130,blaCTX-M-130,blaCTX-M
blaCTX-M-131,blaCTX-M-131,blaCTX-M
blaCTX-M-132,blaCTX-M-132,blaCTX-M
blaCTX-M-134,blaCTX-M-134,blaCTX-M
blaCTX-M-136,blaCTX-M-136,blaCTX-M
blaCTX-M-137,blaCTX-M-137,blaCTX-M
blaCTX-M-139,blaCTX-M-139,blaCTX-M
blaCTX-M-141,blaCTX-M-141,blaCTX-M
blaCTX-M-142,blaCTX-M-142,blaCTX-M
blaCTX-M-147,blaCTX-M-147,blaCTX-M
blaCTX-M-150,blaCTX-M-150,blaCTX-M
blaCTX-M-151,blaCTX-M-151,blaCTX-M
blaCTX-M-155,blaCTX-M-155,blaCTX-M
blaCTX-M-156,blaCTX-M-156,blaCTX-M
blaCTX-M-157,blaCTX-M-157,blaCTX-M
blaCTX-M-158,blaCTX-M-158,blaCTX-M
blaCTX-M-159,blaCTX-M-159,blaCTX-M
blaCTX-M-16,blaCTX-M-16,blaCTX-M
blaCTX-M-160,blaCTX-M-160,blaCTX-M
blaCTX-M-161,blaCTX-M-161,blaCTX-M
blaCTX-M-162,blaCTX-M-162,blaCTX-M
blaCTX-M-163,blaCTX-M-163,blaCTX-M
blaCTX-M-164,blaCTX-M-164,blaCTX-M
blaCTX-M-166,blaCTX-M-166,blaCTX-M
blaCTX-M-167,blaCTX-M-167,blaCTX-M
blaCTX-M-168,blaCTX-M-168,blaCTX-M
blaCTX-M-169,blaCTX-M-169,blaCTX-M
blaCTX-M-170,blaCTX-M-170,blaCTX-M
blaCTX-M-172,blaCTX-M-172,blaCTX-M
blaCTX-M-173,blaCTX-M-173,blaCTX-M
blaCTX-M-174,blaCTX-M-174,blaCTX-M
blaCTX-M-175,blaCTX-M-175,blaCTX-M
blaCTX-M-176,blaCTX-M-176,blaCTX-M
blaCTX-M-177,blaCTX-M-177,blaCTX-M
blaCTX-M-179,blaCTX-M-179,blaCTX-M
blaCTX-M-180,blaCTX-M-180,blaCTX-M
blaCTX-M-181,blaCTX-M-181,blaCTX-M
blaCTX-M-182,blaCTX-M-182,blaCTX-M
blaCTX-M-19,blaCTX-M-19,blaCTX-M
blaCTX-M-20,blaCTX-M-20,blaCTX-M
blaCTX-M-21,blaCTX-M-21,blaCTX-M
blaCTX-M-23,blaCTX-M-23,blaCTX-M
blaCTX-M-26,blaCTX-M-26,blaCTX-M
blaCTX-M-28,blaCTX-M-28,blaCTX-M
blaCTX-M-29,blaCTX-M-29,blaCTX-M
blaCTX-M-31,blaCTX-M-31,blaCTX-M
blaCTX-M-34,blaCTX-M-34,blaCTX-M
blaCTX-M-35,blaCTX-M-35,blaCTX-M
blaCTX-M-36,blaCTX-M-36,blaCTX-M
blaCTX-M-37,blaCTX-M-37,blaCTX-M
blaCTX-M-38,blaCTX-M-38,blaCTX-M
blaCTX-M-40,blaCTX-M-40,blaCTX-M
blaCTX-M-41,blaCTX-M-41,blaCTX-M
blaCTX-M-42,blaCTX-M-42,blaCTX-M
blaCTX-M-43,blaCTX-M-43,blaCTX-M
blaCTX-M-44,blaCTX-M-44,blaCTX-M
blaCTX-M-46,blaCTX-M-46,blaCTX-M
blaCTX-M-47,blaCTX-M-47,blaCTX-M
blaCTX-M-48,blaCTX-M-48,blaCTX-M
blaCTX-M-49,blaCTX-M-49,blaCTX-M
blaCTX-M-50,blaCTX-M-50,blaCTX-M
blaCTX-M-51,blaCTX-M-51,blaCTX-M
blaCTX-M-52,blaCTX-M-52,blaCTX-M
blaCTX-M-54,blaCTX-M-54,blaCTX-M
blaCTX-M-56,blaCTX-M-56,blaCTX-M
blaCTX-M-58,blaCTX-M-58,blaCTX-M
blaCTX-M-59,blaCTX-M-59,blaCTX-M
blaCTX-M-60,blaCTX-M-60,blaCTX-M
blaCTX-M-61,blaCTX-M-61,blaCTX-M
blaCTX-M-63,blaCTX-M-63,blaCTX-M
blaCTX-M-68,blaCTX-M-68,blaCTX-M
blaCTX-M-69,blaCTX-M-69,blaCTX-M
blaCTX-M-70,blaCTX-M-70,blaCTX-M
blaCTX-M-73,blaCTX-M-73,blaCTX-M
blaCTX-M-74,blaCTX-M-74,blaCTX-M
blaCTX-M-75,blaCTX-M-75,blaCTX-M
blaCTX-M-76,blaCTX-M-76,blaCTX-M
blaCTX-M-77,blaCTX-M-77,blaCTX-M
blaCTX-M-78,blaCTX-M-78,blaCTX-M
blaCTX-M-79,blaCTX-M-79,blaCTX-M
blaCTX-M-80,blaCTX-M-80,blaCTX-M
blaCTX-M-81,blaCTX-M-81,blaCTX-M
blaCTX-M-82,blaCTX-M-82,blaCTX-M
blaCTX-M-83,blaCTX-M-83,blaCTX-M
blaCTX-M-84,blaCTX-M-84,blaCTX-M
blaCTX-M-85,blaCTX-M-85,blaCTX-M
blaCTX-M-86,blaCTX-M-86,blaCTX-M
blaCTX-M-88,blaCTX-M-88,blaCTX-M
blaCTX-M-89,blaCTX-M-89,blaCTX-M
blaCTX-M-90,blaCTX-M-90,blaCTX-M
blaCTX-M-91,blaCTX-M-91,blaCTX-M
blaCTX-M-92,blaCTX-M-92,blaCTX-M
blaCTX-M-94,blaCTX-M-94,blaCTX-M
blaCTX-M-95,blaCTX-M-95,blaCTX-M
blaCTX-M-97,blaCTX-M-97,blaCTX-M
blaCTX-M-99,blaCTX-M-99,blaCTX-M
blaDES-1,blaDES-1,blaDES
blaDHA-10,blaDHA-10,blaDHA
blaDHA-14,blaDHA-14,blaDHA
blaDHA-15,blaDHA-15,blaDHA
blaDHA-16,blaDHA-16,blaDHA
blaDHA-17,blaDHA-17,blaDHA
blaDHA-18,blaDHA-18,blaDHA
blaDHA-19,blaDHA-19,blaDHA
blaDHA-2,blaDHA-2,blaDHA
blaDHA-20,blaDHA-20,blaDHA
blaDHA-21,blaDHA-21,blaDHA
blaDHA-23,blaDHA-23,blaDHA
blaDHA-24,blaDHA-24,blaDHA
blaDHA-5,blaDHA-5,blaDHA
blaDHA-6,blaDHA-6,blaDHA
blaDIM-1,blaDIM-1,blaDIM
blaEBR-1,blaEBR-1,blaEBR
blaEC-13,blaEC-13,blaEC
blaEC-14,blaEC-14,blaEC
blaEC-16,blaEC-16,blaEC
blaEC-18,blaEC-18,blaEC
blaEC-19,blaEC-19,blaEC
blaESP-1,blaESP-1,blaESP
blaFONA-2,blaFONA-2,blaFONA
blaFONA-3,blaFONA-3,blaFONA
blaFONA-4,blaFONA-4,blaFONA
blaFONA-5,blaFONA-5,blaFONA
blaFONA-6,blaFONA-6,blaFONA
blaFOX-1,blaFOX-1,blaFOX
blaFOX-12,blaFOX-12,blaFOX
blaFOX-13,blaFOX-13,blaFOX
blaFOX-9,blaFOX-9,blaFOX
blaFRI-1,blaFRI-1,blaFRI
blaGES-10,blaGES-10,blaGES
blaGES-12,blaGES-12,blaGES
blaGES-13,blaGES-13,blaGES
blaGES-14,blaGES-14,blaGES
blaGES-15,blaGES-15,blaGES
blaGES-16,blaGES-16,blaGES
blaGES-17,blaGES-17,blaGES
blaGES-18,blaGES-18,blaGES
blaGES-21,blaGES-21,blaGES
blaGES-22,blaGES-22,blaGES
blaGES-23,blaGES-23,blaGES
blaGES-25,blaGES-25,blaGES
blaGES-26,blaGES-26,blaGES
blaGES-27,blaGES-27,blaGES
blaGES-28,blaGES-28,blaGES
blaGES-29,blaGES-29,blaGES
blaGES-3,blaGES-3,blaGES
blaGES-30,blaGES-30,blaGES
blaGES-31,blaGES-31,blaGES
blaGES-4,blaGES-4,blaGES
blaGES-8,blaGES-8,blaGES
blaGES-9,blaGES-9,blaGES
blaGIL-1,blaGIL-1,blaGIL
blaGIM-2,blaGIM-2,blaGIM
blaGOB-1,blaGOB-1,blaGOB
blaGOB-10,blaGOB-10,blaGOB
blaGOB-11,blaGOB-11,blaGOB
blaGOB-12,blaGOB-12,blaGOB
blaGOB-14,blaGOB-14,blaGOB
blaGOB-15,blaGOB-15,blaGOB
blaGOB-16,blaGOB-16,blaGOB
blaGOB-17,blaGOB-17,blaGOB
blaGOB-18,blaGOB-18,blaGOB
blaGOB-8,blaGOB-8,blaGOB
blaGOB-9,blaGOB-9,blaGOB
blaHER-2,blaHER-2,blaHER
blaHER-4,blaHER-4,blaHER
blaHER-5,blaHER-5,blaHER
blaHER-6,blaHER-6,blaHER
blaHER-8,blaHER-8,blaHER
blaIMI-3,blaIMI-3,blaIMI
blaIMI-4,blaIMI-4,blaIMI
blaIMI-6,blaIMI-6,blaIMI
blaIMI-7,blaIMI-7,blaIMI
blaIMI-8,blaIMI-8,blaIMI
blaIMP-11,blaIMP-11,blaIMP
blaIMP-12,blaIMP-12,blaIMP
blaIMP-15,blaIMP-15,blaIMP
blaIMP-16,blaIMP-16,blaIMP
blaIMP-17,blaIMP-17,blaIMP
blaIMP-2,blaIMP-2,blaIMP
blaIMP-20,blaIMP-20,blaIMP
blaIMP-21,blaIMP-21,blaIMP
blaIMP-22,blaIMP-22,blaIMP
blaIMP-23,blaIMP-23,blaIMP
blaIMP-24,blaIMP-24,blaIMP
blaIMP-25,blaIMP-25,blaIMP
blaIMP-27,blaIMP-27,blaIMP
blaIMP-28,blaIMP-28,blaIMP
blaIMP-29,blaIMP-29,blaIMP
blaIMP-3,blaIMP-3,blaIMP
blaIMP-30,blaIMP-30,blaIMP
blaIMP-32,blaIMP-32,blaIMP
blaIMP-33,blaIMP-33,blaIMP
blaIMP-35,blaIMP-35,blaIMP
blaIMP-37,blaIMP-37,blaIMP
blaIMP-38,blaIMP-38,blaIMP
blaIMP-40,blaIMP-40,blaIMP
blaIMP-41,blaIMP-41,blaIMP
blaIMP-42,blaIMP-42,blaIMP
blaIMP-43,blaIMP-43,blaIMP
blaIMP-44,blaIMP-44,blaIMP
blaIMP-45,blaIMP-45,blaIMP
blaIMP-48,blaIMP-48,blaIMP
blaIMP-49,blaIMP-49,blaIMP
blaIMP-5,blaIMP-5,blaIMP
blaIMP-51,blaIMP-51,blaIMP
blaIMP-52,blaIMP-52,blaIMP
blaIMP-53,blaIMP-53,blaIMP
blaIMP-54,blaIMP-54,blaIMP
blaIMP-55,blaIMP-55,blaIMP
blaIMP-56,blaIMP-56,blaIMP
blaIMP-58,blaIMP-58,blaIMP
blaIMP-7,blaIMP-7,blaIMP
blaIND-1,blaIND-1,blaIND
blaIND-10,blaIND-10,blaIND
blaIND-11,blaIND-11,blaIND
blaIND-12,blaIND-12,blaIND
blaIND-14,blaIND-14,blaIND
blaIND-2a,blaIND-2a,blaIND
blaIND-3,blaIND-3,blaIND
blaIND-4,blaIND-4,blaIND
blaIND-5,blaIND-5,blaIND
blaIND-6,blaIND-6,blaIND
blaIND-7,blaIND-7,blaIND
blaIND-8,blaIND-8,blaIND
blaIND-9,blaIND-9,blaIND
blaKPC-10,blaKPC-10,blaKPC
blaKPC-12,blaKPC-12,blaKPC
blaKPC-13,blaKPC-13,blaKPC
blaKPC-14,blaKPC-14,blaKPC
blaKPC-15,blaKPC-15,blaKPC
blaKPC-16,blaKPC-16,blaKPC
blaKPC-17,blaKPC-17,blaKPC
blaKPC-18,blaKPC-18,blaKPC
blaKPC-19,blaKPC-19,blaKPC
blaKPC-21,blaKPC-21,blaKPC
blaKPC-22,blaKPC-22,blaKPC
blaKPC-24,blaKPC-24,blaKPC
blaKPC-8,blaKPC-8,blaKPC
blaLAT-1,blaLAT-1,blaLAT
blaLEN-1,blaLEN-1,blaLEN
blaLEN-15,blaLEN-15,blaLEN
blaLEN-18,blaLEN-18,blaLEN
blaLEN-19,blaLEN-19,blaLEN
blaLEN-20,blaLEN-20,blaLEN
blaLEN-21,blaLEN-21,blaLEN
blaLEN-23,blaLEN-23,blaLEN
blaLEN-24,blaLEN-24,blaLEN
blaLEN-5,blaLEN-5,blaLEN
blaLRG-1,blaLRG-1,blaLRG
blaLUT-2,blaLUT-2,blaLUT
blaLUT-3,blaLUT-3,blaLUT
blaLUT-4,blaLUT-4,blaLUT
blaLUT-5,blaLUT-5,blaLUT
blaLUT-6,blaLUT-6,blaLUT
blaMAL-1,blaMAL-1,blaCKO
blaMAL-2,blaMAL-2,blaCKO
blaMBL1b,blaMBL1b,blaCAU
blaMIR-12,blaMIR-12,blaMIR
blaMIR-13,blaMIR-13,blaMIR
blaMIR-14,blaMIR-14,blaACT
blaMIR-18,blaMIR-18,blaMIR
blaMIR-2,blaMIR-2,blaMIR
blaMIR-6,blaMIR-6,blaMIR
blaMOR-2,blaMOR-2,blaDHA
blaMOX-10,blaMOX-10,blaMOX
blaMOX-11,blaMOX-11,blaMOX
blaMOX-2,blaMOX-2,blaMOX
blaMOX-3,blaMOX-3,blaMOX
blaMOX-4,blaMOX-4,blaMOX
blaMOX-5,blaMOX-5,blaMOX
blaMOX-6,blaMOX-6,blaMOX
blaMOX-7,blaMOX-7,blaMOX
blaMUS-2,blaMUS-2,blaMUS
blaNDM-10,blaNDM-10,blaNDM
blaNDM-11,blaNDM-11,blaNDM
blaNDM-12,blaNDM-12,blaNDM
blaNDM-13,blaNDM-13,blaNDM
blaNDM-14,blaNDM-14,blaNDM
blaNDM-15,blaNDM-15,blaNDM
blaNDM-16a,blaNDM-16a,blaNDM
blaNDM-2,blaNDM-2,blaNDM
blaNDM-4,blaNDM-4,blaNDM
blaOCH-2,blaOCH-2,blaOCH
blaOCH-3,blaOCH-3,blaOCH
blaOCH-4,blaOCH-4,blaOCH
blaOCH-5,blaOCH-5,blaOCH
blaOCH-6,blaOCH-6,blaOCH
blaOCH-8,blaOCH-8,blaOCH
blaOHIO-1,blaOHIO-1,blaOHIO
blaOKP-A-1,blaOKP-A-1,blaOKP-A
blaOKP-A-10,blaOKP-A-10,blaOKP-A
blaOKP-A-11,blaOKP-A-11,blaOKP-A
blaOKP-A-12,blaOKP-A-12,blaOKP-A
blaOKP-A-13,blaOKP-A-13,blaOKP-A
blaOKP-A-14,blaOKP-A-14,blaOKP-A
blaOKP-A-15,blaOKP-A-15,blaOKP-A
blaOKP-A-16,blaOKP-A-16,blaOKP-A
blaOKP-A-4,blaOKP-A-4,blaOKP-A
blaOKP-A-5,blaOKP-A-5,blaOKP-A
blaOKP-A-7,blaOKP-A-7,blaOKP-A
blaOKP-A-9,blaOKP-A-9,blaOKP-A
blaOKP-B-10,blaOKP-B-10,blaOKP-B
blaOKP-B-11,blaOKP-B-11,blaOKP-B
blaOKP-B-13,blaOKP-B-13,blaOKP-B
blaOKP-B-17,blaOKP-B-17,blaOKP-B
blaOKP-B-18,blaOKP-B-18,blaOKP-B
blaOKP-B-19,blaOKP-B-19,blaOKP-B
blaOKP-B-2,blaOKP-B-2,blaOKP-B
blaOKP-B-20,blaOKP-B-20,blaOKP-B
blaOKP-B-3,blaOKP-B-3,blaOKP-B
blaOKP-B-4,blaOKP-B-4,blaOKP-B
blaOKP-B-5,blaOKP-B-5,blaOKP-B
blaOKP-B-9,blaOKP-B-9,blaOKP-B
blaORN-2,blaORN-2,blaORN
blaORN-3,blaORN-3,blaORN
blaORN-4,blaORN-4,blaORN
blaORN-5,blaORN-5,blaORN
blaORN-6,blaORN-6,blaORN
blaOXA-101,blaOXA-101,blaOXA
blaOXA-108,blaOXA-108,blaOXA
blaOXA-11,blaOXA-11,blaOXA
blaOXA-110,blaOXA-110,blaOXA
blaOXA-112,blaOXA-112,blaOXA
blaOXA-114d,blaOXA-114d,blaOXA
blaOXA-114g,blaOXA-114g,blaOXA
blaOXA-115,blaOXA-115,blaOXA
blaOXA-118,blaOXA-118,blaOXA
blaOXA-12,blaOXA-12,blaOXA
blaOXA-122,blaOXA-122,blaOXA
blaOXA-123,blaOXA-123,blaOXA
blaOXA-124,blaOXA-124,blaOXA
blaOXA-125,blaOXA-125,blaOXA
blaOXA-127,blaOXA-127,blaOXA
blaOXA-13,blaOXA-13,blaOXA
blaOXA-130,blaOXA-130,blaOXA
blaOXA-131,blaOXA-131,blaOXA
blaOXA-133,blaOXA-133,blaOXA
blaOXA-138,blaOXA-138,blaOXA
blaOXA-139,blaOXA-139,blaOXA
blaOXA-142,blaOXA-142,blaOXA
blaOXA-143,blaOXA-143,blaOXA
blaOXA-145,blaOXA-145,blaOXA
blaOXA-146,blaOXA-146,blaOXA
blaOXA-147,blaOXA-147,blaOXA
blaOXA-148,blaOXA-148,blaOXA
blaOXA-149,blaOXA-149,blaOXA
blaOXA-15,blaOXA-15,blaOXA
blaOXA-150,blaOXA-150,blaOXA
blaOXA-152,blaOXA-152,blaOXA
blaOXA-154,blaOXA-154,blaOXA
blaOXA-155,blaOXA-155,blaOXA
blaOXA-158,blaOXA-158,blaOXA
blaOXA-159,blaOXA-159,blaOXA
blaOXA-160,blaOXA-160,blaOXA
blaOXA-161,blaOXA-161,blaOXA
blaOXA-164,blaOXA-164,blaOXA
blaOXA-165,blaOXA-165,blaOXA
blaOXA-166,blaOXA-166,blaOXA
blaOXA-167,blaOXA-167,blaOXA
blaOXA-168,blaOXA-168,blaOXA
blaOXA-169,blaOXA-169,blaOXA
blaOXA-170,blaOXA-170,blaOXA
blaOXA-171,blaOXA-171,blaOXA
blaOXA-173,blaOXA-173,blaOXA
blaOXA-174,blaOXA-174,blaOXA
blaOXA-175,blaOXA-175,blaOXA
blaOXA-176,blaOXA-176,blaOXA
blaOXA-177,blaOXA-177,blaOXA
blaOXA-178,blaOXA-178,blaOXA
blaOXA-179,blaOXA-179,blaOXA
blaOXA-182,blaOXA-182,blaOXA
blaOXA-183,blaOXA-183,blaOXA
blaOXA-185,blaOXA-185,blaOXA
blaOXA-19,blaOXA-19,blaOXA
blaOXA-192,blaOXA-192,blaOXA
blaOXA-194,blaOXA-194,blaOXA
blaOXA-195,blaOXA-195,blaOXA
blaOXA-196,blaOXA-196,blaOXA
blaOXA-197,blaOXA-197,blaOXA
blaOXA-199,blaOXA-199,blaOXA
blaOXA-200,blaOXA-200,blaOXA
blaOXA-201,blaOXA-201,blaOXA
blaOXA-202,blaOXA-202,blaOXA
blaOXA-203,blaOXA-203,blaOXA
blaOXA-205,blaOXA-205,blaOXA
blaOXA-206,blaOXA-206,blaOXA
blaOXA-210,blaOXA-210,blaOXA
blaOXA-211,blaOXA-211,blaOXA
blaOXA-212,blaOXA-212,blaOXA
blaOXA-215,blaOXA-215,blaOXA
blaOXA-216,blaOXA-216,blaOXA
blaOXA-219,blaOXA-219,blaOXA
blaOXA-22,blaOXA-22,blaOXA
blaOXA-224,blaOXA-224,blaOXA
blaOXA-225,blaOXA-225,blaOXA
blaOXA-226,blaOXA-226,blaOXA
blaOXA-228,blaOXA-228,blaOXA
blaOXA-229,blaOXA-229,blaOXA
blaOXA-230,blaOXA-230,blaOXA
blaOXA-231,blaOXA-231,blaOXA
blaOXA-233,blaOXA-233,blaOXA
blaOXA-236,blaOXA-236,blaOXA
blaOXA-239,blaOXA-239,blaOXA
blaOXA-240,blaOXA-240,blaOXA
blaOXA-246,blaOXA-246,blaOXA
blaOXA-248,blaOXA-248,blaOXA
blaOXA-249,blaOXA-249,blaOXA
blaOXA-25,blaOXA-25,blaOXA
blaOXA-250,blaOXA-250,blaOXA
blaOXA-251,blaOXA-251,blaOXA
blaOXA-255,blaOXA-255,blaOXA
blaOXA-257,blaOXA-257,blaOXA
blaOXA-26,blaOXA-26,blaOXA
blaOXA-27,blaOXA-27,blaOXA
blaOXA-3,blaOXA-3,blaOXA
blaOXA-309,blaOXA-309,blaOXA
blaOXA-313,blaOXA-313,blaOXA
blaOXA-315,blaOXA-315,blaOXA
blaOXA-316,blaOXA-316,blaOXA
blaOXA-32,blaOXA-32,blaOXA
blaOXA-320,blaOXA-320,blaOXA
blaOXA-322,blaOXA-322,blaOXA
blaOXA-323,blaOXA-323,blaOXA
blaOXA-324,blaOXA-324,blaOXA
blaOXA-325,blaOXA-325,blaOXA
blaOXA-326,blaOXA-326,blaOXA
blaOXA-327,blaOXA-327,blaOXA
blaOXA-328,blaOXA-328,blaOXA
blaOXA-329,blaOXA-329,blaOXA
blaOXA-330,blaOXA-330,blaOXA
blaOXA-331,blaOXA-331,blaOXA
blaOXA-332,blaOXA-332,blaOXA
blaOXA-333,blaOXA-333,blaOXA
blaOXA-334,blaOXA-334,blaOXA
blaOXA-335,blaOXA-335,blaOXA
blaOXA-336,blaOXA-336,blaOXA
blaOXA-338,blaOXA-338,blaOXA
blaOXA-339,blaOXA-339,blaOXA
blaOXA-341,blaOXA-341,blaOXA
blaOXA-342,blaOXA-342,blaOXA
blaOXA-343,blaOXA-343,blaOXA
blaOXA-344,blaOXA-344,blaOXA
blaOXA-345,blaOXA-345,blaOXA
blaOXA-346,blaOXA-346,blaOXA
blaOXA-348,blaOXA-348,blaOXA
blaOXA-349,blaOXA-349,blaOXA
blaOXA-35,blaOXA-35,blaOXA
blaOXA-350,blaOXA-350,blaOXA
blaOXA-351,blaOXA-351,blaOXA
blaOXA-352,blaOXA-352,blaOXA
blaOXA-353,blaOXA-353,blaOXA
blaOXA-354,blaOXA-354,blaOXA
blaOXA-355,blaOXA-355,blaOXA
blaOXA-356,blaOXA-356,blaOXA
blaOXA-357,blaOXA-357,blaOXA
blaOXA-358,blaOXA-358,blaOXA
blaOXA-359,blaOXA-359,blaOXA
blaOXA-361,blaOXA-361,blaOXA
blaOXA-362,blaOXA-362,blaOXA
blaOXA-363,blaOXA-363,blaOXA
blaOXA-364,blaOXA-364,blaOXA
blaOXA-365,blaOXA-365,blaOXA
blaOXA-366,blaOXA-366,blaOXA
blaOXA-37,blaOXA-37,blaOXA
blaOXA-371,blaOXA-371,blaOXA
blaOXA-372,blaOXA-372,blaOXA
blaOXA-373,blaOXA-373,blaOXA
blaOXA-375,blaOXA-375,blaOXA
blaOXA-376,blaOXA-376,blaOXA
blaOXA-377,blaOXA-377,blaOXA
blaOXA-379,blaOXA-379,blaOXA
blaOXA-380,blaOXA-380,blaOXA
blaOXA-381,blaOXA-381,blaOXA
blaOXA-382,blaOXA-382,blaOXA
blaOXA-384,blaOXA-384,blaOXA
blaOXA-385,blaOXA-385,blaOXA
blaOXA-386,blaOXA-386,blaOXA
blaOXA-387,blaOXA-387,blaOXA
blaOXA-388,blaOXA-388,blaOXA
blaOXA-389,blaOXA-389,blaOXA
blaOXA-390,blaOXA-390,blaOXA
blaOXA-391,blaOXA-391,blaOXA
blaOXA-397,blaOXA-397,blaOXA
blaOXA-398,blaOXA-398,blaOXA
blaOXA-400,blaOXA-400,blaOXA
blaOXA-401,blaOXA-401,blaOXA
blaOXA-403,blaOXA-403,blaOXA
blaOXA-404,blaOXA-404,blaOXA
blaOXA-405,blaOXA-405,blaOXA
blaOXA-406,blaOXA-406,blaOXA
blaOXA-408,blaOXA-408,blaOXA
blaOXA-409,blaOXA-409,blaOXA
blaOXA-411,blaOXA-411,blaOXA
blaOXA-412,blaOXA-412,blaOXA
blaOXA-413,blaOXA-413,blaOXA
blaOXA-414,blaOXA-414,blaOXA
blaOXA-416,blaOXA-416,blaOXA
blaOXA-418,blaOXA-418,blaOXA
blaOXA-42,blaOXA-42,blaOXA
blaOXA-420,blaOXA-420,blaOXA
blaOXA-422,blaOXA-422,blaOXA
blaOXA-423,blaOXA-423,blaOXA
blaOXA-429,blaOXA-429,blaOXA
blaOXA-43,blaOXA-43,blaOXA
blaOXA-430,blaOXA-430,blaOXA
blaOXA-431,blaOXA-431,blaOXA
blaOXA-432,blaOXA-432,blaOXA
blaOXA-433,blaOXA-433,blaOXA
blaOXA-435,blaOXA-435,blaOXA
blaOXA-437,blaOXA-437,blaOXA
blaOXA-438,blaOXA-438,blaOXA
blaOXA-439,blaOXA-439,blaOXA
blaOXA-440,blaOXA-440,blaOXA
blaOXA-442,blaOXA-442,blaOXA
blaOXA-446,blaOXA-446,blaOXA
blaOXA-448,blaOXA-448,blaOXA
blaOXA-454,blaOXA-454,blaOXA
blaOXA-457,blaOXA-457,blaOXA
blaOXA-458,blaOXA-458,blaOXA
blaOXA-459,blaOXA-459,blaOXA
blaOXA-46,blaOXA-46,blaOXA
blaOXA-466,blaOXA-466,blaOXA
blaOXA-47,blaOXA-47,blaOXA
blaOXA-470,blaOXA-470,blaOXA
blaOXA-471,blaOXA-471,blaOXA
blaOXA-472,blaOXA-472,blaOXA
blaOXA-473,blaOXA-473,blaOXA
blaOXA-474,blaOXA-474,blaOXA
blaOXA-475,blaOXA-475,blaOXA
blaOXA-476,blaOXA-476,blaOXA
blaOXA-477,blaOXA-477,blaOXA
blaOXA-478,blaOXA-478,blaOXA
blaOXA-479,blaOXA-479,blaOXA
blaOXA-480,blaOXA-480,blaOXA
blaOXA-482,blaOXA-482,blaOXA
blaOXA-483,blaOXA-483,blaOXA
blaOXA-484,blaOXA-484,blaOXA
blaOXA-49,blaOXA-49,blaOXA
blaOXA-499,blaOXA-499,blaOXA
blaOXA-501,blaOXA-501,blaOXA
blaOXA-503,blaOXA-503,blaOXA
blaOXA-504,blaOXA-504,blaOXA
blaOXA-505,blaOXA-505,blaOXA
blaOXA-507,blaOXA-507,blaOXA
blaOXA-508,blaOXA-508,blaOXA
blaOXA-509,blaOXA-509,blaOXA
blaOXA-512,blaOXA-512,blaOXA
blaOXA-513,blaOXA-513,blaOXA
blaOXA-516,blaOXA-516,blaOXA
blaOXA-518,blaOXA-518,blaOXA
blaOXA-53,blaOXA-53,blaOXA
blaOXA-55,blaOXA-55,blaOXA
blaOXA-56,blaOXA-56,blaOXA
blaOXA-60,blaOXA-60,blaOXA
blaOXA-62,blaOXA-62,blaOXA
blaOXA-63,blaOXA-63,blaOXA
blaOXA-67,blaOXA-67,blaOXA
blaOXA-7,blaOXA-7,blaOXA
blaOXA-73,blaOXA-73,blaOXA
blaOXA-74,blaOXA-74,blaOXA
blaOXA-76,blaOXA-76,blaOXA
blaOXA-77,blaOXA-77,blaOXA
blaOXA-79,blaOXA-79,blaOXA
blaOXA-80,blaOXA-80,blaOXA
blaOXA-84,blaOXA-84,blaOXA
blaOXA-86,blaOXA-86,blaOXA
blaOXA-88,blaOXA-88,blaOXA
blaOXA-89,blaOXA-89,blaOXA
blaOXA-93,blaOXA-93,blaOXA
blaOXA-96,blaOXA-96,blaOXA
blaOXA-97,blaOXA-97,blaOXA
blaOXY-1-3,blaOXY-1-3,blaOXY
blaOXY-1-6,blaOXY-1-6,blaOXY
blaOXY-2-10,blaOXY-2-10,blaOXY
blaOXY-2-12,blaOXY-2-12,blaOXY
blaOXY-2-13,blaOXY-2-13,blaOXY
blaOXY-2-15,blaOXY-2-15,blaOXY
blaOXY-2-3,blaOXY-2-3,blaOXY
blaOXY-2-6,blaOXY-2-6,blaOXY
blaOXY-2-9,blaOXY-2-9,blaOXY
blaOXY-3-1,blaOXY-3-1,blaOXY
blaOXY-5-1,blaOXY-5-1,blaOXY
blaOXY-6-1,blaOXY-6-1,blaOXY
blaOXY-6-2,blaOXY-6-2,blaOXY
blaOXY-6-3,blaOXY-6-3,blaOXY
blaPDC-10,blaPDC-10,blaPDC
blaPDC-101,blaPDC-101,blaPDC
blaPDC-102,blaPDC-102,blaPDC
blaPDC-105,blaPDC-105,blaPDC
blaPDC-106,blaPDC-106,blaPDC
blaPDC-107,blaPDC-107,blaPDC
blaPDC-108,blaPDC-108,blaPDC
blaPDC-110,blaPDC-110,blaPDC
blaPDC-111,blaPDC-111,blaPDC
blaPDC-112,blaPDC-112,blaPDC
blaPDC-113,blaPDC-113,blaPDC
blaPDC-13,blaPDC-13,blaPDC
blaPDC-17,blaPDC-17,blaPDC
blaPDC-18,blaPDC-18,blaPDC
blaPDC-2,blaPDC-2,blaPDC
blaPDC-21a,blaPDC-21a,blaPDC
blaPDC-21b,blaPDC-21b,blaPDC
blaPDC-25,blaPDC-25,blaPDC
blaPDC-26,blaPDC-26,blaPDC
blaPDC-32,blaPDC-32,blaPDC
blaPDC-4,blaPDC-4,blaPDC
blaPDC-40,blaPDC-40,blaPDC
blaPDC-42,blaPDC-42,blaPDC
blaPDC-58,blaPDC-58,blaPDC
blaPDC-7,blaPDC-7,blaPDC
blaPDC-9,blaPDC-9,blaPDC
blaPDC-94,blaPDC-94,blaPDC
blaPDC-95,blaPDC-95,blaPDC
blaPDC-96,blaPDC-96,blaPDC
blaPDC-99,blaPDC-99,blaPDC
blaPEDO-1,blaPEDO-1,blaB3PEDO
blaPEDO-2,blaPEDO-2,blaB3PEDO
blaPEDO-3,blaPEDO-3,blaB1PEDO
blaPER-4,blaPER-4,blaPER
blaPER-5,blaPER-5,blaPER
blaPER-6,blaPER-6,blaPER
blaPER-8,blaPER-8,blaPER
blaPER-9,blaPER-9,blaPER
blaPLA-6,blaPLA-6,blaPLA
blaPME-1,blaPME-1,blaPME
blaRAHN-1,blaRAHN-1,blaRAHN
blaRAHN-2,blaRAHN-2,blaRAHN
blaSED-1,blaSED-1,blaSED
blaSHV-100,blaSHV-100,blaSHV
blaSHV-101,blaSHV-101,blaSHV
blaSHV-102,blaSHV-102,blaSHV
blaSHV-103,blaSHV-103,blaSHV
blaSHV-105,blaSHV-105,blaSHV
blaSHV-106,blaSHV-106,blaSHV
blaSHV-107,blaSHV-107,blaSHV
blaSHV-108,blaSHV-108,blaSHV
blaSHV-109,blaSHV-109,blaSHV
blaSHV-110,blaSHV-110,blaSHV
blaSHV-111,blaSHV-111,blaSHV
blaSHV-119,blaSHV-119,blaSHV
blaSHV-120,blaSHV-120,blaSHV
blaSHV-121,blaSHV-121,blaSHV
blaSHV-128,blaSHV-128,blaSHV
blaSHV-13,blaSHV-13,blaSHV
blaSHV-132,blaSHV-132,blaSHV
blaSHV-133,blaSHV-133,blaSHV
blaSHV-134,blaSHV-134,blaSHV
blaSHV-135,blaSHV-135,blaSHV
blaSHV-137,blaSHV-137,blaSHV
blaSHV-14,blaSHV-14,blaSHV
blaSHV-141,blaSHV-141,blaSHV
blaSHV-142,blaSHV-142,blaSHV
blaSHV-143,blaSHV-143,blaSHV
blaSHV-144,blaSHV-144,blaSHV
blaSHV-145,blaSHV-145,blaSHV
blaSHV-146,blaSHV-146,blaSHV
blaSHV-147,blaSHV-147,blaSHV
blaSHV-148,blaSHV-148,blaSHV
blaSHV-149,blaSHV-149,blaSHV
blaSHV-15,blaSHV-15,blaSHV
blaSHV-150,blaSHV-150,blaSHV
blaSHV-151,blaSHV-151,blaSHV
blaSHV-152,blaSHV-152,blaSHV
blaSHV-153,blaSHV-153,blaSHV
blaSHV-154,blaSHV-154,blaSHV
blaSHV-155,blaSHV-155,blaSHV
blaSHV-156,blaSHV-156,blaSHV
blaSHV-157,blaSHV-157,blaSHV
blaSHV-158,blaSHV-158,blaSHV
blaSHV-159,blaSHV-159,blaSHV
blaSHV-16,blaSHV-16,blaSHV
blaSHV-160,blaSHV-160,blaSHV
blaSHV-161,blaSHV-161,blaSHV
blaSHV-162,blaSHV-162,blaSHV
blaSHV-163,blaSHV-163,blaSHV
blaSHV-164,blaSHV-164,blaSHV
blaSHV-165,blaSHV-165,blaSHV
blaSHV-168,blaSHV-168,blaSHV
blaSHV-172,blaSHV-172,blaSHV
blaSHV-173,blaSHV-173,blaSHV
blaSHV-178,blaSHV-178,blaSHV
blaSHV-179,blaSHV-179,blaSHV
blaSHV-18,blaSHV-18,blaSHV
blaSHV-180,blaSHV-180,blaSHV
blaSHV-182,blaSHV-182,blaSHV
blaSHV-183,blaSHV-183,blaSHV
blaSHV-185,blaSHV-185,blaSHV
blaSHV-186,blaSHV-186,blaSHV
blaSHV-188,blaSHV-188,blaSHV
blaSHV-189,blaSHV-189,blaSHV
blaSHV-190,blaSHV-190,blaSHV
blaSHV-191,blaSHV-191,blaSHV
blaSHV-193,blaSHV-193,blaSHV
blaSHV-1b-b,blaSHV-1b-b,blaSHV
blaSHV-24,blaSHV-24,blaSHV
blaSHV-25,blaSHV-25,blaSHV
blaSHV-29,blaSHV-29,blaSHV
blaSHV-3,blaSHV-3,blaSHV
blaSHV-31,blaSHV-31,blaSHV
blaSHV-32,blaSHV-32,blaSHV
blaSHV-34,blaSHV-34,blaSHV
blaSHV-35,blaSHV-35,blaSHV
blaSHV-36,blaSHV-36,blaSHV
blaSHV-37,blaSHV-37,blaSHV
blaSHV-38,blaSHV-38,blaSHV
blaSHV-40,blaSHV-40,blaSHV
blaSHV-41,blaSHV-41,blaSHV
blaSHV-42,blaSHV-42,blaSHV
blaSHV-44,blaSHV-44,blaSHV
blaSHV-45,blaSHV-45,blaSHV
blaSHV-46,blaSHV-46,blaSHV
blaSHV-48,blaSHV-48,blaSHV
blaSHV-49,blaSHV-49,blaSHV
blaSHV-50,blaSHV-50,blaSHV
blaSHV-51,blaSHV-51,blaSHV
blaSHV-52,blaSHV-52,blaSHV
blaSHV-55,blaSHV-55,blaSHV
blaSHV-56,blaSHV-56,blaSHV
blaSHV-59,blaSHV-59,blaSHV
blaSHV-61,blaSHV-61,blaSHV
blaSHV-62,blaSHV-62,blaSHV
blaSHV-63,blaSHV-63,blaSHV
blaSHV-64,blaSHV-64,blaSHV
blaSHV-65,blaSHV-65,blaSHV
blaSHV-66,blaSHV-66,blaSHV
blaSHV-67,blaSHV-67,blaSHV
blaSHV-69,blaSHV-69,blaSHV
blaSHV-71,blaSHV-71,blaSHV
blaSHV-72,blaSHV-72,blaSHV
blaSHV-73,blaSHV-73,blaSHV
blaSHV-74,blaSHV-74,blaSHV
blaSHV-77,blaSHV-77,blaSHV
blaSHV-78,blaSHV-78,blaSHV
blaSHV-79,blaSHV-79,blaSHV
blaSHV-8,blaSHV-8,blaSHV
blaSHV-81,blaSHV-81,blaSHV
blaSHV-82,blaSHV-82,blaSHV
blaSHV-85,blaSHV-85,blaSHV
blaSHV-86,blaSHV-86,blaSHV
blaSHV-93,blaSHV-93,blaSHV
blaSHV-94,blaSHV-94,blaSHV
blaSHV-95,blaSHV-95,blaSHV
blaSHV-96,blaSHV-96,blaSHV
blaSHV-97,blaSHV-97,blaSHV
blaSHV-98,blaSHV-98,blaSHV
blaSHV-99,blaSHV-99,blaSHV
blaSIM-2,blaSIM-2,blaSIM
blaSMB-1,blaSMB-1,blaSMB
blaSME-1,blaSME-1,blaSME
blaSME-2,blaSME-2,blaSME
blaSME-3,blaSME-3,blaSME
blaSME-4,blaSME-4,blaSME
blaSME-5,blaSME-5,blaSME
blaSPG-1,blaSPG-1,blaSPG
blaSPM-1,blaSPM-1,blaSPM
blaSPU-1,blaSPU-1,blaCSP
blaSRT-1,blaSRT-1,blaSRT
blaSST-1,blaSST-1,blaSRT
blaTEM-101,blaTEM-101,blaTEM
blaTEM-102,blaTEM-102,blaTEM
blaTEM-104,blaTEM-104,blaTEM
blaTEM-106,blaTEM-106,blaTEM
blaTEM-107,blaTEM-107,blaTEM
blaTEM-108,blaTEM-108,blaTEM
blaTEM-109,blaTEM-109,blaTEM
blaTEM-11,blaTEM-11,blaTEM
blaTEM-111,blaTEM-111,blaTEM
blaTEM-112,blaTEM-112,blaTEM
blaTEM-113,blaTEM-113,blaTEM
blaTEM-114,blaTEM-114,blaTEM
blaTEM-115,blaTEM-115,blaTEM
blaTEM-120,blaTEM-120,blaTEM
blaTEM-121,blaTEM-121,blaTEM
blaTEM-122,blaTEM-122,blaTEM
blaTEM-123,blaTEM-123,blaTEM
blaTEM-124,blaTEM-124,blaTEM
blaTEM-125,blaTEM-125,blaTEM
blaTEM-126,blaTEM-126,blaTEM
blaTEM-129,blaTEM-129,blaTEM
blaTEM-130,blaTEM-130,blaTEM
blaTEM-131,blaTEM-131,blaTEM
blaTEM-133,blaTEM-133,blaTEM
blaTEM-134,blaTEM-134,blaTEM
blaTEM-136,blaTEM-136,blaTEM
blaTEM-137,blaTEM-137,blaTEM
blaTEM-142,blaTEM-142,blaTEM
blaTEM-143,blaTEM-143,blaTEM
blaTEM-145,blaTEM-145,blaTEM
blaTEM-146,blaTEM-146,blaTEM
blaTEM-147,blaTEM-147,blaTEM
blaTEM-149,blaTEM-149,blaTEM
blaTEM-150,blaTEM-150,blaTEM
blaTEM-151,blaTEM-151,blaTEM
blaTEM-152,blaTEM-152,blaTEM
blaTEM-153,blaTEM-153,blaTEM
blaTEM-154,blaTEM-154,blaTEM
blaTEM-155,blaTEM-155,blaTEM
blaTEM-157,blaTEM-157,blaTEM
blaTEM-158,blaTEM-158,blaTEM
blaTEM-159,blaTEM-159,blaTEM
blaTEM-16,blaTEM-16,blaTEM
blaTEM-160,blaTEM-160,blaTEM
blaTEM-162,blaTEM-162,blaTEM
blaTEM-163,blaTEM-163,blaTEM
blaTEM-166,blaTEM-166,blaTEM
blaTEM-167,blaTEM-167,blaTEM
blaTEM-168,blaTEM-168,blaTEM
blaTEM-17,blaTEM-17,blaTEM
blaTEM-177,blaTEM-177,blaTEM
blaTEM-178,blaTEM-178,blaTEM
blaTEM-182,blaTEM-182,blaTEM
blaTEM-183,blaTEM-183,blaTEM
blaTEM-184,blaTEM-184,blaTEM
blaTEM-185,blaTEM-185,blaTEM
blaTEM-186,blaTEM-186,blaTEM
blaTEM-188,blaTEM-188,blaTEM
blaTEM-189,blaTEM-189,blaTEM
blaTEM-190,blaTEM-190,blaTEM
blaTEM-193,blaTEM-193,blaTEM
blaTEM-194,blaTEM-194,blaTEM
blaTEM-195,blaTEM-195,blaTEM
blaTEM-197,blaTEM-197,blaTEM
blaTEM-198,blaTEM-198,blaTEM
blaTEM-20,blaTEM-20,blaTEM
blaTEM-201,blaTEM-201,blaTEM
blaTEM-205,blaTEM-205,blaTEM
blaTEM-207,blaTEM-207,blaTEM
blaTEM-208,blaTEM-208,blaTEM
blaTEM-209,blaTEM-209,blaTEM
blaTEM-21,blaTEM-21,blaTEM
blaTEM-211,blaTEM-211,blaTEM
blaTEM-212,blaTEM-212,blaTEM
blaTEM-214,blaTEM-214,blaTEM
blaTEM-216,blaTEM-216,blaTEM
blaTEM-217,blaTEM-217,blaTEM
blaTEM-219,blaTEM-219,blaTEM
blaTEM-22,blaTEM-22,blaTEM
blaTEM-220,blaTEM-220,blaTEM
blaTEM-224,blaTEM-224,blaTEM
blaTEM-28,blaTEM-28,blaTEM
blaTEM-35,blaTEM-35,blaTEM
blaTEM-4,blaTEM-4,blaTEM
blaTEM-43,blaTEM-43,blaTEM
blaTEM-45,blaTEM-45,blaTEM
blaTEM-47,blaTEM-47,blaTEM
blaTEM-48,blaTEM-48,blaTEM
blaTEM-49,blaTEM-49,blaTEM
blaTEM-53,blaTEM-53,blaTEM
blaTEM-54,blaTEM-54,blaTEM
blaTEM-55,blaTEM-55,blaTEM
blaTEM-6,blaTEM-6,blaTEM
blaTEM-70,blaTEM-70,blaTEM
blaTEM-76,blaTEM-76,blaTEM
blaTEM-77,blaTEM-77,blaTEM
blaTEM-78,blaTEM-78,blaTEM
blaTEM-79,blaTEM-79,blaTEM
blaTEM-8,blaTEM-8,blaTEM
blaTEM-80,blaTEM-80,blaTEM
blaTEM-81,blaTEM-81,blaTEM
blaTEM-82,blaTEM-82,blaTEM
blaTEM-83,blaTEM-83,blaTEM
blaTEM-84,blaTEM-84,blaTEM
blaTEM-91,blaTEM-91,blaTEM
blaTEM-92,blaTEM-92,blaTEM
blaTEM-96,blaTEM-96,blaTEM
blaTEM-97,blaTEM-97,blaTEM
blaTEM-98,blaTEM-98,blaTEM
blaTEM-99,blaTEM-99,blaTEM
blaTER-1,blaTER-1,blaTER
blaTER-2,blaTER-2,blaTER
blaTMB-1,blaTMB-1,blaTMB
blaTMB-2,blaTMB-2,blaTMB
blaVCC-1,blaVCC-1,blaVCC
blaVEB-10,blaVEB-10,blaVEB
blaVEB-11,blaVEB-11,blaVEB
blaVEB-12,blaVEB-12,blaVEB
blaVEB-13,blaVEB-13,blaVEB
blaVEB-14,blaVEB-14,blaVEB
blaVEB-15,blaVEB-15,blaVEB
blaVEB-16,blaVEB-16,blaVEB
blaVEB-17,blaVEB-17,blaVEB
blaVEB-2,blaVEB-2,blaVEB
blaVEB-4,blaVEB-4,blaVEB
blaVEB-5,blaVEB-5,blaVEB
blaVEB-6,blaVEB-6,blaVEB
blaVEB-7,blaVEB-7,blaVEB
blaVEB-8,blaVEB-8,blaVEB
blaVHH-1,blaVHH-1,blaVHH
blaVHW-1,blaVHW-1,blaVHW
blaVIM-10,blaVIM-10,blaVIM
blaVIM-12,blaVIM-12,blaVIM
blaVIM-13,blaVIM-13,blaVIM
blaVIM-14,blaVIM-14,blaVIM
blaVIM-15,blaVIM-15,blaVIM
blaVIM-16,blaVIM-16,blaVIM
blaVIM-18,blaVIM-18,blaVIM
blaVIM-20,blaVIM-20,blaVIM
blaVIM-23,blaVIM-23,blaVIM
blaVIM-24,blaVIM-24,blaVIM
blaVIM-25,blaVIM-25,blaVIM
blaVIM-26,blaVIM-26,blaVIM
blaVIM-28,blaVIM-28,blaVIM
blaVIM-3,blaVIM-3,blaVIM
blaVIM-30,blaVIM-30,blaVIM
blaVIM-31,blaVIM-31,blaVIM
blaVIM-32,blaVIM-32,blaVIM
blaVIM-33,blaVIM-33,blaVIM
blaVIM-34,blaVIM-34,blaVIM
blaVIM-35,blaVIM-35,blaVIM
blaVIM-36,blaVIM-36,blaVIM
blaVIM-37,blaVIM-37,blaVIM
blaVIM-38,blaVIM-38,blaVIM
blaVIM-39,blaVIM-39,blaVIM
blaVIM-40,blaVIM-40,blaVIM
blaVIM-41,blaVIM-41,blaVIM
blaVIM-42,blaVIM-42,blaVIM
blaVIM-43,blaVIM-43,blaVIM
blaVIM-44,blaVIM-44,blaVIM
blaVIM-45,blaVIM-45,blaVIM
blaVIM-46,blaVIM-46,blaVIM
blaVIM-47,blaVIM-47,blaVIM
blaVIM-49,blaVIM-49,blaVIM
blaVIM-50,blaVIM-50,blaVIM
blaVIM-51,blaVIM-51,blaVIM
blaVIM-6,blaVIM-6,blaVIM
blaVIM-8,blaVIM-8,blaVIM
blaVIM-9,blaVIM-9,blaVIM
cepA-29,cepA-29,cepA
cfiA10,cfiA10,cfiA
cfiA8,cfiA8,cfiA
cfiA9,cfiA9,cfiA
cphA2,cphA2,cphA
cphA4,cphA4,cphA
cphA5,cphA5,cphA
cphA6,cphA6,cphA
cphA7,cphA7,cphA
cphA8,cphA8,cphA
imiH,imiH,cphA
imiS,imiS,cphA
oqxA2,oqxA2,oqxA
oqxA4,oqxA4,oqxA
oqxA5,oqxA5,oqxA
oqxA7,oqxA7,oqxA
oqxA8,oqxA8,oqxA
oqxA9,oqxA9,oqxA
oqxB10,oqxB10,oqxB
oqxB11,oqxB11,oqxB
oqxB12,oqxB12,oqxB
oqxB13,oqxB13,oqxB
oqxB16,oqxB16,oqxB
oqxB18,oqxB18,oqxB
oqxB22,oqxB22,oqxB
oqxB23,oqxB23,oqxB
oqxB24,oqxB24,oqxB
oqxB26,oqxB26,oqxB
oqxB28,oqxB28,oqxB
oqxB3,oqxB3,oqxB
oqxB30,oqxB30,oqxB
oqxB31,oqxB31,oqxB
oqxB4,oqxB4,oqxB
oqxB7,oqxB7,oqxB
oqxB8,oqxB8,oqxB
qepA3,qepA3,qepA
qnrA4,qnrA4,qnrA
qnrA5,qnrA5,qnrA
qnrB13,qnrB13,qnrB
qnrB14,qnrB14,qnrB
qnrB15,qnrB15,qnrB
qnrB16,qnrB16,qnrB
qnrB20,qnrB20,qnrB
qnrB21,qnrB21,qnrB
qnrB23,qnrB23,qnrB
qnrB24,qnrB24,qnrB
qnrB26,qnrB26,qnrB
qnrB29,qnrB29,qnrB
qnrB31,qnrB31,qnrB
qnrB32,qnrB32,qnrB
qnrB33,qnrB33,qnrB
qnrB35,qnrB35,qnrB
qnrB36,qnrB36,qnrB
qnrB37,qnrB37,qnrB
qnrB40,qnrB40,qnrB
qnrB41,qnrB41,qnrB
qnrB42,qnrB42,qnrB
qnrB43,qnrB43,qnrB
qnrB44,qnrB44,qnrB
qnrB45,qnrB45,qnrB
qnrB46,qnrB46,qnrB
qnrB47,qnrB47,qnrB
qnrB48,qnrB48,qnrB
qnrB49,qnrB49,qnrB
qnrB5,qnrB5,qnrB
qnrB50,qnrB50,qnrB
qnrB52,qnrB52,qnrB
qnrB53,qnrB53,qnrB
qnrB54,qnrB54,qnrB
qnrB55,qnrB55,qnrB
qnrB56,qnrB56,qnrB
qnrB57,qnrB57,qnrB
qnrB58,qnrB58,qnrB
qnrB59,qnrB59,qnrB
qnrB60,qnrB60,qnrB
qnrB61,qnrB61,qnrB
qnrB62,qnrB62,qnrB
qnrB64,qnrB64,qnrB
qnrB65,qnrB65,qnrB
qnrB66,qnrB66,qnrB
qnrB67,qnrB67,qnrB
qnrB68,qnrB68,qnrB
qnrB7,qnrB7,qnrB
qnrB70,qnrB70,qnrB
qnrB71,qnrB71,qnrB
qnrB72,qnrB72,qnrB
qnrB73,qnrB73,qnrB
qnrB74,qnrB74,qnrB
qnrB8,qnrB8,qnrB
qnrS4,qnrS4,qnrS
qnrS7,qnrS7,qnrS
qnrS8,qnrS8,qnrS
qnrS9,qnrS9,qnrS
qnrVC3,qnrVC3,qnrVC
qnrVC7,qnrVC7,qnrVC
rmtD2,rmtD2,rmtD
rmtE1,rmtE1,rmtE
rmtE2,rmtE2,rmtE
blaACT-103,blaACT-103,blaACT
kamB,kamB,kamB
kamB,kamB,kamB
tet(B),tet(B),tet(B)
blaHMB-1,blaHMB-1,blaHMB
sgm,sgm,sgm
aac(6')-Ib-AKT,aac(6')-Ib,aac(6')-Ib
blaOXA-14,blaOXA-14,blaOXA
blaSHV-240,blaSHV-240,blaSHV
blaOKP-B-16,blaOKP-B-16,blaOKP-B
qnrS13,qnrS13,qnrS
tet(Z),tet(Z),tet(Z)
aac(6')-29a,aac(6')-29a,aac(6')-29
aac(6')-29b,aac(6')-29b,aac(6')-29
blaIMI-12,blaIMI-12,blaIMI
aac(6')-Iak,aac(6')-Iak,aac(6')-Iak
blaOXY-2-22,blaOXY-2-22,blaOXY
blaOXY-2-23,blaOXY-2-23,blaOXY
blaOXY-2-24,blaOXY-2-24,blaOXY
blaOXY-1-9,blaOXY-1-9,blaOXY
blaOXY-2-18,blaOXY-2-18,blaOXY
blaOXA-496,blaOXA-496,blaOXA
blaPDC-126,blaPDC-126,blaPDC
blaPDC-127,blaPDC-127,blaPDC
blaPDC-128,blaPDC-128,blaPDC
blaPDC-129,blaPDC-129,blaPDC
blaPDC-130,blaPDC-130,blaPDC
blaPDC-131,blaPDC-131,blaPDC
blaPDC-132,blaPDC-132,blaPDC
blaPDC-133,blaPDC-133,blaPDC
blaPDC-134,blaPDC-134,blaPDC
blaPDC-135,blaPDC-135,blaPDC
blaPDC-136,blaPDC-136,blaPDC
blaPDC-137,blaPDC-137,blaPDC
blaPDC-138,blaPDC-138,blaPDC
blaPDC-139,blaPDC-139,blaPDC
blaPDC-140,blaPDC-140,blaPDC
blaPDC-141,blaPDC-141,blaPDC
blaCTX-M-183,blaCTX-M-183,blaCTX-M
blaCTX-M-184,blaCTX-M-184,blaCTX-M
blaFOX-14,blaFOX-14,blaFOX
blaPDC-142,blaPDC-142,blaPDC
blaPDC-143,blaPDC-143,blaPDC
blaPDC-144,blaPDC-144,blaPDC
blaPDC-145,blaPDC-145,blaPDC
blaPDC-146,blaPDC-146,blaPDC
blaPDC-147,blaPDC-147,blaPDC
blaPDC-148,blaPDC-148,blaPDC
blaPDC-149,blaPDC-149,blaPDC
blaPDC-150,blaPDC-150,blaPDC
blaPDC-152,blaPDC-152,blaPDC
blaPDC-153,blaPDC-153,blaPDC
blaPDC-154,blaPDC-154,blaPDC
blaPDC-155,blaPDC-155,blaPDC
blaPDC-156,blaPDC-156,blaPDC
blaPDC-157,blaPDC-157,blaPDC
blaPDC-158,blaPDC-158,blaPDC
blaPDC-159,blaPDC-159,blaPDC
blaPDC-160,blaPDC-160,blaPDC
blaPDC-161,blaPDC-161,blaPDC
blaPDC-162,blaPDC-162,blaPDC
blaPDC-163,blaPDC-163,blaPDC
blaPDC-164,blaPDC-164,blaPDC
blaPDC-165,blaPDC-165,blaPDC
blaCTX-M-152,blaCTX-M-152,blaCTX-M
blaSHV-207,blaSHV-207,blaSHV
blaSHV-244,blaSHV-244,blaSHV
qepA4,qepA4,qepA
aac(6')-Ib-D181Y,aac(6')-Ib,aac(6')-Ib
qepA7,qepA7,qepA
blaOXA-574,blaOXA-574,blaOXA
blaOXA-573,blaOXA-573,blaOXA
blaADC-232,blaADC-232,blaADC
blaADC-224,blaADC-224,blaADC
blaRATA-1,blaRATA-1,blaRATA
blaRASA-1,blaRASA-1,blaRASA
blaADC-223,blaADC-223,blaADC
blaGOB-32,blaGOB-32,blaGOB
blaB-26,blaB-26,blaB
blaL,blaL,blaL
blaCMY-140,blaCMY-140,blaCMY
blaCTX-M-185,blaCTX-M-185,blaCTX-M
blaIMP-60,blaIMP-60,blaIMP
blaPDC-166,blaPDC-166,blaPDC
blaPDC-167,blaPDC-167,blaPDC
blaBEL-4,blaBEL-4,blaBEL
blaOXA-520,blaOXA-520,blaOXA
blaPDC-169,blaPDC-169,blaPDC
blaPDC-170,blaPDC-170,blaPDC
blaB-33,blaB-33,blaB
aac(6')-Ib-cr4,aac(6')-Ib-cr4,aac(6')-Ib-cr
aac(6')-Ib-AGKT,aac(6')-Ib,aac(6')-Ib
aac(6')_E111,aac(6')-E111,aac(6')-E111
mcr-1.2,mcr-1.2,mcr-1
blaCTX-M-171,blaCTX-M-171,blaCTX-M
blaCTX-M-186,blaCTX-M-186,blaCTX-M
blaIMP-61,blaIMP-61,blaIMP
blaKPC-25,blaKPC-25,blaKPC
blaOXA-521,blaOXA-521,blaOXA
blaSHV-194,blaSHV-194,blaSHV
mcr-2.1,mcr-2.1,mcr-2
blaALI-2,blaALI-2,blaALI
blaCMY-141,blaCMY-141,blaCMY
blaADC-308,blaADC-308,blaADC
mcr-3.20,mcr-3.20,mcr-3
mcr-3.4,mcr-3.4,mcr-3
blaBCL-1,blaBCL-1,blaBCL
blaVEB-18,blaVEB-18,blaVEB
qnrB75,qnrB75,qnrB
qnrB77,qnrB77,qnrB
qnrB78,qnrB78,qnrB
qnrB80,qnrB80,qnrB
qnrB91,qnrB91,qnrB
blaOXA-784,blaOXA-784,blaOXA
fosM2,fosM2,fosM2
blaOXA-533,blaOXA-533,blaOXA
blaADC-287,blaADC-287,blaADC
blaB-6,blaB-6,blaB
blaB-22,blaB-22,blaB
blaPAD-1,blaPAD-1,blaPAD
blaADC-100,blaADC-100,blaADC
blaADC-101,blaADC-101,blaADC
blaADC-102,blaADC-102,blaADC
blaADC-103,blaADC-103,blaADC
blaADC-104,blaADC-104,blaADC
blaADC-105,blaADC-105,blaADC
blaADC-106,blaADC-106,blaADC
blaADC-107,blaADC-107,blaADC
blaADC-83,blaADC-83,blaADC
blaADC-84,blaADC-84,blaADC
blaADC-85,blaADC-85,blaADC
blaADC-86,blaADC-86,blaADC
blaADC-87,blaADC-87,blaADC
blaADC-89,blaADC-89,blaADC
blaADC-90,blaADC-90,blaADC
blaADC-91,blaADC-91,blaADC
blaADC-92,blaADC-92,blaADC
blaADC-93,blaADC-93,blaADC
blaADC-94,blaADC-94,blaADC
blaADC-95,blaADC-95,blaADC
blaADC-96,blaADC-96,blaADC
blaADC-97,blaADC-97,blaADC
blaADC-98,blaADC-98,blaADC
blaADC-99,blaADC-99,blaADC
blaCARB-49,blaCARB-49,blaRTG
blaCTX-M-188,blaCTX-M-188,blaCTX-M
blaCTX-M-189,blaCTX-M-189,blaCTX-M
blaKPC-26,blaKPC-26,blaKPC
blaOXA-510,blaOXA-510,blaOXA
blaOXA-511,blaOXA-511,blaOXA
blaOXA-522,blaOXA-522,blaOXA
blaOXA-523,blaOXA-523,blaOXA
blaOXA-524,blaOXA-524,blaOXA
blaOXA-525,blaOXA-525,blaOXA
blaOXA-526,blaOXA-526,blaOXA
blaOXA-527,blaOXA-527,blaOXA
blaOXA-528,blaOXA-528,blaOXA
blaOXA-529,blaOXA-529,blaOXA
blaOXA-530,blaOXA-530,blaOXA
blaOXA-531,blaOXA-531,blaOXA
blaOXA-532,blaOXA-532,blaOXA
blaSHV-195,blaSHV-195,blaSHV
aac(6')-Ib-AKT,aac(6')-Ib,aac(6')-Ib
blaGOB-6,blaGOB-6,blaGOB
aac(6')-Iaj,aac(6')-Iaj,aac(6')
blaADC-29,blaADC-29,blaADC
fosA6,fosA6,fosA
blaGOB-27,blaGOB-27,blaGOB
blaB-23,blaB-23,blaB
blaPEN-A33,blaPEN-A33,blaPEN-A
blaCTX-M-190,blaCTX-M-190,blaCTX-M
blaGES-32,blaGES-32,blaGES
blaIMP-62,blaIMP-62,blaIMP
blaOXA-534,blaOXA-534,blaOXA
blaSHV-196,blaSHV-196,blaSHV
blaADC-328,blaADC-328,blaADC
aac(6')-Ip,aac(6')-Ip,aac(6')-Ip
blaACT-111,blaACT-111,blaACT
blaAFM-1,blaAFM-1,blaAFM
aac(6')-Ib11,aac(6')-Ib11,aac(6')-Ib11
mecC3,mecC3,mecC3
blaFAR-1,blaFAR-1,blaFAR
vanS-O,vanS-O,vanS-O
blaCTX-M-138,blaCTX-M-138,blaCTX-M
blaOXA-536,blaOXA-536,blaOXA
blaOXA-537,blaOXA-537,blaOXA
blaCMY-142,blaCMY-142,blaCMY
blaPDC-174,blaPDC-174,blaPDC
blaOXA-658,blaOXA-658,blaOXA
blaOXA-614,blaOXA-614,blaOXA
aadA7,aadA7,aadA7
aadA2,aadA2,aadA2
aadA10,aadA10,aadA10
lnu(F),lnu(F),lnu(F)
aadA5,aadA5,aadA5
lnu(F),lnu(F),lnu(F)
aadA15,aadA15,aadA15
lnu(F),lnu(F),lnu(F)
dfrA12,dfrA12,dfrA12
aadA5,aadA5,aadA5
dfrA7,dfrA7,dfrA7
aadA5,aadA5,aadA5
aadA2,aadA2,aadA2
ant(3'')-Ij,ant(3'')-Ij/aac(6')-IIa,ant(3'')-Ij/aac(6')-IIa
aac(6')-IIa,ant(3'')-Ij/aac(6')-IIa,ant(3'')-Ij/aac(6')-IIa
sat2_fam,sat2,sat2
sat2_fam,sat2,sat2
sat2_fam,sat2,sat2
sat2_fam,sat2,sat2
sat2_fam,sat2,sat2
mef(H),mef(H),mef(H)
blaPDC-278,blaPDC-278,blaPDC
blaSHV-171,blaSHV-171,blaSHV
catU,catU,catU
vat(I),vat(I),vat(I)
vgb(C),vgbC,vgbC
taeA,taeA,taeA
tetB(58),tetB(58),tetB(58)
tetA(58),tetA(58),tetA(58)
aac(2')-IIb,aac(2')-IIb,aac(2')-IIb
blaOXA-544,blaOXA-544,blaOXA
aac(6')-Ib-G,aac(6')-Ib,aac(6')-Ib
aac(6')-Iag,aacA48,aacA48
aacA49,aacA49,aacA49
aadA1,aadA1,aadA1
aadA1bt,aadA1bt,aadA1bt
aadA1bt,aadA1bt,aadA1bt
aadA2,aadA2,aadA2
aadA2,aadA2,aadA2
blaCMY-143,blaCMY-143,blaCMY
blaCMY-144,blaCMY-144,blaCMY
blaIMP-63,blaIMP-63,blaIMP
blaIMP-64,blaIMP-64,blaIMP
blaOXA-538,blaOXA-538,blaOXA
catB8,catB8/aac(6')-Ib',catB8/aac(6')-Ib'
aac(6')-Ib',catB8/aac(6')-Ib',catB8/aac(6')-Ib'
aac(6')-If,aac(6')-If,aac(6')-If
aac(6')-Ib-AKT,aac(6')-Ib,aac(6')-Ib
aac(6')-Ib-G,aac(6')-Ib,aac(6')-Ib
blaOXA-539,blaOXA-539,blaOXA
fosA7.9,fosA7.9,fosA7
norM-Burk,norM,norM
qnrS12,qnrS12,qnrS
aac(6')-Ib-cr7,aac(6')-Ib-cr7,aac(6')-Ib-cr
catB8,catB8,catB8
blaMSI-1,blaMSI-1,blaMSI
blaSFH-1,blaSFH-1,blaSFH
aacA10,aacA10,aacA10
aac(6')-Ib-cr3,aac(6')-Ib-cr3,aac(6')-Ib-cr
blaRm3,blaRm3,blaRm3
aadA36,aadA36,aadA36
dfrA1,dfrA1,dfrA1
aadA1,aadA1,aadA1
aac(6')-IIa,aac(6')-IIa,aac(6')-IIa
aadA15,aadA15,aadA15
dfrA17,dfrA17,dfrA17
aadA5,aadA5,aadA5
dfrA17,dfrA17,dfrA17
aadA6,aadA6,aadA6
dfrA17,dfrA17,dfrA17
aadA5,aadA5,aadA5
cmlA,cmlA,cmlA
aadA2,aadA2,aadA2
dfrA17,dfrA17,dfrA17
dfrB9,dfrB9,dfrB
dfrA5,dfrA5,dfrA5
arr-3,arr-3,arr-3
blaOXA-540,blaOXA-540,blaOXA
aac(6')-set_A,aac(6'),aac(6')
aadA1,aadA1,aadA1
catB3,catB3,catB3
aac(6')-Ib-AKT,aac(6')-Ib,aac(6')-Ib
aac(6')-Ib-AKT,aac(6')-Ib,aac(6')-Ib
ere(A),ere(A),ere(A)
dfrA12,dfrA12,dfrA12
aacA32,aacA32,aacA32
aac(6')-Ib-cr,aac(6')-Ib-cr,aac(6')-Ib-cr
aacA-ACI2,aac(6')-I,aac(6')-I
ant(2'')-Ia,ant(2'')-Ia,ant(2'')-Ia
aadA2,aadA2,aadA2
aadA1,aadA1,aadA1
aadA2,aadA2,aadA2
aadA1,aadA1,aadA1
aadA1,aadA1,aadA1
aadA1,aadA1,aadA1
aadA1,aadA1,aadA1
aadA2,aadA2,aadA2
ant(2'')-Ia,ant(2'')-Ia,ant(2'')-Ia
aadA2,aadA2,aadA2
aadA2,aadA2,aadA2
aadA1,aadA1,aadA1
aadA2,aadA2,aadA2
aadA1,aadA1,aadA1
aadA2,aadA2,aadA2
aadA2,aadA2,aadA2
ant(2'')-Ia,ant(2'')-Ia,ant(2'')-Ia
aac(6')-set_A,aac(6'),aac(6')
aadA1,aadA1,aadA1
aac(6')-Ib-AKT,aac(6')-Ib,aac(6')-Ib
dfrA33,dfrA33,dfrA33
aadA1,aadA1,aadA1
aadA5,aadA5,aadA5
aadA2,aadA2,aadA2
dfrA17,dfrA17,dfrA17
aadA2,aadA2,aadA2
aac(6')-Ib-G,aac(6')-Ib,aac(6')-Ib
aadA1,aadA1,aadA1
aadA5,aadA5,aadA5
aadA1,aadA1,aadA1
aadA1,aadA1,aadA1
aac(6')-Ib-AGKT,aac(6')-Ib,aac(6')-Ib
aacA34,aacA34,aacA34
aadA1,aadA1,aadA1
aadA5,aadA5,aadA5
aac(6')-set_A,aac(6'),aac(6')
aac(6')-set_A,aac(6'),aac(6')
aadA10,aadA10,aadA10
aac(6')-Ib-G,aac(6')-Ib,aac(6')-Ib
ant(3'')-Ia,ant(3'')-Ia,ant(3'')-Ia
ant(3'')-Ia,ant(3'')-Ia,ant(3'')-Ia
ant(3'')-Ia,ant(3'')-Ia,ant(3'')-Ia
aadA10,aadA10,aadA10
aadA11,aadA11,aadA11
aadA12,aadA12,aadA12
aadA13,aadA13,aadA13
aadA1,aadA1,aadA1
aadA1,aadA1,aadA1
aadA1,aadA1,aadA1
aadA2,aadA2,aadA2
aadA2,aadA2,aadA2
aadA1,aadA1,aadA1
aadA1,aadA1,aadA1
aadA3,aadA3,aadA3
cmlA,cmlA,cmlA
arr-3,arr-3,arr-3
aac(6')-Ib-G,aac(6')-Ib,aac(6')-Ib
dfrA12,dfrA12,dfrA12
catB8,catB8,catB8
lnu(F),lnu(F),lnu(F)
aadA5,aadA5,aadA5
aadA5,aadA5,aadA5
aadA1,aadA1,aadA1
aac(6')-Ib-G,aac(6')-Ib,aac(6')-Ib
dfrA1,dfrA1,dfrA1
dfrA1,dfrA1,dfrA1
aadA1,aadA1,aadA1
aadA6,aadA6,aadA6
aadA6,aadA6,aadA6
aac(6')-Ib-G,aac(6')-Ib,aac(6')-Ib
aadA5,aadA5,aadA5
ant(2'')-Ia,ant(2'')-Ia,ant(2'')-Ia
aadA1,aadA1,aadA1
ant(2'')-Ia,ant(2'')-Ia,ant(2'')-Ia
dfrA1,dfrA1,dfrA1
estX,estX/sat2,estX/sat2
sat2_fam,estX/sat2,estX/sat2
aadA2,aadA2,aadA2
aadA2,aadA2,aadA2
aac(6')-Iz,aac(6')-Iz,aac(6')-Iz
catB3,catB3,catB3
ant(2'')-Ia,ant(2'')-Ia,ant(2'')-Ia
ant(2'')-Ia,ant(2'')-Ia,ant(2'')-Ia
ant(2'')-Ia,ant(2'')-Ia,ant(2'')-Ia
aadA1,aadA1,aadA1
dfrB4,dfrB4,dfrB4
ant(2'')-Ia,ant(2'')-Ia,ant(2'')-Ia
aac(6')-Il,aac(6')-Il,aac(6')-Il
aadA2,aadA2,aadA2
aadA22,aadA22,aadA22
aadA8,aadA8,aadA8
aadA8,aadA8,aadA8
aadA8,aadA8,aadA8
aadA8,aadA8,aadA8
aadA7,aadA7,aadA7
aadA10,aadA10,aadA10
aadA9,aadA9,aadA9
aac(6')-Ib-G,aac(6')-Ib,aac(6')-Ib
aac(6')-Ib-AKT,aac(6')-Ib,aac(6')-Ib
aac(6')_Serra,aac(6'),aac(6')
aac(6')-set_A,aac(6'),aac(6')
aac(6')-Ib-G,aac(6')-Ib,aac(6')-Ib
ere(A),ere(A),ere(A)
aadA2,aadA2,aadA2
aadA1,aadA1,aadA1
aadA1,aadA1,aadA1
aadA1,aadA1,aadA1
ant(2'')-Ia,ant(2'')-Ia,ant(2'')-Ia
aadA1,aadA1,aadA1
aadA1,aadA1,aadA1
aadA9,aadA9,aadA9
aadA2,aadA2,aadA2
aadA3,aadA3,aadA3
catB3,catB3,catB3
aadA1,aadA1,aadA1
catB3,catB3,catB3
aacA-STR-13,aac(6'),aac(6')
aacA-ENT1,aac(6')-I,aac(6')-I
aadA1,aadA1,aadA1
aadA5,aadA5,aadA5
aadA5,aadA5,aadA5
aadA1,aadA1,aadA1
blaCARB-55,blaCARB-55,blaPSE
aac(3)-If,aac(3)-If,aac(3)-If
ant(2'')-Ia,ant(2'')-Ia,ant(2'')-Ia
aac(6')-Ib-G,aac(6')-Ib,aac(6')-Ib
aadA6,aadA6,aadA6
catB3,catB3,catB3
aadA3,aadA3,aadA3
dfrA1,dfrA1,dfrA1
aadA2,aadA2,aadA2
ant(2'')-Ia,ant(2'')-Ia,ant(2'')-Ia
aadA2,aadA2,aadA2
aadA2,aadA2,aadA2
aadA1,aadA1,aadA1
aadA1,aadA1,aadA1
aac(6')-Ib-AKT,aac(6')-Ib,aac(6')-Ib
aac(6')-IIa,aac(6')-IIa,aac(6')-IIa
catB3,catB3,catB3
aacA43,aacA43,aacA43
aadA5,aadA5,aadA5
aadA5,aadA5,aadA5
aac(6')-Ib-G,aac(6')-Ib,aac(6')-Ib
dfrA12,dfrA12,dfrA12
blaOXA-541,blaOXA-541,blaOXA
aac(6')-Ib-G,aac(6')-Ib,aac(6')-Ib
aadA2,aadA2,aadA2
dfrA1,dfrA1,dfrA1
dfrA5,dfrA5,dfrA5
smeF,smeF,smeF
aac(6')-Ib-G,aac(6')-Ib,aac(6')-Ib
blmA,blmA,blmA
blaKPC-28,blaKPC-28,blaKPC
blaSHV-197,blaSHV-197,blaSHV
blaLEN-34,blaLEN-34,blaLEN
blaACT-84,blaACT-84,blaACT
blaRUB-1,blaRUB-1,blaRUB
aac(6')-Ib-G,aac(6')-Ib,aac(6')-Ib
blaADC-186,blaADC-186,blaADC
mcr-8.2,mcr-8.2,mcr-8
fosY,fosY,fosY
blaCTX-M-267,blaCTX-M-267,blaCTX-M
blaOXA-732,blaOXA-732,blaOXA
blaACT-116,blaACT-116,blaACT
blaVEB-32,blaVEB-32,blaVEB
blaGOB-47,blaGOB-47,blaGOB
blaPDC-213,blaPDC-213,blaPDC
blaOXA-1272,blaOXA-1272,blaOXA
blaKPC-31,blaKPC-31,blaKPC
blaPDC-285,blaPDC-285,blaPDC
blaKPC-32,blaKPC-32,blaKPC
blaOXA-1298,blaOXA-1298,blaOXA
blaLEN-43,blaLEN-43,blaLEN
blaOXA-817,blaOXA-817,blaOXA
blaOXA-1089,blaOXA-1089,blaOXA
blaOXA-959,blaOXA-959,blaOXA
blaPSV-1,blaPSV-1,blaPSV
blaROB-3,blaROB-3,blaROB
blaCMY-146,blaCMY-146,blaCMY
blaCMY-145,blaCMY-145,blaCMY
blaTEM-36,blaTEM-36,blaTEM
blaTEM-225,blaTEM-225,blaTEM
blaOXA-114p,blaOXA-114p,blaOXA
blaNDM-17,blaNDM-17,blaNDM
mcr-1.5,mcr-1.5,mcr-1
mcr-1.4,mcr-1.4,mcr-1
blaOXA-1043,blaOXA-1043,blaOXA
mcr-1.3,mcr-1.3,mcr-1
blaKPC-27,blaKPC-27,blaKPC
blaIMI-14,blaIMI-14,blaIMI
blaVIM-54,blaVIM-54,blaVIM
blaTEM-191,blaTEM-191,blaTEM
blaNDM-18,blaNDM-18,blaNDM
blaOXA-724,blaOXA-724,blaOXA
blaPDC-175,blaPDC-175,blaPDC
blaPDC-176,blaPDC-176,blaPDC
mcr-1.6,mcr-1.6,mcr-1
blaOXA-1327,blaOXA-1327,blaOXA
blaCMY-147,blaCMY-147,blaCMY
blaCTX-M-193,blaCTX-M-193,blaCTX-M
blaCTX-M-194,blaCTX-M-194,blaCTX-M
blaCTX-M-195,blaCTX-M-195,blaCTX-M
blaCTX-M-196,blaCTX-M-196,blaCTX-M
blaDHA-25,blaDHA-25,blaDHA
blaADC-280,blaADC-280,blaADC
qnrE2,qnrE2,qnrE
blaADC-218,blaADC-218,blaADC
blaOXA-942,blaOXA-942,blaOXA
blaADC-213,blaADC-213,blaADC
mcr-2.2,mcr-2.2,mcr-2
blaROB-4,blaROB-4,blaROB
blaB-14,blaB-14,blaB
blaGOB-41,blaGOB-41,blaGOB
blaB-7,blaB-7,blaB
blaGOB-51,blaGOB-51,blaGOB
blaGOB-43,blaGOB-43,blaGOB
blaGOB-3,blaGOB-3,blaGOB
blaGOB-50,blaGOB-50,blaGOB
blaB-31,blaB-31,blaB
blaGOB-30,blaGOB-30,blaGOB
blaGOB-29,blaGOB-29,blaGOB
blaB-34,blaB-34,blaB
blaGOB-4,blaGOB-4,blaGOB
blaB-18,blaB-18,blaB
blaB-25,blaB-25,blaB
blaGOB-31,blaGOB-31,blaGOB
blaB-24,blaB-24,blaB
blaB-8,blaB-8,blaB
blaGOB-36,blaGOB-36,blaGOB
blaB-32,blaB-32,blaB
blaGOB-48,blaGOB-48,blaGOB
blaGOB-46,blaGOB-46,blaGOB
blaB-27,blaB-27,blaB
blaB-39,blaB-39,blaB
blaGOB-35,blaGOB-35,blaGOB
blaB-10,blaB-10,blaB
blaB-35,blaB-35,blaB
blaGOB-44,blaGOB-44,blaGOB
blaB-38,blaB-38,blaB
blaGOB-23,blaGOB-23,blaGOB
blaGOB-33,blaGOB-33,blaGOB
blaB-37,blaB-37,blaB
blaIMP-91,blaIMP-91,blaIMP
aac(6')-Ib-AKT,aac(6')-Ib,aac(6')-Ib
aac(3)-Ib,aac(3)-Ib,aac(3)-Ib
blaHMB-2,blaHMB-2,blaHMB
fosA7.8,fosA7.8,fosA7
blaOXY-1-13,blaOXY-1-13,blaOXY
blaTEM-229,blaTEM-229,blaTEM
blaHBL-1,blaHBL-1,blaHBL
blaB-36,blaB-36,blaB
blaOKP-D-1,blaOKP-D-1,blaOKP-D
blaLEN-30,blaLEN-30,blaLEN
blaMYO-1,blaMYO-1,blaMYO
blaOXA-980,blaOXA-980,blaOXA
blaB-29,blaB-29,blaB
blaB-9,blaB-9,blaB
blaAXC-3,blaAXC-3,blaAXC
blaOXA-290,blaOXA-290,blaOXA
blaOXA-289,blaOXA-289,blaOXA
blaOXA-671,blaOXA-671,blaOXA
blaOXA-674,blaOXA-674,blaOXA
blaLHK-1,blaLHK-1,blaLHK
blaELM-1,blaELM-1,blaELM
sal(D),sal(D),sal(D)
icr-Mo,icr-Mo,icr-Mo
blaPDC-620,blaPDC-620,blaPDC
aac(6')-Id,aac(6')-Id,aac(6')-Id
blaBIL-1,blaBIL-1,blaCMY
fosB6,fosB6,fosB
fosB5,fosB5,fosB
cfiA19,cfiA19,cfiA
blaOXA-517,blaOXA-517,blaOXA
cfiA22,cfiA22,cfiA
cfiA23,cfiA23,cfiA
cfiA24,cfiA24,cfiA
cfiA18,cfiA18,cfiA
cfiA17,cfiA17,cfiA
cfiA21,cfiA21,cfiA
blaIMP-66,blaIMP-66,blaIMP
mcr-1.7,mcr-1.7,mcr-1
blaPDC-177,blaPDC-177,blaPDC
blaPDC-178,blaPDC-178,blaPDC
blaCMY-148,blaCMY-148,blaCMY
blaCMY-149,blaCMY-149,blaCMY
blaFRI-3,blaFRI-3,blaFRI
blaTEM-226,blaTEM-226,blaTEM
blaKPC-30,blaKPC-30,blaKPC
blaCTX-M-197,blaCTX-M-197,blaCTX-M
blaCTX-M-198,blaCTX-M-198,blaCTX-M
blaOXA-545,blaOXA-545,blaOXA
blaOXA-547,blaOXA-547,blaOXA
blaIMI-15,blaIMI-15,blaIMI
blaIMI-5,blaIMI-5,blaIMI
blaTEM-227,blaTEM-227,blaTEM
mcr-1.8,mcr-1.8,mcr-1
blaOXA-554,blaOXA-554,blaOXA
blaOXA-555,blaOXA-555,blaOXA
blaOXA-556,blaOXA-556,blaOXA
blaOXA-557,blaOXA-557,blaOXA
blaOXA-558,blaOXA-558,blaOXA
blaOXA-559,blaOXA-559,blaOXA
blaOXA-560,blaOXA-560,blaOXA
blaOXA-561,blaOXA-561,blaOXA
blaOXA-562,blaOXA-562,blaOXA
blaOXA-563,blaOXA-563,blaOXA
blaOXA-564,blaOXA-564,blaOXA
blaGES-33,blaGES-33,blaGES
blaCMY-151,blaCMY-151,blaCMY
blaOXA-565,blaOXA-565,blaOXA
qnrB95,qnrB95,qnrB
aac(6')-Ib-AKT,aac(6')-Ib,aac(6')-Ib
aac(6')-Ib-W104R,aac(6')-Ib,aac(6')-Ib
aac(3)-Ih,aac(3)-Ih,aac(3)-Ih
blaOXA-939,blaOXA-939,blaOXA
blaADC-237,blaADC-237,blaADC
blaOXA-938,blaOXA-938,blaOXA
blaOXA-832,blaOXA-832,blaOXA
blaADC-265,blaADC-265,blaADC
blaADC-250,blaADC-250,blaADC
blaADC-253,blaADC-253,blaADC
blaOXA-941,blaOXA-941,blaOXA
blaOXA-943,blaOXA-943,blaOXA
blaADC-252,blaADC-252,blaADC
blaOXA-940,blaOXA-940,blaOXA
blaADC-251,blaADC-251,blaADC
blaGOB-19,blaGOB-19,blaGOB
blaB-16,blaB-16,blaB
blaOXA-842,blaOXA-842,blaOXA
blaGOB-28,blaGOB-28,blaGOB
blaB-30,blaB-30,blaB
nimG,nimG,nimG
ant(6)-Ic,ant(6)-Ic,ant(6)-Ic
blaBBI,blaBBI,blaBBI
catV,catV,catV
ant(4')-Ic,ant(4')-Ic,ant(4')-Ic
rphC,rphC,rphC
rphD,rphD,rphD
mphJ,mphJ,mphJ
aac(6')-35,aac(6')-35,aac(6')-35
blaACT-101,blaACT-101,blaACT
blaOXA-653,blaOXA-653,blaOXA
erm(46),erm(46),erm(46)
erm(47),erm(47),erm(47)
aph(3')-II-therm,aph(3')-II,aph(3')-II
blaARL-4,blaARL-4,blaARL
blaARL-3,blaARL-3,blaARL
blaARL-1,blaARL-1,blaARL
blaARL-5,blaARL-5,blaARL
blaARL-6,blaARL-6,blaARL
blaOXA-548,blaOXA-548,blaOXA
blaOXA-549,blaOXA-549,blaOXA
blaOXA-550,blaOXA-550,blaOXA
blaOXA-551,blaOXA-551,blaOXA
blaOXA-552,blaOXA-552,blaOXA
blaOXA-553,blaOXA-553,blaOXA
blaOXA-546,blaOXA-546,blaOXA
mecD,mecD,mecD
blaCTX-M-199,blaCTX-M-199,blaCTX-M
erm(48),erm(48),erm(48)
blaCMY-153,blaCMY-153,blaCMY
blaPDC-179,blaPDC-179,blaPDC
blaPDC-180,blaPDC-180,blaPDC
blaPDC-181,blaPDC-181,blaPDC
blaPDC-182,blaPDC-182,blaPDC
blaPDC-183,blaPDC-183,blaPDC
blaPDC-185,blaPDC-185,blaPDC
blaPDC-186,blaPDC-186,blaPDC
blaPDC-187,blaPDC-187,blaPDC
blaPDC-188,blaPDC-188,blaPDC
blaPDC-190,blaPDC-190,blaPDC
blaPDC-191,blaPDC-191,blaPDC
blaPDC-193,blaPDC-193,blaPDC
blaPDC-194,blaPDC-194,blaPDC
blaPDC-198,blaPDC-198,blaPDC
blaPDC-199,blaPDC-199,blaPDC
blaPDC-200,blaPDC-200,blaPDC
blaPDC-201,blaPDC-201,blaPDC
blaPDC-202,blaPDC-202,blaPDC
blaPDC-203,blaPDC-203,blaPDC
blaPDC-204,blaPDC-204,blaPDC
blaPDC-205,blaPDC-205,blaPDC
blaPDC-206,blaPDC-206,blaPDC
blaPDC-208,blaPDC-208,blaPDC
blaPDC-209,blaPDC-209,blaPDC
blaPDC-210,blaPDC-210,blaPDC
blaOXA-576,blaOXA-576,blaOXA
blaKPC-56,blaKPC-56,blaKPC
blaOKP-B-34,blaOKP-B-34,blaOKP-B
blaOKP-B-21,blaOKP-B-21,blaOKP-B
blaSHV-232,blaSHV-232,blaSHV
blaMIR-24,blaMIR-24,blaMIR
aac(6')-Ib-G,aac(6')-Ib,aac(6')-Ib
blaADC-220,blaADC-220,blaADC
mcr-3.19,mcr-3.19,mcr-3
blaFRI-2,blaFRI-2,blaFRI
blaOXY-1-14,blaOXY-1-14,blaOXY
emtA,emtA,emtA
blaFRI-4,blaFRI-4,blaFRI
blaCTX-M-127,blaCTX-M-127,blaCTX-M
blaCTX-M-203,blaCTX-M-203,blaCTX-M
blaCMY-154,blaCMY-154,blaCMY
blaIMP-67,blaIMP-67,blaIMP
blaCTX-M-202,blaCTX-M-202,blaCTX-M
blaPDC-211,blaPDC-211,blaPDC
blaPDC-212,blaPDC-212,blaPDC
blaPDC-220,blaPDC-220,blaPDC
blaPDC-214,blaPDC-214,blaPDC
blaPDC-215,blaPDC-215,blaPDC
blaPDC-216,blaPDC-216,blaPDC
blaPDC-217,blaPDC-217,blaPDC
blaPDC-218,blaPDC-218,blaPDC
blaPDC-219,blaPDC-219,blaPDC
blaCTX-M-204,blaCTX-M-204,blaCTX-M
blaSHV-198,blaSHV-198,blaSHV
blaADC-157,blaADC-157,blaADC
blaOXA-624,blaOXA-624,blaOXA
tmexC2,tmexC2,tmexC
toprJ2,toprJ2,toprJ
blaPEN-A28,blaPEN-A28,blaPEN-A
blaPEN-A20,blaPEN-A20,blaPEN-A
blaPEN-A37,blaPEN-A37,blaPEN-A
blaOXA-535,blaOXA-535,blaOXA
mcr-3.5,mcr-3.5,mcr-3
blaOXA-666,blaOXA-666,blaOXA
blaCMY-155,blaCMY-155,blaCMY
blaOXA-514,blaOXA-514,blaOXA
blaOXA-515,blaOXA-515,blaOXA
blaIMP-59,blaIMP-59,blaIMP
blaPDC-118,blaPDC-118,blaPDC
blaVIM-52,blaVIM-52,blaVIM
blaOXA-519,blaOXA-519,blaOXA
blaIMI-13,blaIMI-13,blaIMI
blaNDM-19,blaNDM-19,blaNDM
blaOXA-566,blaOXA-566,blaOXA
blaVEB-19,blaVEB-19,blaVEB
blaCTX-M-200,blaCTX-M-200,blaCTX-M
blaCTX-M-201,blaCTX-M-201,blaCTX-M
blaSHV-199,blaSHV-199,blaSHV
blaIMI-16,blaIMI-16,blaIMI
blaOXA-1264,blaOXA-1264,blaOXA
blaCTX-M-224,blaCTX-M-224,blaCTX-M
mcr-3.22,mcr-3.22,mcr-3
tet(X4),tet(X4),tet(X4)
mcr-3.21,mcr-3.21,mcr-3
mcr-3.23,mcr-3.23,mcr-3
mcr-3.2,mcr-3.2,mcr-3
mcr-3.24,mcr-3.24,mcr-3
mcr-2.3,mcr-2.3,mcr-2
blaTEM-103,blaTEM-103,blaTEM
blaOXA-1254,blaOXA-1254,blaOXA
blaOXA-198,blaOXA-198,blaOXA
poxtA-Ef,poxtA-Ef,poxtA-Ef
blaLEN-55,blaLEN-55,blaLEN
blaACT-57,blaACT-57,blaACT
blaPDC-457,blaPDC-457,blaPDC
aadA31,aadA31,aadA31
blaACT-149,blaACT-149,blaACT
vanG-Cd,vanG,vanG
blaCMH-22,blaCMH-22,blaCMH
qnrS14,qnrS14,qnrS
blaOXA-667,blaOXA-667,blaOXA
blaKPC-29,blaKPC-29,blaKPC
blaOXA-427,blaOXA-427,blaOXA
mcr-1.10,mcr-1.10,mcr-1
blaIMP-68,blaIMP-68,blaIMP
blaMOX-13,blaMOX-13,blaMOX
blaFOX-15,blaFOX-15,blaFOX
blaCMY-157,blaCMY-157,blaCMY
blaSHV-200,blaSHV-200,blaSHV
sal(E),sal(E),sal(E)
blaPER-12,blaPER-12,blaPER
blaADC-348,blaADC-348,blaADC
qepA6,qepA6,qepA
blaOXY-2-25,blaOXY-2-25,blaOXY
blaOXY-6-7,blaOXY-6-7,blaOXY
blaFONA-7,blaFONA-7,blaFONA
vanH-B,vanH-B,vanH-B
blaTEM-196,blaTEM-196,blaTEM
blaAQU,blaAQU,blaAQU
blaOXA-368,blaOXA-368,blaOXA
blaADC-153,blaADC-153,blaADC
mcr-4.1,mcr-4.1,mcr-4
mcr-3.7,mcr-3.7,mcr-3
mcr-3.8,mcr-3.8,mcr-3
mcr-3.9,mcr-3.9,mcr-3
blaNDM-21,blaNDM-21,blaNDM
blaIMP-69,blaIMP-69,blaIMP
blaOXA-567,blaOXA-567,blaOXA
blaCTX-M-205,blaCTX-M-205,blaCTX-M
blaSHV-203,blaSHV-203,blaSHV
blaACC-7,blaACC-7,blaACC
blaACT-54,blaACT-54,blaACT
blaMIR-22,blaMIR-22,blaMIR
blaOXA-568,blaOXA-568,blaOXA
mef(D),mef(D),mef(D)
blaBIM-1,blaBIM-1,blaBIM
dfrA35,dfrA35,dfrA35
mcr-1.9,mcr-1.9,mcr-1
blaLRA-18_fam,blaLRA18,blaLRA18
blaLRA-7,blaLRA7,blaLRA7
blaLRA-10_fam,blaLRA10,blaLRA10
tet(47),tet(47),tet(47)
tet(48),tet(48),tet(48)
tet(49),tet(49),tet(49)
tet(50),tet(50),tet(50)
tet(51),tet(51),tet(51)
tet(52),tet(52),tet(52)
tet(53),tet(53),tet(53)
tet(54),tet(54),tet(54)
blaPDC-173,blaPDC-173,blaPDC
mcr-6.1,mcr-6.1,mcr-6
mcr-3.3,mcr-3.3,mcr-3
mcr-1.11,mcr-1.11,mcr-1
mcr-3.10,mcr-3.10,mcr-3
blaIMI-17,blaIMI-17,blaIMI
blaMIR-29,blaMIR-29,blaMIR
blaAXC-2,blaAXC-2,blaAXC
blaOXA-925,blaOXA-925,blaOXA
blaKLUC-5,blaKLUC-5,blaKLUC
blaLEN-41,blaLEN-41,blaLEN
blaPDC-245,blaPDC-245,blaPDC
blaOXA-1292,blaOXA-1292,blaOXA
blaOXA-895,blaOXA-895,blaOXA
tcr3,tcr3,tcr3
tet(57),tet(57),tet(57)
tetA(60),tetA(60),tetA(60)
blaPDC-221,blaPDC-221,blaPDC
blaPDC-222,blaPDC-222,blaPDC
blaPDC-223,blaPDC-223,blaPDC
msr(G),msr(G),msr(G)
mef(F),mef(F),mef(F)
blaKPC-33,blaKPC-33,blaKPC
blaOXA-726,blaOXA-726,blaOXA
qnrB34,qnrB34,qnrB
blaPDC-224,blaPDC-224,blaPDC
blaADC-166,blaADC-166,blaADC
blaADC-168,blaADC-168,blaADC
blaB-20,blaB-20,blaB
blaGOB-24,blaGOB-24,blaGOB
aac(6')-Ib-AKT,aac(6')-Ib,aac(6')-Ib
blaOXA-1224,blaOXA-1224,blaOXA
fosM1,fosM1,fosM1
blaCTX-M-191,blaCTX-M-191,blaCTX-M
blaCTX-M-192,blaCTX-M-192,blaCTX-M
blaTEM-9,blaTEM-9,blaTEM
blaCTX-M-146,blaCTX-M-146,blaCTX-M
blaCTX-M-206,blaCTX-M-206,blaCTX-M
blaCTX-M-207,blaCTX-M-207,blaCTX-M
sul4,sul4,sul4
blaADC-170,blaADC-170,blaADC
blaIMP-70,blaIMP-70,blaIMP
blaGES-34,blaGES-34,blaGES
blaOXA-569,blaOXA-569,blaOXA
blaOXA-570,blaOXA-570,blaOXA
blaOXA-571,blaOXA-571,blaOXA
blaOXA-572,blaOXA-572,blaOXA
mcr-3.11,mcr-3.11,mcr-3
blaGOB-45,blaGOB-45,blaGOB
blaOXY-1-7,blaOXY-1-7,blaOXY
blaROB-5,blaROB-5,blaROB
mcr-3.25,mcr-3.25,mcr-3
blaMOX-15,blaMOX-15,blaMOX
blaCMY-182,blaCMY-182,blaCMY
sulX,sulX,sulX
blaPER-11,blaPER-11,blaPER
blaPDC-234,blaPDC-234,blaPDC
blaPDC-235,blaPDC-235,blaPDC
blaPDC-236,blaPDC-236,blaPDC
blaPDC-237,blaPDC-237,blaPDC
blaPDC-238,blaPDC-238,blaPDC
blaPDC-239,blaPDC-239,blaPDC
blaPDC-241,blaPDC-241,blaPDC
blaPDC-242,blaPDC-242,blaPDC
blaPDC-243,blaPDC-243,blaPDC
blaPDC-244,blaPDC-244,blaPDC
blaPDC-246,blaPDC-246,blaPDC
blaPDC-247,blaPDC-247,blaPDC
blaPDC-248,blaPDC-248,blaPDC
blaPDC-249,blaPDC-249,blaPDC
blaVIM-56,blaVIM-56,blaVIM
blaCTX-M-178,blaCTX-M-178,blaCTX-M
blaCTX-M-187,blaCTX-M-187,blaCTX-M
blaCMY-156,blaCMY-156,blaCMY
mcr-1.12,mcr-1.12,mcr-1
mcr-7.1,mcr-7.1,mcr-7
blaIMP-71,blaIMP-71,blaIMP
blaOXA-575,blaOXA-575,blaOXA
blaTEM-230,blaTEM-230,blaTEM
blaTEM-231,blaTEM-231,blaTEM
blaPDC-227,blaPDC-227,blaPDC
blaPDC-228,blaPDC-228,blaPDC
blaPDC-229,blaPDC-229,blaPDC
blaPDC-230,blaPDC-230,blaPDC
blaPDC-231,blaPDC-231,blaPDC
blaPDC-232,blaPDC-232,blaPDC
blaPDC-233,blaPDC-233,blaPDC
blaOXA-1325,blaOXA-1325,blaOXA
blaOXA-1255,blaOXA-1255,blaOXA
blaOXA-1166,blaOXA-1166,blaOXA
blaADC-288,blaADC-288,blaADC
blaSHV-224,blaSHV-224,blaSHV
blaOXA-1036,blaOXA-1036,blaOXA
aac(6')-Ib-G,aac(6')-Ib,aac(6')-Ib
aac(6')_E963,aac(6')-E963,aac(6')-E963
blaBUT-1,blaBUT-1,blaBUT
blaBUT-2,blaBUT-2,blaBUT
blaLHK-2,blaLHK-2,blaLHK
blaLHK-3,blaLHK-3,blaLHK
blaLHK-4,blaLHK-4,blaLHK
blaLHK-5,blaLHK-5,blaLHK
blaLHK-6,blaLHK-6,blaLHK
cfr(E),cfr(E),cfr(E)
blaOXA-1293,blaOXA-1293,blaOXA
cfr(D),cfr(D),cfr(D)
blaCMA-2,blaCMA-2,blaCMA
blaPEN-A7,blaPEN-A7,blaPEN-A
blaPEN-A32,blaPEN-A32,blaPEN-A
blaPEN-A27,blaPEN-A27,blaPEN-A
blaPEN-A26,blaPEN-A26,blaPEN-A
blaPEN-A13,blaPEN-A13,blaPEN-A
blaPEN-A3,blaPEN-A3,blaPEN-A
blaPEN-A9,blaPEN-A9,blaPEN-A
blaPEN-A11,blaPEN-A11,blaPEN-A
blaPEN-A4,blaPEN-A4,blaPEN-A
blaPEN-A23,blaPEN-A23,blaPEN-A
blaPEN-A19,blaPEN-A19,blaPEN-A
blaPEN-A29,blaPEN-A29,blaPEN-A
blaPEN-A35,blaPEN-A35,blaPEN-A
blaPEN-A2,blaPEN-A2,blaPEN-A
blaPEN-A6,blaPEN-A6,blaPEN-A
blaPEN-A30,blaPEN-A30,blaPEN-A
blaPEN-A12,blaPEN-A12,blaPEN-A
blaPEN-A24,blaPEN-A24,blaPEN-A
blaPEN-A5,blaPEN-A5,blaPEN-A
blaPEN-A16,blaPEN-A16,blaPEN-A
blaPEN-A18,blaPEN-A18,blaPEN-A
blaPEN-A38,blaPEN-A38,blaPEN-A
blaPEN-A21,blaPEN-A21,blaPEN-A
blaPEN-A22,blaPEN-A22,blaPEN-A
blaPEN-A10,blaPEN-A10,blaPEN-A
blaPEN-A25,blaPEN-A25,blaPEN-A
blaPEN-A34,blaPEN-A34,blaPEN-A
blaADC-268,blaADC-268,blaADC
blaPEN-A17,blaPEN-A17,blaPEN-A
blaCMY-150,blaCMY-150,blaCMY
mcr-1.18,mcr-1.18,mcr-1
blaCTX-M-213,blaCTX-M-213,blaCTX-M
vanY-M,vanY-M,vanY-M
blaB-28,blaB-28,blaB
blaGOB-34,blaGOB-34,blaGOB
blaPEN-A15,blaPEN-A15,blaPEN-A
blaLMB-1,blaLMB-1,blaLMB
blaOXY-5-5,blaOXY-5-5,blaOXY
blaSHV-220,blaSHV-220,blaSHV
blaPEN-B1,blaPEN-B1,blaPEN-B
blaADC-263,blaADC-263,blaADC
tet(S),tet(S),tet(S)
dfrA14,dfrA14,dfrA14
qnrB11,qnrB11,qnrB
vanY-D,vanY-D,vanY-D
qnrB22,qnrB22,qnrB
tet(33),tet(33),tet(33)
blaSTA-1,blaSTA-1,blaSTA
blaORR-1,blaORR-1,blaORR
blaKPC-34,blaKPC-34,blaKPC
qnrD3,qnrD3,qnrD
qnrB81,qnrB81,qnrB
qnrB82,qnrB82,qnrB
blaOXA-542,blaOXA-542,blaOXA
blaNDM-20,blaNDM-20,blaNDM
blaCRH-2,blaCRH-2,blaCRH
blaCRH-3,blaCRH-3,blaCRH
mcr-1.14,mcr-1.14,mcr-1
blaIMP-73,blaIMP-73,blaIMP
mcr-4.5,mcr-4.5,mcr-4
mcr-4.4,mcr-4.4,mcr-4
mcr-1.13,mcr-1.13,mcr-1
mcr-5.2,mcr-5.2,mcr-5
mcr-4.2,mcr-4.2,mcr-4
blaTEM-232,blaTEM-232,blaTEM
blaCTX-M-208,blaCTX-M-208,blaCTX-M
blaCTX-M-209,blaCTX-M-209,blaCTX-M
blaCTX-M-210,blaCTX-M-210,blaCTX-M
blaCTX-M-211,blaCTX-M-211,blaCTX-M
blaCTX-M-212,blaCTX-M-212,blaCTX-M
blaCMY-161,blaCMY-161,blaCMY
blaFOX-16,blaFOX-16,blaFOX
blaDHA-27,blaDHA-27,blaDHA
blaDHA-26,blaDHA-26,blaDHA
blaCTX-M-214,blaCTX-M-214,blaCTX-M
mcr-3.12,mcr-3.12,mcr-3
blaOXA-649,blaOXA-649,blaOXA
blaOXA-641,blaOXA-641,blaOXA
blaFRI-5,blaFRI-5,blaFRI
blaGPC-1,blaGPC-1,blaGPC
blaOXA-619,blaOXA-619,blaOXA
blaOXA-620,blaOXA-620,blaOXA
blaOXA-636,blaOXA-636,blaOXA
blaOXA-635,blaOXA-635,blaOXA
blaOXA-631,blaOXA-631,blaOXA
blaOXA-626,blaOXA-626,blaOXA
blaOXA-627,blaOXA-627,blaOXA
blaOXA-633,blaOXA-633,blaOXA
blaOXA-628,blaOXA-628,blaOXA
blaOXA-634,blaOXA-634,blaOXA
blaOXA-630,blaOXA-630,blaOXA
blaOXA-632,blaOXA-632,blaOXA
blaOXA-608,blaOXA-608,blaOXA
blaOXA-584,blaOXA-584,blaOXA
blaOXA-585,blaOXA-585,blaOXA
blaOXA-586,blaOXA-586,blaOXA
blaOXA-577,blaOXA-577,blaOXA
blaOXA-587,blaOXA-587,blaOXA
blaOXA-596,blaOXA-596,blaOXA
blaOXA-600,blaOXA-600,blaOXA
blaOXA-588,blaOXA-588,blaOXA
blaOXA-589,blaOXA-589,blaOXA
blaOXA-593,blaOXA-593,blaOXA
blaOXA-599,blaOXA-599,blaOXA
blaOXA-610,blaOXA-610,blaOXA
blaOXA-612,blaOXA-612,blaOXA
blaOXA-598,blaOXA-598,blaOXA
blaOXA-607,blaOXA-607,blaOXA
blaOXA-590,blaOXA-590,blaOXA
blaOXA-604,blaOXA-604,blaOXA
blaOXA-602,blaOXA-602,blaOXA
blaOXA-606,blaOXA-606,blaOXA
blaOXA-582,blaOXA-582,blaOXA
blaOXA-605,blaOXA-605,blaOXA
blaOXA-640,blaOXA-640,blaOXA
blaOXA-616,blaOXA-616,blaOXA
blaOXA-613,blaOXA-613,blaOXA
blaOXA-622,blaOXA-622,blaOXA
blaOXA-618,blaOXA-618,blaOXA
blaOXA-617,blaOXA-617,blaOXA
blaOXA-615,blaOXA-615,blaOXA
blaOXA-621,blaOXA-621,blaOXA
qepA8,qepA8,qepA
blaTEM-233,blaTEM-233,blaTEM
blaPDC-251,blaPDC-251,blaPDC
blaPDC-252,blaPDC-252,blaPDC
blaPDC-253,blaPDC-253,blaPDC
blaPDC-254,blaPDC-254,blaPDC
blaPDC-255,blaPDC-255,blaPDC
blaPDC-256,blaPDC-256,blaPDC
blaPDC-257,blaPDC-257,blaPDC
blaPDC-258,blaPDC-258,blaPDC
blaPDC-259,blaPDC-259,blaPDC
blaPDC-260,blaPDC-260,blaPDC
blaPDC-261,blaPDC-261,blaPDC
blaPDC-262,blaPDC-262,blaPDC
blaPDC-263,blaPDC-263,blaPDC
blaPDC-264,blaPDC-264,blaPDC
blaPDC-265,blaPDC-265,blaPDC
blaPDC-266,blaPDC-266,blaPDC
blaPDC-267,blaPDC-267,blaPDC
blaPDC-268,blaPDC-268,blaPDC
blaPDC-270,blaPDC-270,blaPDC
blaPDC-272,blaPDC-272,blaPDC
blaPDC-273,blaPDC-273,blaPDC
blaPDC-274,blaPDC-274,blaPDC
blaIMP-74,blaIMP-74,blaIMP
blaIMP-75,blaIMP-75,blaIMP
blaCTX-M-216,blaCTX-M-216,blaCTX-M
blaTEM-234,blaTEM-234,blaTEM
blaCTX-M-217,blaCTX-M-217,blaCTX-M
blaSHV-204,blaSHV-204,blaSHV
blaNDM-22,blaNDM-22,blaNDM
blaCTX-M-218,blaCTX-M-218,blaCTX-M
blaCMY-160,blaCMY-160,blaCMY
blaOXA-654,blaOXA-654,blaOXA
blaTEM-7,blaTEM-7,blaTEM
blaTEM-5,blaTEM-5,blaTEM
qnrA9,qnrA9,qnrA
blaCTX-M-219,blaCTX-M-219,blaCTX-M
blaCTX-M-154,blaCTX-M-154,blaCTX-M
blaTEM-235,blaTEM-235,blaTEM
blaLEN-12,blaLEN-12,blaLEN
blaOXY-10-1,blaOXY-10-1,blaOXY
blaOXA-796,blaOXA-796,blaOXA
blaTEM-256,blaTEM-256,blaTEM
blaPAM-3,blaPAM-3,blaPAM
mcr-3.13,mcr-3.13,mcr-3
mcr-3.14,mcr-3.14,mcr-3
mcr-3.15,mcr-3.15,mcr-3
mcr-3.16,mcr-3.16,mcr-3
mcr-3.17,mcr-3.17,mcr-3
mcr-3.18,mcr-3.18,mcr-3
blaGES-35,blaGES-35,blaGES
blaGES-36,blaGES-36,blaGES
blaGES-37,blaGES-37,blaGES
blaCMY-162,blaCMY-162,blaCMY
blaKPC-35,blaKPC-35,blaKPC
blaOXA-815,blaOXA-815,blaOXA
blaPDC-275,blaPDC-275,blaPDC
blaPDC-294,blaPDC-294,blaPDC
blaPDC-295,blaPDC-295,blaPDC
blaPDC-296,blaPDC-296,blaPDC
blaPDC-297,blaPDC-297,blaPDC
blaPDC-299,blaPDC-299,blaPDC
blaPDC-300,blaPDC-300,blaPDC
blaPDC-276,blaPDC-276,blaPDC
blaPDC-277,blaPDC-277,blaPDC
blaPDC-279,blaPDC-279,blaPDC
blaPDC-280,blaPDC-280,blaPDC
blaPDC-281,blaPDC-281,blaPDC
blaPDC-282,blaPDC-282,blaPDC
blaPDC-283,blaPDC-283,blaPDC
blaPDC-284,blaPDC-284,blaPDC
blaPDC-287,blaPDC-287,blaPDC
blaPDC-288,blaPDC-288,blaPDC
blaPDC-289,blaPDC-289,blaPDC
blaPDC-290,blaPDC-290,blaPDC
blaCTX-M-220,blaCTX-M-220,blaCTX-M
blaPDC-291,blaPDC-291,blaPDC
blaPDC-292,blaPDC-292,blaPDC
blaPDC-293,blaPDC-293,blaPDC
blaCMY-163,blaCMY-163,blaCMY
blaOXA-657,blaOXA-657,blaOXA
blaPDC-301,blaPDC-301,blaPDC
blaPDC-302,blaPDC-302,blaPDC
blaPDC-303,blaPDC-303,blaPDC
blaKPC-23,blaKPC-23,blaKPC
blaNDM-23,blaNDM-23,blaNDM
blaNDM-24,blaNDM-24,blaNDM
blaVIM-57,blaVIM-57,blaVIM
cfr(B),cfr(B),cfr(B)
cfr(C),cfr(C),cfr(C)
blaVIM-58,blaVIM-58,blaVIM
blaACT-58,blaACT-58,blaACT
blaIMI-27,blaIMI-27,blaIMI
blaACT-62,blaACT-62,blaACT
blaACT-60,blaACT-60,blaACT
blaACT-61,blaACT-61,blaACT
qepA9,qepA9,qepA
blaOXY-8-1,blaOXY-8-1,blaOXY
blaRAHN-4,blaRAHN-4,blaRAHN
blaACT-63,blaACT-63,blaACT
blaACT-59,blaACT-59,blaACT
qepA10,qepA10,qepA
aac(6')-Ib-D181Y,aac(6')-Ib,aac(6')-Ib
blaRAHN-6,blaRAHN-6,blaRAHN
blaPDC-572,blaPDC-572,blaPDC
blaOXA-854,blaOXA-854,blaOXA
blaADC-199,blaADC-199,blaADC
blaOXA-739,blaOXA-739,blaOXA
blaOXA-1273,blaOXA-1273,blaOXA
blaOXA-853,blaOXA-853,blaOXA
blaADC-258,blaADC-258,blaADC
blaOXA-926,blaOXA-926,blaOXA
blaADC-289,blaADC-289,blaADC
blaOXA-727,blaOXA-727,blaOXA
mcr-1.37,mcr-1.37,mcr-1
fosA9,fosA9,fosA
mcr-3.39,mcr-3.39,mcr-3
blaOKP-B-40,blaOKP-B-40,blaOKP-B
blaOXA-729,blaOXA-729,blaOXA
blaKPC-36,blaKPC-36,blaKPC
blaADC-174,blaADC-174,blaADC
blaADC-177,blaADC-177,blaADC
blaADC-178,blaADC-178,blaADC
blaADC-179,blaADC-179,blaADC
blaADC-180,blaADC-180,blaADC
blaOXA-661,blaOXA-661,blaOXA
blaOXA-662,blaOXA-662,blaOXA
mcr-8.1,mcr-8.1,mcr-8
blaOXA-659,blaOXA-659,blaOXA
blaVIM-60,blaVIM-60,blaVIM
mcr-5.3,mcr-5.3,mcr-5
blaOXA-660,blaOXA-660,blaOXA
blaIMP-76,blaIMP-76,blaIMP
blaIMP-77,blaIMP-77,blaIMP
blaIMP-78,blaIMP-78,blaIMP
blaVIM-59,blaVIM-59,blaVIM
blaCTX-M-221,blaCTX-M-221,blaCTX-M
blaEBR-4,blaEBR-4,blaEBR
blaSHV-210,blaSHV-210,blaSHV
cml_Ensi,cml,cml
blaADC-284,blaADC-284,blaADC
blaKPC-40,blaKPC-40,blaKPC
blaADC-257,blaADC-257,blaADC
emrD3,emrD3,emrD3
blaROB-10,blaROB-10,blaROB
mcr-4.6,mcr-4.6,mcr-4
blaCTX-M-222,blaCTX-M-222,blaCTX-M
mcr-1.15,mcr-1.15,mcr-1
blaTEM-236,blaTEM-236,blaTEM
blaKPC-37,blaKPC-37,blaKPC
blaOXA-731,blaOXA-731,blaOXA
blaPDC-304,blaPDC-304,blaPDC
blaOXA-728,blaOXA-728,blaOXA
blaOXA-730,blaOXA-730,blaOXA
blaPDC-305,blaPDC-305,blaPDC
blaPDC-306,blaPDC-306,blaPDC
blaIMP-79,blaIMP-79,blaIMP
aac(6')-Ib-G,aac(6')-Ib,aac(6')-Ib
aac(6')-Ib-W104R,aac(6')-Ib,aac(6')-Ib
blaSHV-116,blaSHV-116,blaSHV
aac(6')-Ib-generic,aac(6')-Ib,aac(6')-Ib
blaLEN-58,blaLEN-58,blaLEN
blaSHV-223,blaSHV-223,blaSHV
blaOXA-1183,blaOXA-1183,blaOXA
blaACT-150,blaACT-150,blaACT
cfxA6,cfxA6,cfxA6
blaCMH-23,blaCMH-23,blaCMH
tmexC1,tmexC1,tmexC
tmexD1,tmexD1,tmexD
mcr-8.4,mcr-8.4,mcr-8
blaADC-278,blaADC-278,blaADC
blaBMHC-1,blaBMHC-1,blaBMHC
blaOXA-1150,blaOXA-1150,blaOXA
blaOXY-1-15,blaOXY-1-15,blaOXY
bont_A1,cfr,cfr
blaPDC-526,blaPDC-526,blaPDC
blaPDC-367,blaPDC-367,blaPDC
blaOXA-1021,blaOXA-1021,blaOXA
blaOXA-932,blaOXA-932,blaOXA
blaPDC-364,blaPDC-364,blaPDC
blaACT-87,blaACT-87,blaACT
blaCTX-M-248,blaCTX-M-248,blaCTX-M
blaFONA-10,blaFONA-10,blaFONA
blaOKP-B-22,blaOKP-B-22,blaOKP-B
blaEFM-1,blaEFM-1,blaEFM
blaEVM-1,blaEVM-1,blaEVM
blaECM-1,blaECM-1,blaECM
blaEAM-1,blaEAM-1,blaEAM
blaGES-38,blaGES-38,blaGES
blaGES-39,blaGES-39,blaGES
blaVIM-53,blaVIM-53,blaVIM
blaDHT2-1,blaDHT2-1,blaDHT2
blaSPN79-1,blaSPN79-1,blaSPN79
blaCRD3-1,blaCRD3-1,blaCRD3
blaALG6-1,blaALG6-1,blaALG6
blaALG11-1,blaALG11-1,blaALG11
blaGRD33-1,blaGRD33-1,blaGRD33
blaGRD23-1,blaGRD23-1,blaGRD23
blaCMY-158,blaCMY-158,blaCMY
blaCMY-159,blaCMY-159,blaCMY
blaSHV-201,blaSHV-201,blaSHV
blaSHV-202,blaSHV-202,blaSHV
aac(6')-Ie_fam,aac(6')-Ie/aph(2''),aac(6')-Ie/aph(2'')
aph(2''),aac(6')-Ie/aph(2''),aac(6')-Ie/aph(2'')
blaTEM-237,blaTEM-237,blaTEM
blaOXA-655,blaOXA-655,blaOXA
blaOXA-656,blaOXA-656,blaOXA
blaOXA-733,blaOXA-733,blaOXA
blaPDC-307,blaPDC-307,blaPDC
blaPDC-308,blaPDC-308,blaPDC
blaPDC-309,blaPDC-309,blaPDC
blaPDC-310,blaPDC-310,blaPDC
blaPDC-311,blaPDC-311,blaPDC
blaPDC-312,blaPDC-312,blaPDC
blaPDC-313,blaPDC-313,blaPDC
blaPDC-314,blaPDC-314,blaPDC
blaOXA-734,blaOXA-734,blaOXA
blaOXA-735,blaOXA-735,blaOXA
blaOXA-736,blaOXA-736,blaOXA
blaOXA-737,blaOXA-737,blaOXA
blaOXA-675,blaOXA-675,blaOXA
blaOXA-676,blaOXA-676,blaOXA
blaOXA-677,blaOXA-677,blaOXA
blaOXA-678,blaOXA-678,blaOXA
blaIMP-80,blaIMP-80,blaIMP
blaCTX-M-223,blaCTX-M-223,blaCTX-M
blaSHV-205,blaSHV-205,blaSHV
blaOXA-680,blaOXA-680,blaOXA
blaSHV-208,blaSHV-208,blaSHV
blaSHV-209,blaSHV-209,blaSHV
blaSHV-212,blaSHV-212,blaSHV
blaSHV-213,blaSHV-213,blaSHV
blaSHV-214,blaSHV-214,blaSHV
blaSHV-215,blaSHV-215,blaSHV
blaSHV-216,blaSHV-216,blaSHV
blaSHV-217,blaSHV-217,blaSHV
blaSHV-218,blaSHV-218,blaSHV
blaSHV-219,blaSHV-219,blaSHV
blaSHV-221,blaSHV-221,blaSHV
blaSHV-222,blaSHV-222,blaSHV
blaSHV-225,blaSHV-225,blaSHV
blaSHV-226,blaSHV-226,blaSHV
blaSHV-227,blaSHV-227,blaSHV
blaSHV-228,blaSHV-228,blaSHV
blaOXA-681,blaOXA-681,blaOXA
blaPDC-315,blaPDC-315,blaPDC
blaPDC-316,blaPDC-316,blaPDC
blaOXA-682,blaOXA-682,blaOXA
blaOXA-683,blaOXA-683,blaOXA
blaOXA-684,blaOXA-684,blaOXA
blaOXA-685,blaOXA-685,blaOXA
blaOXA-686,blaOXA-686,blaOXA
blaOXA-687,blaOXA-687,blaOXA
blaOXA-688,blaOXA-688,blaOXA
blaOXA-689,blaOXA-689,blaOXA
blaOXA-690,blaOXA-690,blaOXA
blaOXA-691,blaOXA-691,blaOXA
blaOXA-692,blaOXA-692,blaOXA
blaOXA-693,blaOXA-693,blaOXA
blaOXA-694,blaOXA-694,blaOXA
blaOXA-695,blaOXA-695,blaOXA
blaOXA-696,blaOXA-696,blaOXA
blaOXA-697,blaOXA-697,blaOXA
blaOXA-698,blaOXA-698,blaOXA
blaOXA-699,blaOXA-699,blaOXA
blaOXA-700,blaOXA-700,blaOXA
blaOXA-701,blaOXA-701,blaOXA
blaOXA-702,blaOXA-702,blaOXA
blaOXA-703,blaOXA-703,blaOXA
blaOXA-704,blaOXA-704,blaOXA
blaOXA-705,blaOXA-705,blaOXA
blaOXA-706,blaOXA-706,blaOXA
blaOXA-707,blaOXA-707,blaOXA
blaOXA-718,blaOXA-718,blaOXA
blaOXA-719,blaOXA-719,blaOXA
blaOXA-720,blaOXA-720,blaOXA
blaOXA-721,blaOXA-721,blaOXA
blaOXA-722,blaOXA-722,blaOXA
blaOXA-723,blaOXA-723,blaOXA
blaOXA-708,blaOXA-708,blaOXA
blaOXA-709,blaOXA-709,blaOXA
blaOXA-710,blaOXA-710,blaOXA
blaOXA-711,blaOXA-711,blaOXA
blaOXA-712,blaOXA-712,blaOXA
blaOXA-713,blaOXA-713,blaOXA
blaOXA-714,blaOXA-714,blaOXA
blaOXA-777,blaOXA-777,blaOXA
blaOXA-778,blaOXA-778,blaOXA
tet(W/N/W),tet(W/N/W),tet(W/N/W)
blaOXA-779,blaOXA-779,blaOXA
blaOXA-679,blaOXA-679,blaOXA
blaGES-40,blaGES-40,blaGES
blaKPC-38,blaKPC-38,blaKPC
blaNDM-27,blaNDM-27,blaNDM
blaVIM-61,blaVIM-61,blaVIM
blaFLC-1,blaFLC-1,blaFRI
aac(6')-Ib-AKT,aac(6')-Ib,aac(6')-Ib
mcr-9.1,mcr-9.1,mcr-9
blaLEN-51,blaLEN-51,blaLEN
blaCIM-1,blaCIM-1,blaCIB
aac(6')-Ib-cr10,aac(6')-Ib-cr10,aac(6')-Ib-cr
blaOXA-1124,blaOXA-1124,blaOXA
blaPDC-529,blaPDC-529,blaPDC
blaPDC-407,blaPDC-407,blaPDC
blaOXA-1252,blaOXA-1252,blaOXA
tet(64),tet(64),tet(64)
blaOXA-834,blaOXA-834,blaOXA
blaADC-114,blaADC-114,blaADC
blaOXA-1083,blaOXA-1083,blaOXA
qnrB96,qnrB96,qnrB
blaEC,blaEC,blaEC
blaPDC-371,blaPDC-371,blaPDC
aac(6')-Ib-G,aac(6')-Ib,aac(6')-Ib
blaOXA-785,blaOXA-785,blaOXA
blaACT-108,blaACT-108,blaACT
blaOXY-2-26,blaOXY-2-26,blaOXY
blaACT-151,blaACT-151,blaACT
blaOXA-1267,blaOXA-1267,blaOXA
blaOXA-1020,blaOXA-1020,blaOXA
blaPDC-535,blaPDC-535,blaPDC
blaOXA-1131,blaOXA-1131,blaOXA
pmrA,pmrA,pmrA
blaACT-76,blaACT-76,blaACT
blaOXA-1029,blaOXA-1029,blaOXA
bexA,bexA,bexA
blaFRI-6,blaFRI-6,blaFRI
mecC2,mecC2,mecC2
blaADC-183,blaADC-183,blaADC
blaCARB-50,blaCARB-50,blaRTG
blaCFE-2,blaCFE-2,blaCFE
blaCTX-M-215,blaCTX-M-215,blaCTX-M
blaDHA-28,blaDHA-28,blaDHA
blaKPC-39,blaKPC-39,blaKPC
blaOXA-738,blaOXA-738,blaOXA
blaOXA-740,blaOXA-740,blaOXA
blaOXA-741,blaOXA-741,blaOXA
blaOXA-742,blaOXA-742,blaOXA
blaOXA-743,blaOXA-743,blaOXA
blaOXA-744,blaOXA-744,blaOXA
blaOXA-745,blaOXA-745,blaOXA
blaOXA-746,blaOXA-746,blaOXA
blaOXA-747,blaOXA-747,blaOXA
blaOXA-748,blaOXA-748,blaOXA
blaOXA-749,blaOXA-749,blaOXA
blaOXA-750,blaOXA-750,blaOXA
blaOXA-751,blaOXA-751,blaOXA
blaOXA-752,blaOXA-752,blaOXA
blaOXA-753,blaOXA-753,blaOXA
blaOXA-754,blaOXA-754,blaOXA
blaOXA-755,blaOXA-755,blaOXA
blaOXA-756,blaOXA-756,blaOXA
blaOXA-757,blaOXA-757,blaOXA
blaOXA-758,blaOXA-758,blaOXA
blaOXA-759,blaOXA-759,blaOXA
blaOXA-760,blaOXA-760,blaOXA
blaOXA-761,blaOXA-761,blaOXA
blaOXA-762,blaOXA-762,blaOXA
blaOXA-763,blaOXA-763,blaOXA
blaOXA-764,blaOXA-764,blaOXA
blaOXA-765,blaOXA-765,blaOXA
blaOXA-766,blaOXA-766,blaOXA
blaOXA-767,blaOXA-767,blaOXA
blaOXA-768,blaOXA-768,blaOXA
blaOXA-769,blaOXA-769,blaOXA
blaOXA-770,blaOXA-770,blaOXA
blaOXA-771,blaOXA-771,blaOXA
blaOXA-772,blaOXA-772,blaOXA
blaOXA-773,blaOXA-773,blaOXA
blaOXA-774,blaOXA-774,blaOXA
blaOXA-775,blaOXA-775,blaOXA
blaOXA-776,blaOXA-776,blaOXA
blaOXA-781,blaOXA-781,blaOXA
blaOXA-782,blaOXA-782,blaOXA
blaOXA-783,blaOXA-783,blaOXA
blaOXA-786,blaOXA-786,blaOXA
blaPDC-317,blaPDC-317,blaPDC
blaRSA2-1,blaRSA2-1,blaRSA2
blaRSC1-1,blaRSC1-1,blaRSC1
blaRSD1-1,blaRSD1-1,blaRSD1
blaRSD2-1,blaRSD2-1,blaRSD2
blaRSD2-2,blaRSD2-2,blaRSD2
blaVEB-20,blaVEB-20,blaVEB
blaVIM-62,blaVIM-62,blaVIM
qnrS15,qnrS15,qnrS
blaOXA-1037,blaOXA-1037,blaOXA
blaMOX-25,blaMOX-25,blaMOX
aac(6')_E526,aac(6')-E526,aac(6')-E526
blaPDC-353,blaPDC-353,blaPDC
blaOXA-1271,blaOXA-1271,blaOXA
blaACT-106,blaACT-106,blaACT
mcr-1.19,mcr-1.19,mcr-1
erm(56),erm(56),erm(56)
blaADC-207,blaADC-207,blaADC
blaVIM-69,blaVIM-69,blaVIM
dfrA50,dfrA50,dfrA50
erm(51),erm(51),erm(51)
blaTEM-238,blaTEM-238,blaTEM
aac(6')-Ib-cr9,aac(6')-Ib-cr9,aac(6')-Ib-cr
blaADC-235,blaADC-235,blaADC
dfrA37,dfrA37,dfrA37
aac(6')-Ib-AKT,aac(6')-Ib,aac(6')-Ib
blaPDC-443,blaPDC-443,blaPDC
blaROB-11,blaROB-11,blaROB
blaADC-356,blaADC-356,blaADC
blaPDC-433,blaPDC-433,blaPDC
lmrC_abcf,lmrC,lmrC
blaNDM-16b,blaNDM-16b,blaNDM
blaADC-194,blaADC-194,blaADC
blaOXA-822,blaOXA-822,blaOXA
blaACT-112,blaACT-112,blaACT
blaCMY-181,blaCMY-181,blaCMY
blaPDC-319,blaPDC-319,blaPDC
blaPDC-402,blaPDC-402,blaPDC
blaPDC-613,blaPDC-613,blaPDC
blaPDC-408,blaPDC-408,blaPDC
blaPDC-423,blaPDC-423,blaPDC
aac(6')-Ib-G,aac(6')-Ib,aac(6')-Ib
blaOXA-1153,blaOXA-1153,blaOXA
blaGES-41,blaGES-41,blaGES
adeC,adeC,adeC
blaLEN-39,blaLEN-39,blaLEN
blaOKP-C-1,blaOKP-C-1,blaOKP-C
blaLEN-40,blaLEN-40,blaLEN
blaLEN-38,blaLEN-38,blaLEN
blaACT-68,blaACT-68,blaACT
blaADC-109,blaADC-109,blaADC
blaADC-110,blaADC-110,blaADC
blaADC-112,blaADC-112,blaADC
blaADC-113,blaADC-113,blaADC
blaADC-187,blaADC-187,blaADC
blaADC-188,blaADC-188,blaADC
blaADC-189,blaADC-189,blaADC
blaADC-190,blaADC-190,blaADC
blaADC-192,blaADC-192,blaADC
blaADC-24,blaADC-24,blaADC
blaADC-65,blaADC-65,blaADC
blaADC-66,blaADC-66,blaADC
blaCTX-M-225,blaCTX-M-225,blaCTX-M
blaCTX-M-226,blaCTX-M-226,blaCTX-M
blaFRI-7,blaFRI-7,blaFRI
blaIMI-18,blaIMI-18,blaIMI
blaIMP-39,blaIMP-39,blaIMP
blaIMP-46,blaIMP-46,blaIMP
blaKPC-42,blaKPC-42,blaKPC
blaKPC-43,blaKPC-43,blaKPC
blaNDM-28,blaNDM-28,blaNDM
blaOXA-114k,blaOXA-114k,blaOXA
blaOXA-114n,blaOXA-114n,blaOXA
blaOXA-114q,blaOXA-114q,blaOXA
blaOXA-114r,blaOXA-114r,blaOXA
blaOXA-114s,blaOXA-114s,blaOXA
blaOXA-114t,blaOXA-114t,blaOXA
blaOXA-114u,blaOXA-114u,blaOXA
blaOXA-114v,blaOXA-114v,blaOXA
blaOXA-114w,blaOXA-114w,blaOXA
blaOXA-114x,blaOXA-114x,blaOXA
blaOXA-787,blaOXA-787,blaOXA
blaOXA-788,blaOXA-788,blaOXA
blaOXA-793,blaOXA-793,blaOXA
blaOXA-794,blaOXA-794,blaOXA
blaOXA-795,blaOXA-795,blaOXA
blaOXA-797,blaOXA-797,blaOXA
blaOXA-798,blaOXA-798,blaOXA
blaOXA-799,blaOXA-799,blaOXA
blaOXA-800,blaOXA-800,blaOXA
blaOXA-801,blaOXA-801,blaOXA
blaOXA-802,blaOXA-802,blaOXA
blaOXA-803,blaOXA-803,blaOXA
blaOXA-804,blaOXA-804,blaOXA
blaOXA-805,blaOXA-805,blaOXA
blaOXA-806,blaOXA-806,blaOXA
blaOXA-807,blaOXA-807,blaOXA
blaOXA-808,blaOXA-808,blaOXA
blaOXA-809,blaOXA-809,blaOXA
blaOXA-810,blaOXA-810,blaOXA
blaOXA-811,blaOXA-811,blaOXA
blaOXA-823,blaOXA-823,blaOXA
blaOXA-824,blaOXA-824,blaOXA
blaPER-13,blaPER-13,blaPER
blaVIM-48,blaVIM-48,blaVIM
blaVIM-55,blaVIM-55,blaVIM
blaVIM-63,blaVIM-63,blaVIM
blaVIM-66,blaVIM-66,blaVIM
mcr-1.16,mcr-1.16,mcr-1
mcr-1.17,mcr-1.17,mcr-1
mcr-3.29,mcr-3.29,mcr-3
blaPDC-528,blaPDC-528,blaPDC
blaKBL-1,blaKBL-1,blaKBL
msr(H),msrH,msrH
blaADC-347,blaADC-347,blaADC
blaPDC-322,blaPDC-322,blaPDC
blaOXA-1190,blaOXA-1190,blaOXA
blaOXA-1162,blaOXA-1162,blaOXA
erm(53),erm(53),erm(53)
blaCMH-24,blaCMH-24,blaCMH
aac(6')-Ib-generic,aac(6')-Ib,aac(6')-Ib
aadA1,aadA1,aadA1
aadA2,aadA2,aadA2
aadA2,aadA2,aadA2
aadA2,aadA2,aadA2
aadA5,aadA5,aadA5
dfrA1,dfrA1,dfrA1
dfrA12,dfrA12,dfrA12
dfrA17,dfrA17,dfrA17
dfrA17,dfrA17,dfrA17
dfrA17,dfrA17,dfrA17
blaADC-195,blaADC-195,blaADC
blaB-15,blaB-15,blaB
blaCMY-164,blaCMY-164,blaCMY
blaFRI-8,blaFRI-8,blaFRI
blaFRI-9,blaFRI-9,blaFRI
blaIMI-19,blaIMI-19,blaIMI
blaKPC-44,blaKPC-44,blaKPC
blaOXA-643,blaOXA-643,blaOXA
blaOXA-644,blaOXA-644,blaOXA
blaOXA-645,blaOXA-645,blaOXA
blaOXA-647,blaOXA-647,blaOXA
blaOXA-648,blaOXA-648,blaOXA
blaOXA-650,blaOXA-650,blaOXA
blaOXA-825,blaOXA-825,blaOXA
blaOXA-826,blaOXA-826,blaOXA
blaOXA-827,blaOXA-827,blaOXA
blaOXA-828,blaOXA-828,blaOXA
blaOXA-829,blaOXA-829,blaOXA
blaOXA-831,blaOXA-831,blaOXA
blaOXA-833,blaOXA-833,blaOXA
blaPDC-333,blaPDC-333,blaPDC
blaPOM-2,blaPOM-2,blaPOM
blaVIM-64,blaVIM-64,blaVIM
blaVIM-65,blaVIM-65,blaVIM
mcr-1.20,mcr-1.20,mcr-1
mcr-1.21,mcr-1.21,mcr-1
mcr-3.26,mcr-3.26,mcr-3
blaPDC-454,blaPDC-454,blaPDC
blaOXA-935,blaOXA-935,blaOXA
blaOXY-4-2,blaOXY-4-2,blaOXY
blaOXY-3-2,blaOXY-3-2,blaOXY
blaOXY-9-1,blaOXY-9-1,blaOXY
blaOXY-4-3,blaOXY-4-3,blaOXY
blaOXY-4-4,blaOXY-4-4,blaOXY
blaOXY-4-5,blaOXY-4-5,blaOXY
blaOXY-8-3,blaOXY-8-3,blaOXY
blaOXY-8-2,blaOXY-8-2,blaOXY
blaVIM-78,blaVIM-78,blaVIM
blaVIM-67,blaVIM-67,blaVIM
blaOXY-3-3,blaOXY-3-3,blaOXY
blaOXA-894,blaOXA-894,blaOXA
blaADC-196,blaADC-196,blaADC
blaAQU,blaAQU,blaAQU
blaAQU,blaAQU,blaAQU
tet(55),tet(55),tet(55)
blaCAM-1,blaCAM-1,blaCAM
blaCMY-165,blaCMY-165,blaCMY
blaCMY-166,blaCMY-166,blaCMY
blaCMY-167,blaCMY-167,blaCMY
blaCTX-M-227,blaCTX-M-227,blaCTX-M
blaCTX-M-228,blaCTX-M-228,blaCTX-M
blaCTX-M-229,blaCTX-M-229,blaCTX-M
blaDHA-29,blaDHA-29,blaDHA
blaGES-42,blaGES-42,blaGES
blaGES-43,blaGES-43,blaGES
blaIMP-81,blaIMP-81,blaIMP
blaIMP-82,blaIMP-82,blaIMP
blaIMP-83,blaIMP-83,blaIMP
blaIMP-84,blaIMP-84,blaIMP
blaKPC-41,blaKPC-41,blaKPC
blaKPC-45,blaKPC-45,blaKPC
blaKPC-46,blaKPC-46,blaKPC
blaOXA-835,blaOXA-835,blaOXA
blaOXA-836,blaOXA-836,blaOXA
blaPAU-1,blaPAU-1,blaPAU
blaPDC-196,blaPDC-196,blaPDC
blaPDC-334,blaPDC-334,blaPDC
blaPDC-335,blaPDC-335,blaPDC
blaPDC-336,blaPDC-336,blaPDC
blaPDC-337,blaPDC-337,blaPDC
blaPDC-338,blaPDC-338,blaPDC
blaPDC-339,blaPDC-339,blaPDC
blaPDC-340,blaPDC-340,blaPDC
blaPDC-341,blaPDC-341,blaPDC
blaPDC-342,blaPDC-342,blaPDC
blaPDC-343,blaPDC-343,blaPDC
blaPDC-344,blaPDC-344,blaPDC
blaPDC-345,blaPDC-345,blaPDC
blaPDC-346,blaPDC-346,blaPDC
blaPDC-347,blaPDC-347,blaPDC
blaPDC-348,blaPDC-348,blaPDC
blaPDC-349,blaPDC-349,blaPDC
blaPDC-350,blaPDC-350,blaPDC
blaPDC-351,blaPDC-351,blaPDC
blaPDC-352,blaPDC-352,blaPDC
blaPDC-354,blaPDC-354,blaPDC
blaPDC-355,blaPDC-355,blaPDC
blaPDC-356,blaPDC-356,blaPDC
blaPDC-357,blaPDC-357,blaPDC
blaPDC-358,blaPDC-358,blaPDC
blaPDC-359,blaPDC-359,blaPDC
blaPDC-360,blaPDC-360,blaPDC
blaPDC-362,blaPDC-362,blaPDC
blaPDC-363,blaPDC-363,blaPDC
blaPDC-365,blaPDC-365,blaPDC
blaPDC-366,blaPDC-366,blaPDC
blaPDC-368,blaPDC-368,blaPDC
blaPDC-369,blaPDC-369,blaPDC
blaPDC-370,blaPDC-370,blaPDC
blaPDC-372,blaPDC-372,blaPDC
blaPDC-373,blaPDC-373,blaPDC
blaPDC-375,blaPDC-375,blaPDC
blaPDC-376,blaPDC-376,blaPDC
blaPDC-377,blaPDC-377,blaPDC
blaPDC-378,blaPDC-378,blaPDC
blaPDC-379,blaPDC-379,blaPDC
blaPDC-380,blaPDC-380,blaPDC
blaPDC-381,blaPDC-381,blaPDC
blaPDC-382,blaPDC-382,blaPDC
blaPDC-383,blaPDC-383,blaPDC
blaPFM-1,blaPFM-1,blaPFM
blaPNGM-1,blaPNGM-1,blaPNGM
blaTEM-241,blaTEM-241,blaTEM
blaTEM-242,blaTEM-242,blaTEM
blaTEM-39,blaTEM-39,blaTEM
blaVEB-22,blaVEB-22,blaVEB
blaVIM-68,blaVIM-68,blaVIM
mcr-1.22,mcr-1.22,mcr-1
mcr-5.4,mcr-5.4,mcr-5
blaOXA-837,blaOXA-837,blaOXA
qnrVC9,qnrVC9,qnrVC
aac(6')-Ib-G,aac(6')-Ib,aac(6')-Ib
dfrA39,dfrA39,dfrA39
ant(3'')-Ib,ant(3'')-Ib,ant(3'')-Ib
aac(3)-IVb,aac(3)-IVb,aac(3)-IVb
qnrB98,qnrB98,qnrB
blaOXA-1250,blaOXA-1250,blaOXA
tet(X5),tet(X5),tet(X5)
blaOXA-1152,blaOXA-1152,blaOXA
blaOXA-1149,blaOXA-1149,blaOXA
blaADC-197,blaADC-197,blaADC
blaADC-198,blaADC-198,blaADC
blaADC-200,blaADC-200,blaADC
blaADC-201,blaADC-201,blaADC
blaADC-202,blaADC-202,blaADC
blaADC-204,blaADC-204,blaADC
blaADC-205,blaADC-205,blaADC
blaADC-206,blaADC-206,blaADC
blaADC-208,blaADC-208,blaADC
blaADC-209,blaADC-209,blaADC
blaADC-210,blaADC-210,blaADC
blaADC-211,blaADC-211,blaADC
blaAXC-4,blaAXC-4,blaAXC
blaAXC-5,blaAXC-5,blaAXC
blaCARB-51,blaCARB-51,blaPSE
blaCARB-52,blaCARB-52,blaPSE
blaEBR-3,blaEBR-3,blaEBR
blaIMP-65,blaIMP-65,blaIMP
blaOXA-838,blaOXA-838,blaOXA
blaOXA-839,blaOXA-839,blaOXA
blaOXA-840,blaOXA-840,blaOXA
blaOXA-841,blaOXA-841,blaOXA
blaOXA-843,blaOXA-843,blaOXA
blaOXA-844,blaOXA-844,blaOXA
blaOXA-845,blaOXA-845,blaOXA
blaOXA-849,blaOXA-849,blaOXA
blaPDC-318,blaPDC-318,blaPDC
blaPDC-320,blaPDC-320,blaPDC
blaPDC-321,blaPDC-321,blaPDC
blaPDC-323,blaPDC-323,blaPDC
blaPDC-324,blaPDC-324,blaPDC
blaPDC-325,blaPDC-325,blaPDC
blaPDC-326,blaPDC-326,blaPDC
blaPDC-327,blaPDC-327,blaPDC
blaPDC-328,blaPDC-328,blaPDC
blaPDC-329,blaPDC-329,blaPDC
blaPDC-330,blaPDC-330,blaPDC
blaPDC-331,blaPDC-331,blaPDC
blaPDC-332,blaPDC-332,blaPDC
blaPDC-384,blaPDC-384,blaPDC
blaPDC-385,blaPDC-385,blaPDC
blaPDC-386,blaPDC-386,blaPDC
blaPST-2,blaPST-2,blaPST
blaTEM-240,blaTEM-240,blaTEM
mcr-3.28,mcr-3.28,mcr-3
mcr-8.3,mcr-8.3,mcr-8
mcr-11.1,mcr-11.1,mcr-11
blaGMA-2,blaGMA-2,blaGMA
blaOXA-1161,blaOXA-1161,blaOXA
blaPDC-609,blaPDC-609,blaPDC
aac(6')-Ib-cr8,aac(6')-Ib-cr8,aac(6')-Ib-cr
aac(6')-Ib-G,aac(6')-Ib,aac(6')-Ib
blaOXA-1197,blaOXA-1197,blaOXA
blaOXA-930,blaOXA-930,blaOXA
blaOXA-1193,blaOXA-1193,blaOXA
blaOXA-1196,blaOXA-1196,blaOXA
blaOXA-1195,blaOXA-1195,blaOXA
tva(A),tva(A),tva(A)
blaACT-73,blaACT-73,blaACT
blaIMP-85,blaIMP-85,blaIMP
blaMIR-23,blaMIR-23,blaMIR
blaNDM-25,blaNDM-25,blaNDM
blaOXA-830,blaOXA-830,blaOXA
blaOXA-852,blaOXA-852,blaOXA
blaOXA-857,blaOXA-857,blaOXA
blaOXA-858,blaOXA-858,blaOXA
blaOXA-859,blaOXA-859,blaOXA
blaOXA-860,blaOXA-860,blaOXA
blaOXA-861,blaOXA-861,blaOXA
blaOXA-862,blaOXA-862,blaOXA
blaOXA-863,blaOXA-863,blaOXA
blaOXA-864,blaOXA-864,blaOXA
blaOXA-865,blaOXA-865,blaOXA
blaOXA-866,blaOXA-866,blaOXA
blaOXA-867,blaOXA-867,blaOXA
blaOXA-868,blaOXA-868,blaOXA
blaOXA-869,blaOXA-869,blaOXA
blaOXA-870,blaOXA-870,blaOXA
blaOXA-871,blaOXA-871,blaOXA
blaOXA-872,blaOXA-872,blaOXA
blaOXA-873,blaOXA-873,blaOXA
blaOXA-874,blaOXA-874,blaOXA
blaOXA-875,blaOXA-875,blaOXA
blaOXA-876,blaOXA-876,blaOXA
blaOXA-877,blaOXA-877,blaOXA
blaOXA-878,blaOXA-878,blaOXA
blaOXA-879,blaOXA-879,blaOXA
blaOXA-880,blaOXA-880,blaOXA
blaOXA-881,blaOXA-881,blaOXA
blaOXA-882,blaOXA-882,blaOXA
blaOXA-883,blaOXA-883,blaOXA
blaOXA-884,blaOXA-884,blaOXA
blaOXA-885,blaOXA-885,blaOXA
blaOXA-886,blaOXA-886,blaOXA
blaOXA-887,blaOXA-887,blaOXA
blaOXA-888,blaOXA-888,blaOXA
blaOXA-889,blaOXA-889,blaOXA
blaOXA-890,blaOXA-890,blaOXA
blaOXA-891,blaOXA-891,blaOXA
blaOXA-892,blaOXA-892,blaOXA
blaPDC-387,blaPDC-387,blaPDC
blaPDC-388,blaPDC-388,blaPDC
blaLEN-35,blaLEN-35,blaLEN
blaLEN-36,blaLEN-36,blaLEN
blaLEN-37,blaLEN-37,blaLEN
blaSHV-4,blaSHV-4,blaSHV
tet(65),tet(65),tet(65)
blaACT-86,blaACT-86,blaACT
blaACT-85,blaACT-85,blaACT
blaOXA-899,blaOXA-899,blaOXA
blaOXA-898,blaOXA-898,blaOXA
blaRATA-2,blaRATA-2,blaRATA
blaOXY-11-1,blaOXY-11-1,blaOXY
blaOXA-1259,blaOXA-1259,blaOXA
blaOXY-6-8,blaOXY-6-8,blaOXY
blaCMH-10,blaCMH-10,blaCMH
blaACT-152,blaACT-152,blaACT
blaOXY-6-9,blaOXY-6-9,blaOXY
blaVIM-80,blaVIM-80,blaVIM
blaADC-221,blaADC-221,blaADC
blaCMH-6,blaCMH-6,blaCMH
blaCMY-168,blaCMY-168,blaCMY
blaCMY-169,blaCMY-169,blaCMY
blaCMY-170,blaCMY-170,blaCMY
blaCTX-M-143,blaCTX-M-143,blaCTX-M
blaCTX-M-230,blaCTX-M-230,blaCTX-M
blaCTX-M-231,blaCTX-M-231,blaCTX-M
blaCTX-M-232,blaCTX-M-232,blaCTX-M
blaCTX-M-233,blaCTX-M-233,blaCTX-M
blaMOX-14,blaMOX-14,blaMOX
blaNDM-26,blaNDM-26,blaNDM
blaNDM-29,blaNDM-29,blaNDM
blaOKP-B-24,blaOKP-B-24,blaOKP-B
blaOXA-896,blaOXA-896,blaOXA
blaPER-14,blaPER-14,blaPER
blaPFM-3,blaPFM-3,blaPFM
blaSHV-115,blaSHV-115,blaSHV
blaVEB-23,blaVEB-23,blaVEB
blaVEB-24,blaVEB-24,blaVEB
blaKPC-53,blaKPC-53,blaKPC
blaCTX-M-236,blaCTX-M-236,blaCTX-M
narA,narB,narB
narB,narB,narB
blaKPC-52,blaKPC-52,blaKPC
blaKPC-51,blaKPC-51,blaKPC
blaCAE-1,blaCAE-1,blaCAE
blaGOB-52,blaGOB-52,blaGOB
blaADC-234,blaADC-234,blaADC
aac(6')-Ib-cr11,aac(6')-Ib-cr11,aac(6')-Ib-cr
aac(6')-Ib-AKT,aac(6')-Ib,aac(6')-Ib
blaTEM-37,blaTEM-37,blaTEM
blaADC-225,blaADC-225,blaADC
blaADC-227,blaADC-227,blaADC
blaADC-228,blaADC-228,blaADC
blaADC-229,blaADC-229,blaADC
blaADC-230,blaADC-230,blaADC
blaADC-231,blaADC-231,blaADC
blaKPC-54,blaKPC-54,blaKPC
blaVEB-25,blaVEB-25,blaVEB
mcr-1.23,mcr-1.23,mcr-1
mcr-1.24,mcr-1.24,mcr-1
mcr-1.25,mcr-1.25,mcr-1
blaOXY-1-16,blaOXY-1-16,blaOXY
blaADC-359,blaADC-359,blaADC
blaOXA-917,blaOXA-917,blaOXA
fosL1,fosL1,fosL
blaOXY-1-17,blaOXY-1-17,blaOXY
blaOXA-909,blaOXA-909,blaOXA
blaOXA-910,blaOXA-910,blaOXA
blaPJM-2,blaPJM-2,blaPJM
gar,gar,gar
blaPEN-B4,blaPEN-B4,blaPEN-B
blaOXA-1005,blaOXA-1005,blaOXA
mcr-1.27,mcr-1.27,mcr-1
blaOXY-2-20,blaOXY-2-20,blaOXY
blaKPC-181,blaKPC-181,blaKPC
blaACT-78,blaACT-78,blaACT
blaACT-79,blaACT-79,blaACT
blaACT-80,blaACT-80,blaACT
blaACT-81,blaACT-81,blaACT
blaACT-82,blaACT-82,blaACT
blaACT-83,blaACT-83,blaACT
blaCVI-1,blaCVI-1,blaCVI
blaOXA-897,blaOXA-897,blaOXA
blaOXA-903,blaOXA-903,blaOXA
blaOXA-907,blaOXA-907,blaOXA
blaPDC-389,blaPDC-389,blaPDC
blaPDC-390,blaPDC-390,blaPDC
blaPDC-391,blaPDC-391,blaPDC
blaPDC-392,blaPDC-392,blaPDC
blaPDC-393,blaPDC-393,blaPDC
blaPDC-394,blaPDC-394,blaPDC
blaPDC-395,blaPDC-395,blaPDC
blaPDC-396,blaPDC-396,blaPDC
blaPDC-397,blaPDC-397,blaPDC
blaTEM-228,blaTEM-228,blaTEM
blaVIM-70,blaVIM-70,blaVIM
blaCMY-136,blaCMY-136,blaCMY
msr(F),msrF,msrF
blaTEM-31,blaTEM-31,blaTEM
lsa(D),lsa(D),lsa(D)
blaYOC-1,blaYOC-1,blaYOC
blaCMY-171,blaCMY-171,blaCMY
blaCTX-M-153,blaCTX-M-153,blaCTX-M
blaCTX-M-234,blaCTX-M-234,blaCTX-M
blaCTX-M-235,blaCTX-M-235,blaCTX-M
blaFOX-17,blaFOX-17,blaFOX
blaIDC-1,blaIDC-1,blaIDC
blaIDC-2,blaIDC-2,blaIDC
blaKPC-55,blaKPC-55,blaKPC
blaOXA-911,blaOXA-911,blaOXA
blaPDC-398,blaPDC-398,blaPDC
blaPDC-399,blaPDC-399,blaPDC
blaPDC-400,blaPDC-400,blaPDC
blaPDC-401,blaPDC-401,blaPDC
blaPDC-403,blaPDC-403,blaPDC
blaPDC-404,blaPDC-404,blaPDC
blaPDC-405,blaPDC-405,blaPDC
blaPDC-406,blaPDC-406,blaPDC
blaPDC-409,blaPDC-409,blaPDC
blaPDC-410,blaPDC-410,blaPDC
blaPDC-411,blaPDC-411,blaPDC
blaPDC-412,blaPDC-412,blaPDC
blaPDC-413,blaPDC-413,blaPDC
blaPDC-414,blaPDC-414,blaPDC
blaPDC-415,blaPDC-415,blaPDC
blaPDC-416,blaPDC-416,blaPDC
blaPDC-417,blaPDC-417,blaPDC
blaPDC-418,blaPDC-418,blaPDC
blaPDC-419,blaPDC-419,blaPDC
blaPDC-420,blaPDC-420,blaPDC
blaPDC-421,blaPDC-421,blaPDC
blaPER-15,blaPER-15,blaPER
blaOXA-915,blaOXA-915,blaOXA
blaYRC-1,blaYRC-1,blaYRC
blaOXA-1310,blaOXA-1310,blaOXA
blaBKC-2,blaBKC-2,blaBKC
blaKPC-50,blaKPC-50,blaKPC
blaKPC-57,blaKPC-57,blaKPC
blaOXA-916,blaOXA-916,blaOXA
blaOXA-1143,blaOXA-1143,blaOXA
blaOXA-1246,blaOXA-1246,blaOXA
blaOXA-1285,blaOXA-1285,blaOXA
vga(F),vga(F),vga(F)
vga(F),vga(F),vga(F)
mcr-9.3,mcr-9.3,mcr-9
dfrB10,dfrB10,dfrB
blaVMB-1,blaVMB-1,blaVMB
blaROB-2,blaROB-2,blaROB
aac(6')-F72,aac(6')-F72,aac(6')-F72
blaPAM-2,blaPAM-2,blaPAM
dfrA48,dfrA48,dfrA48
blaADC-311,blaADC-311,blaADC
qnrB93,qnrB93,qnrB
erm(50),erm(50),erm(50)
blaADC-236,blaADC-236,blaADC
blaMIR-30,blaMIR-30,blaMIR
blaOXY-5-6,blaOXY-5-6,blaOXY
blaOXA-900,blaOXA-900,blaOXA
blaCARB-54,blaCARB-54,blaRTG
blaKPC-58,blaKPC-58,blaKPC
blaKPC-59,blaKPC-59,blaKPC
blaKPC-60,blaKPC-60,blaKPC
blaKPC-61,blaKPC-61,blaKPC
blaOXA-918,blaOXA-918,blaOXA
blaOXA-920,blaOXA-920,blaOXA
blaOXA-921,blaOXA-921,blaOXA
blaOXA-923,blaOXA-923,blaOXA
blaOXA-924,blaOXA-924,blaOXA
blaPDC-422,blaPDC-422,blaPDC
blaPDC-424,blaPDC-424,blaPDC
blaPDC-425,blaPDC-425,blaPDC
blaPDC-426,blaPDC-426,blaPDC
blaPDC-427,blaPDC-427,blaPDC
blaPDC-428,blaPDC-428,blaPDC
blaPDC-429,blaPDC-429,blaPDC
blaPDC-430,blaPDC-430,blaPDC
blaPDC-432,blaPDC-432,blaPDC
blaPDC-434,blaPDC-434,blaPDC
blaPDC-435,blaPDC-435,blaPDC
blaPDC-436,blaPDC-436,blaPDC
blaPDC-437,blaPDC-437,blaPDC
blaPDC-438,blaPDC-438,blaPDC
blaPDC-439,blaPDC-439,blaPDC
blaPDC-440,blaPDC-440,blaPDC
blaPDC-441,blaPDC-441,blaPDC
blaPDC-444,blaPDC-444,blaPDC
blaPDC-445,blaPDC-445,blaPDC
blaPDC-446,blaPDC-446,blaPDC
blaPDC-447,blaPDC-447,blaPDC
blaPDC-448,blaPDC-448,blaPDC
blaPDC-449,blaPDC-449,blaPDC
blaPDC-450,blaPDC-450,blaPDC
blaPDC-451,blaPDC-451,blaPDC
blaPDC-452,blaPDC-452,blaPDC
blaROB-6,blaROB-6,blaROB
blaROB-7,blaROB-7,blaROB
blaROB-8,blaROB-8,blaROB
blaVEB-26,blaVEB-26,blaVEB
blaVIM-71,blaVIM-71,blaVIM
blaPDC-453,blaPDC-453,blaPDC
blaACT-114,blaACT-114,blaACT
blaMOX-23,blaMOX-23,blaMOX
blaACT-88,blaACT-88,blaACT
blaOXY-6-10,blaOXY-6-10,blaOXY
blaOXY-5-7,blaOXY-5-7,blaOXY
mcr-1.28,mcr-1.28,mcr-1
blaOXY-12-1,blaOXY-12-1,blaOXY
mcr-3.41,mcr-3.41,mcr-3
blaOXY-6-11,blaOXY-6-11,blaOXY
blaVAM-1,blaVAM-1,blaVAM
blaIMP-89,blaIMP-89,blaIMP
blaOXY-5-8,blaOXY-5-8,blaOXY
blaOXY-12-2,blaOXY-12-2,blaOXY
blaOXY-5-9,blaOXY-5-9,blaOXY
blaCTX-M-240,blaCTX-M-240,blaCTX-M
blaPAM-5,blaPAM-5,blaPAM
estT,estT,estT
blaOXY-1-18,blaOXY-1-18,blaOXY
aph(2'')-G141,aph(2'')-G141,aph(2'')-G141
blaOXY-5-10,blaOXY-5-10,blaOXY
blaIMP-96,blaIMP-96,blaIMP
cfiA31,cfiA31,cfiA
blaCMY-179,blaCMY-179,blaCMY
qnrB97,qnrB97,qnrB
emrC,emrC,emrC
emrA-sm,emrC,emrC
emrB-sm,emrC,emrC
blaCMY-191,blaCMY-191,blaCMY
mef(F),mef(F),mef(F)
blaTEM-61,blaTEM-61,blaTEM
dfrA43,dfrA43,dfrA43
blaACC-8,blaACC-8,blaACC
blaCARB-53,blaCARB-53,blaPSE
blaCTX-M-237,blaCTX-M-237,blaCTX-M
blaCTX-M-238,blaCTX-M-238,blaCTX-M
blaCTX-M-239,blaCTX-M-239,blaCTX-M
blaCTX-M-241,blaCTX-M-241,blaCTX-M
blaGES-44,blaGES-44,blaGES
blaGES-45,blaGES-45,blaGES
blaIMP-88,blaIMP-88,blaIMP
blaKPC-66,blaKPC-66,blaKPC
blaKPC-72,blaKPC-72,blaKPC
blaKPC-73,blaKPC-73,blaKPC
blaKPC-74,blaKPC-74,blaKPC
blaKPC-75,blaKPC-75,blaKPC
blaOXA-922,blaOXA-922,blaOXA
blaOXA-928,blaOXA-928,blaOXA
blaOXA-929,blaOXA-929,blaOXA
blaPDC-456,blaPDC-456,blaPDC
blaVEB-27,blaVEB-27,blaVEB
blaVIM-72,blaVIM-72,blaVIM
blaVIM-73,blaVIM-73,blaVIM
fosL2,fosL2,fosL
mcr-1.29,mcr-1.29,mcr-1
mcr-1.30,mcr-1.30,mcr-1
mcr-2.4,mcr-2.4,mcr-2
mcr-2.5,mcr-2.5,mcr-2
mcr-2.6,mcr-2.6,mcr-2
mcr-2.7,mcr-2.7,mcr-2
mcr-3.31,mcr-3.31,mcr-3
mcr-3.32,mcr-3.32,mcr-3
mcr-3.33,mcr-3.33,mcr-3
mcr-3.34,mcr-3.34,mcr-3
mcr-3.35,mcr-3.35,mcr-3
mcr-3.36,mcr-3.36,mcr-3
mcr-3.37,mcr-3.37,mcr-3
mcr-3.40,mcr-3.40,mcr-3
qnrA11,qnrA11,qnrA
qnrA12,qnrA12,qnrA
blaCMY-173,blaCMY-173,blaCMY
blaCTX-M-242,blaCTX-M-242,blaCTX-M
blaOXA-931,blaOXA-931,blaOXA
blaACT-153,blaACT-153,blaACT
cfiA28,cfiA28,cfiA
gar,gar,gar
blaAAK-1,blaAAK-1,blaAAK
blaIMI-20,blaIMI-20,blaIMI
blaKPC-71,blaKPC-71,blaKPC
blaKPC-76,blaKPC-76,blaKPC
blaKPC-77,blaKPC-77,blaKPC
blaOXA-893,blaOXA-893,blaOXA
blaOXA-1286,blaOXA-1286,blaOXA
qnrB94,qnrB94,qnrB
blaOXY-2-27,blaOXY-2-27,blaOXY
blaACT-99,blaACT-99,blaACT
blaOXY-1-19,blaOXY-1-19,blaOXY
blaOXA-1019,blaOXA-1019,blaOXA
blaTEM-239,blaTEM-239,blaTEM
blaOXY-5-11,blaOXY-5-11,blaOXY
dfrA38,dfrA38,dfrA38
tet(62),tet(62),tet(62)
blaGES-46,blaGES-46,blaGES
blaKPC-49,blaKPC-49,blaKPC
blaKPC-78,blaKPC-78,blaKPC
blaKPC-79,blaKPC-79,blaKPC
blaNDM-30,blaNDM-30,blaNDM
blaNDM-31,blaNDM-31,blaNDM
blaPDC-458,blaPDC-458,blaPDC
blaPDC-459,blaPDC-459,blaPDC
blaPDC-460,blaPDC-460,blaPDC
blaPDC-461,blaPDC-461,blaPDC
blaPDC-462,blaPDC-462,blaPDC
blaPDC-463,blaPDC-463,blaPDC
blaPDC-464,blaPDC-464,blaPDC
blaPDC-465,blaPDC-465,blaPDC
blaPDC-466,blaPDC-466,blaPDC
blaTEM-243,blaTEM-243,blaTEM
cfiA26,cfiA26,cfiA
cfiA27,cfiA27,cfiA
msr(I),msr(I),msr(I)
mef(J),mef(J),mef(J)
blaPFM-4,blaPFM-4,blaPFM
aph(3')-IId,aph(3')-IId,aph(3')-IId
blaOXA-1194,blaOXA-1194,blaOXA
blaADC-270,blaADC-270,blaADC
blaCMY-174,blaCMY-174,blaCMY
blaSHV-175,blaSHV-175,blaSHV
blaACT-154,blaACT-154,blaACT
blaOXA-1188,blaOXA-1188,blaOXA
blaGES-51,blaGES-51,blaGES
blaPER-16,blaPER-16,blaPER
blaCHM-1,blaCHM-1,blaCHM
blaKPC-82,blaKPC-82,blaKPC
tet(O/W),tet(O/W),tet(O/W)
tet(W/32/O),tet(W/32/O),tet(W/32/O)
dfrA25,dfrA25,dfrA25
fosM3,fosM3,fosM3
tet(X1),tet(X1),tet(X1)
blaADC-256,blaADC-256,blaADC
blaAFM-2,blaAFM-2,blaAFM
blaCTX-M-244,blaCTX-M-244,blaCTX-M
blaFRI-10,blaFRI-10,blaFRI
blaGMB-1,blaGMB-1,blaGMB
blaIMI-21,blaIMI-21,blaIMI
blaKPC-62,blaKPC-62,blaKPC
blaKPC-63,blaKPC-63,blaKPC
blaKPC-64,blaKPC-64,blaKPC
blaKPC-65,blaKPC-65,blaKPC
blaKPC-80,blaKPC-80,blaKPC
blaKPC-81,blaKPC-81,blaKPC
blaOXA-945,blaOXA-945,blaOXA
blaOXA-946,blaOXA-946,blaOXA
blaOXA-947,blaOXA-947,blaOXA
blaOXA-948,blaOXA-948,blaOXA
blaOXA-949,blaOXA-949,blaOXA
blaPDC-467,blaPDC-467,blaPDC
blaPDC-468,blaPDC-468,blaPDC
blaPDC-469,blaPDC-469,blaPDC
blaPDC-470,blaPDC-470,blaPDC
blaPDC-471,blaPDC-471,blaPDC
blaPDC-472,blaPDC-472,blaPDC
fosU1,fosU1,fosU
fosU2,fosU2,fosU
blaPDC-473,blaPDC-473,blaPDC
blaPDC-474,blaPDC-474,blaPDC
blaPDC-475,blaPDC-475,blaPDC
blaPDC-476,blaPDC-476,blaPDC
blaMUN-1,blaMUN-1,blaMUN
qnrVC8,qnrVC8,qnrVC
mcr-10.2,mcr-10.2,mcr-10
mcr-10.3,mcr-10.3,mcr-10
mcr-10.4,mcr-10.4,mcr-10
blaPDC-576,blaPDC-576,blaPDC
blaPDC-546,blaPDC-546,blaPDC
blaFONA-12,blaFONA-12,blaFONA
poxtA2,poxtA2,poxtA
blaKPC-68,blaKPC-68,blaKPC
blaKPC-67,blaKPC-67,blaKPC
blaKPC-70,blaKPC-70,blaKPC
blaKPC-69,blaKPC-69,blaKPC
blaPDC-597,blaPDC-597,blaPDC
blaOXA-1011,blaOXA-1011,blaOXA
blaAFM-3,blaAFM-3,blaAFM
qnrB89,qnrB89,qnrB
blaOXA-1047,blaOXA-1047,blaOXA
blaVIM-75,blaVIM-75,blaVIM
blaPJM-1,blaPJM-1,blaPJM
blaADC-262,blaADC-262,blaADC
blaACT-104,blaACT-104,blaACT
blaAXC-6,blaAXC-6,blaAXC
blaCMY-175,blaCMY-175,blaCMY
blaCMY-176,blaCMY-176,blaCMY
blaCTX-M-243,blaCTX-M-243,blaCTX-M
blaCTX-M-245,blaCTX-M-245,blaCTX-M
blaCTX-M-246,blaCTX-M-246,blaCTX-M
blaFOX-18,blaFOX-18,blaFOX
blaFOX-19,blaFOX-19,blaFOX
blaGES-47,blaGES-47,blaGES
blaGES-48,blaGES-48,blaGES
blaIMP-90,blaIMP-90,blaIMP
blaKPC-47,blaKPC-47,blaKPC
blaKPC-48,blaKPC-48,blaKPC
blaKPC-84,blaKPC-84,blaKPC
blaKPC-85,blaKPC-85,blaKPC
blaKPC-86,blaKPC-86,blaKPC
blaKPC-87,blaKPC-87,blaKPC
blaKPC-88,blaKPC-88,blaKPC
blaOXA-790,blaOXA-790,blaOXA
blaOXA-791,blaOXA-791,blaOXA
blaOXA-951,blaOXA-951,blaOXA
blaOXA-952,blaOXA-952,blaOXA
blaOXA-954,blaOXA-954,blaOXA
blaOXA-955,blaOXA-955,blaOXA
blaOXA-960,blaOXA-960,blaOXA
blaOXA-961,blaOXA-961,blaOXA
blaOXA-963,blaOXA-963,blaOXA
blaOXA-965,blaOXA-965,blaOXA
blaPDC-477,blaPDC-477,blaPDC
blaPDC-478,blaPDC-478,blaPDC
blaPDC-479,blaPDC-479,blaPDC
blaPDC-480,blaPDC-480,blaPDC
blaPDC-481,blaPDC-481,blaPDC
blaPDC-482,blaPDC-482,blaPDC
blaPDC-483,blaPDC-483,blaPDC
blaROB-12,blaROB-12,blaROB
blaVIM-74,blaVIM-74,blaVIM
mcr-1.31,mcr-1.31,mcr-1
mcr-1.32,mcr-1.32,mcr-1
blaNDM-36,blaNDM-36,blaNDM
blaNDM-37,blaNDM-37,blaNDM
blaIND-17,blaIND-17,blaIND
blaOXA-1076,blaOXA-1076,blaOXA
blaACT-155,blaACT-155,blaACT
blaCMY-172,blaCMY-172,blaCMY
aph(3')-I(H957),aph(3')-I(H957),aph(3')-I(H957)
blaRSA1,blaRSA1,blaRSA1
blaSFDC-1,blaSFDC-1,blaSFDC
sal(B),sal(B),sal(B)
sal(C),sal(C),sal(C)
blaKPC-95,blaKPC-95,blaKPC
blaKPC-94,blaKPC-94,blaKPC
blaKPC-90,blaKPC-90,blaKPC
blaPLA-5,blaPLA-5,blaPLA
blaGES-49,blaGES-49,blaGES
blaIMP-86,blaIMP-86,blaIMP
blaIMP-87,blaIMP-87,blaIMP
blaTEM-244,blaTEM-244,blaTEM
blaASU1-1,blaASU1-1,blaASU1
blaB3SU1-1,blaB3SU1-1,blaB3SU1
blaB3SU2-1,blaB3SU2-1,blaB3SU2
blaOXA-957,blaOXA-957,blaOXA
blaNDM-34,blaNDM-34,blaNDM
blaNDM-35,blaNDM-35,blaNDM
blaVEB-29,blaVEB-29,blaVEB
blaNDM-38,blaNDM-38,blaNDM
blaVEB-30,blaVEB-30,blaVEB
blaKPC-91,blaKPC-91,blaKPC
blaPDC-484,blaPDC-484,blaPDC
blaPDC-485,blaPDC-485,blaPDC
blaPDC-486,blaPDC-486,blaPDC
blaPDC-487,blaPDC-487,blaPDC
blaPDC-488,blaPDC-488,blaPDC
blaOXA-1013,blaOXA-1013,blaOXA
blaOXA-1015,blaOXA-1015,blaOXA
blaOXA-1016,blaOXA-1016,blaOXA
blaLAQ-1,blaLAQ-1,blaLAQ
blaOXA-1017,blaOXA-1017,blaOXA
mcr-2.8,mcr-2.8,mcr-2
blaACT-156,blaACT-156,blaACT
blaACT-157,blaACT-157,blaACT
vanH-P,vanH-P,vanH-P
vanP,vanP,vanP
vanX-P,vanX-P,vanX-P
vanR-P,vanR-P,vanR-P
vanS-P,vanS-P,vanS-P
blaTEM-251,blaTEM-251,blaTEM
mcr-4.7,mcr-4.7,mcr-4
blaSHV-122b,blaSHV-122b,blaSHV
blaVIM-76,blaVIM-76,blaVIM
blaOXA-1018,blaOXA-1018,blaOXA
blaOXA-1031,blaOXA-1031,blaOXA
blaPDC-489,blaPDC-489,blaPDC
blaPDC-490,blaPDC-490,blaPDC
blaPDC-491,blaPDC-491,blaPDC
blaPDC-492,blaPDC-492,blaPDC
blaPDC-493,blaPDC-493,blaPDC
blaPDC-494,blaPDC-494,blaPDC
blaPDC-495,blaPDC-495,blaPDC
blaPDC-496,blaPDC-496,blaPDC
blaSHV-229,blaSHV-229,blaSHV
blaNDM-39,blaNDM-39,blaNDM
blaNDM-40,blaNDM-40,blaNDM
blaSFC-2,blaSFC-2,blaSFC
blaFRI-11,blaFRI-11,blaFRI
blaIMI-22,blaIMI-22,blaIMI
blaRSA1-1,blaRSA1-1,blaRSA1
blaIMI-23,blaIMI-23,blaIMI
blaMOX-22,blaMOX-22,blaMOX
blaMUN-4,blaMUN-4,blaMUN
blaNDM-33,blaNDM-33,blaNDM
blaOXA-1287,blaOXA-1287,blaOXA
blaPDC-634,blaPDC-634,blaPDC
blaADC-342,blaADC-342,blaADC
blaACT-158,blaACT-158,blaACT
blaOXA-1269,blaOXA-1269,blaOXA
blaPRC-1,blaPRC-1,blaPRC
mcr-1.34,mcr-1.34,mcr-1
npmB2,npmB2,npmB
npmB1,npmB1,npmB
blaOXA-1042,blaOXA-1042,blaOXA
blaGES-50,blaGES-50,blaGES
blaMOX-16,blaMOX-16,blaMOX
blaCARB-58,blaCARB-58,blaPSE
blaOXA-933,blaOXA-933,blaOXA
blaOXA-934,blaOXA-934,blaOXA
blaVEB-28,blaVEB-28,blaVEB
blaOXA-967,blaOXA-967,blaOXA
blaOXA-968,blaOXA-968,blaOXA
blaOXA-969,blaOXA-969,blaOXA
blaOXA-970,blaOXA-970,blaOXA
blaOXA-971,blaOXA-971,blaOXA
blaOXA-972,blaOXA-972,blaOXA
blaOXA-973,blaOXA-973,blaOXA
blaOXA-974,blaOXA-974,blaOXA
blaOXA-975,blaOXA-975,blaOXA
blaOXA-977,blaOXA-977,blaOXA
blaOXA-978,blaOXA-978,blaOXA
blaOXA-979,blaOXA-979,blaOXA
blaOXA-981,blaOXA-981,blaOXA
blaOXA-982,blaOXA-982,blaOXA
blaOXA-983,blaOXA-983,blaOXA
blaOXA-984,blaOXA-984,blaOXA
blaOXA-985,blaOXA-985,blaOXA
blaOXA-986,blaOXA-986,blaOXA
blaOXA-987,blaOXA-987,blaOXA
blaOXA-988,blaOXA-988,blaOXA
blaOXA-989,blaOXA-989,blaOXA
blaOXA-990,blaOXA-990,blaOXA
blaOXA-991,blaOXA-991,blaOXA
blaOXA-992,blaOXA-992,blaOXA
blaOXA-993,blaOXA-993,blaOXA
blaOXA-994,blaOXA-994,blaOXA
blaOXA-995,blaOXA-995,blaOXA
blaOXA-996,blaOXA-996,blaOXA
blaOXA-997,blaOXA-997,blaOXA
blaOXA-998,blaOXA-998,blaOXA
blaOXA-999,blaOXA-999,blaOXA
blaOXA-1000,blaOXA-1000,blaOXA
blaOXA-1002,blaOXA-1002,blaOXA
blaOXA-1003,blaOXA-1003,blaOXA
blaOXA-1004,blaOXA-1004,blaOXA
blaOXA-1006,blaOXA-1006,blaOXA
blaOXA-1007,blaOXA-1007,blaOXA
blaOXA-1008,blaOXA-1008,blaOXA
blaOXA-1009,blaOXA-1009,blaOXA
blaOXA-1010,blaOXA-1010,blaOXA
blaKPC-98,blaKPC-98,blaKPC
blaPDC-497,blaPDC-497,blaPDC
blaNDM-41,blaNDM-41,blaNDM
blaVIM-77,blaVIM-77,blaVIM
blaAIM-2,blaAIM-2,blaAIM
blaKPC-96,blaKPC-96,blaKPC
blaKPC-97,blaKPC-97,blaKPC
blaCMH-7,blaCMH-7,blaCMH
qnrA13,qnrA13,qnrA
blaOXA-1038,blaOXA-1038,blaOXA
blaVIM-79,blaVIM-79,blaVIM
blaCTX-M-251,blaCTX-M-251,blaCTX-M
blaCMY-177,blaCMY-177,blaCMY
blaOXA-1040,blaOXA-1040,blaOXA
blaADC-260,blaADC-260,blaADC
blaOXA-1041,blaOXA-1041,blaOXA
blaKPC-103,blaKPC-103,blaKPC
blaKPC-104,blaKPC-104,blaKPC
blaKPC-107,blaKPC-107,blaKPC
blaKPC-105,blaKPC-105,blaKPC
blaKPC-108,blaKPC-108,blaKPC
blaKPC-106,blaKPC-106,blaKPC
blaKPC-102,blaKPC-102,blaKPC
blaPDC-498,blaPDC-498,blaPDC
blaPDC-499,blaPDC-499,blaPDC
blaPDC-500,blaPDC-500,blaPDC
blaAXC-7,blaAXC-7,blaAXC
blaACT-98,blaACT-98,blaACT
blaACT-159,blaACT-159,blaACT
cfiA30,cfiA30,cfiA
blaMUN-3,blaMUN-3,blaMUN
blaPDC-623,blaPDC-623,blaPDC
blaIMP-93,blaIMP-93,blaIMP
blaOXA-1108,blaOXA-1108,blaOXA
blaVIM-82,blaVIM-82,blaVIM
blaACT-100,blaACT-100,blaACT
blaACT-96,blaACT-96,blaACT
blaACT-97,blaACT-97,blaACT
blaADC-261,blaADC-261,blaADC
blaADC-264,blaADC-264,blaADC
blaAFM-4,blaAFM-4,blaAFM
blaCTX-M-252,blaCTX-M-252,blaCTX-M
blaIMI-24,blaIMI-24,blaIMI
blaIMP-92,blaIMP-92,blaIMP
blaIMP-94,blaIMP-94,blaIMP
blaKPC-112,blaKPC-112,blaKPC
blaKPC-83,blaKPC-83,blaKPC
blaKPC-89,blaKPC-89,blaKPC
blaKPC-92,blaKPC-92,blaKPC
blaOXA-1044,blaOXA-1044,blaOXA
blaOXA-1046,blaOXA-1046,blaOXA
blaOXA-1048,blaOXA-1048,blaOXA
blaOXA-1049,blaOXA-1049,blaOXA
blaOXA-1050,blaOXA-1050,blaOXA
blaOXA-1051,blaOXA-1051,blaOXA
blaOXA-1053,blaOXA-1053,blaOXA
blaOXA-1055,blaOXA-1055,blaOXA
blaOXA-1056,blaOXA-1056,blaOXA
blaOXA-1057,blaOXA-1057,blaOXA
blaPDC-501,blaPDC-501,blaPDC
blaPDC-502,blaPDC-502,blaPDC
blaPDC-503,blaPDC-503,blaPDC
blaPDC-504,blaPDC-504,blaPDC
blaPDC-505,blaPDC-505,blaPDC
blaPDC-506,blaPDC-506,blaPDC
blaPDC-507,blaPDC-507,blaPDC
blaPDC-508,blaPDC-508,blaPDC
blaPDC-509,blaPDC-509,blaPDC
blaPDC-510,blaPDC-510,blaPDC
blaPDC-511,blaPDC-511,blaPDC
mcr-1.33,mcr-1.33,mcr-1
blaOXA-1140,blaOXA-1140,blaOXA
blaOXY-2-30,blaOXY-2-30,blaOXY
blaACT-105,blaACT-105,blaACT
blaACT-107,blaACT-107,blaACT
blaIMP-95,blaIMP-95,blaIMP
blaKPC-113,blaKPC-113,blaKPC
blaKPC-114,blaKPC-114,blaKPC
blaKPC-115,blaKPC-115,blaKPC
blaKPC-116,blaKPC-116,blaKPC
blaKPC-117,blaKPC-117,blaKPC
blaKPC-118,blaKPC-118,blaKPC
blaKPC-119,blaKPC-119,blaKPC
blaKPC-120,blaKPC-120,blaKPC
blaKPC-121,blaKPC-121,blaKPC
blaKPC-122,blaKPC-122,blaKPC
blaKPC-123,blaKPC-123,blaKPC
blaOXA-1058,blaOXA-1058,blaOXA
blaOXA-1059,blaOXA-1059,blaOXA
blaOXA-1060,blaOXA-1060,blaOXA
blaOXA-1061,blaOXA-1061,blaOXA
blaOXA-1062,blaOXA-1062,blaOXA
blaOXA-1063,blaOXA-1063,blaOXA
blaOXA-1064,blaOXA-1064,blaOXA
blaOXA-1065,blaOXA-1065,blaOXA
blaOXA-1066,blaOXA-1066,blaOXA
blaOXA-1067,blaOXA-1067,blaOXA
blaOXA-1068,blaOXA-1068,blaOXA
blaOXA-1069,blaOXA-1069,blaOXA
blaOXA-1070,blaOXA-1070,blaOXA
blaOXA-1071,blaOXA-1071,blaOXA
blaOXA-1072,blaOXA-1072,blaOXA
blaOXA-1073,blaOXA-1073,blaOXA
blaOXA-1074,blaOXA-1074,blaOXA
blaOXA-1075,blaOXA-1075,blaOXA
blaOXA-1077,blaOXA-1077,blaOXA
blaOXA-1078,blaOXA-1078,blaOXA
blaOXA-1079,blaOXA-1079,blaOXA
blaOXA-1080,blaOXA-1080,blaOXA
blaOXA-1081,blaOXA-1081,blaOXA
blaOXA-1082,blaOXA-1082,blaOXA
blaOXA-1084,blaOXA-1084,blaOXA
blaOXA-1085,blaOXA-1085,blaOXA
blaOXA-1086,blaOXA-1086,blaOXA
blaOXA-1092,blaOXA-1092,blaOXA
blaOXA-1093,blaOXA-1093,blaOXA
blaOXA-1094,blaOXA-1094,blaOXA
blaOXA-1095,blaOXA-1095,blaOXA
blaOXA-1096,blaOXA-1096,blaOXA
blaOXA-1097,blaOXA-1097,blaOXA
blaOXA-1098,blaOXA-1098,blaOXA
blaOXA-1100,blaOXA-1100,blaOXA
blaOXA-1101,blaOXA-1101,blaOXA
blaOXA-1102,blaOXA-1102,blaOXA
blaOXA-1103,blaOXA-1103,blaOXA
blaOXA-1104,blaOXA-1104,blaOXA
blaOXA-1105,blaOXA-1105,blaOXA
blaOXA-1106,blaOXA-1106,blaOXA
blaOXA-1107,blaOXA-1107,blaOXA
blaPDC-512,blaPDC-512,blaPDC
blaPDC-514,blaPDC-514,blaPDC
blaPDC-515,blaPDC-515,blaPDC
blaPDC-516,blaPDC-516,blaPDC
blaTEM-245,blaTEM-245,blaTEM
blaTEM-246,blaTEM-246,blaTEM
mcr-10.5,mcr-10.5,mcr-10
blaCTX-M-261,blaCTX-M-261,blaCTX-M
blaPDC-537,blaPDC-537,blaPDC
blaKPC-93,blaKPC-93,blaKPC
blaMOX-24,blaMOX-24,blaMOX
blaADC-271,blaADC-271,blaADC
blaCMH-13,blaCMH-13,blaCMH
blaACT-160,blaACT-160,blaACT
blaKPC-125,blaKPC-125,blaKPC
blaACT-GC1,blaACT-GC1,blaACT
blaADC-266,blaADC-266,blaADC
blaGES-52,blaGES-52,blaGES
blaGES-53,blaGES-53,blaGES
blaKLUG-1,blaKLUG-1,blaCTX-M
blaKPC-126,blaKPC-126,blaKPC
blaNDM-42,blaNDM-42,blaNDM
blaOXA-1117,blaOXA-1117,blaOXA
blaOXA-1118,blaOXA-1118,blaOXA
blaPDC-517,blaPDC-517,blaPDC
blaPDC-518,blaPDC-518,blaPDC
blaSRT-4,blaSRT-4,blaSRT
blaWUS-1,blaWUS-1,blaWUS
blaGES-54,blaGES-54,blaGES
blaACT-110,blaACT-110,blaACT
blaKPC-100,blaKPC-100,blaKPC
blaKPC-127,blaKPC-127,blaKPC
blaKPC-128,blaKPC-128,blaKPC
emrD,emrD,emrD
cfiA29,cfiA29,cfiA
acr3,satA,satA
aadA33,aadA33,aadA33
blaACT-94,blaACT-94,blaACT
emhB,emhB,emhB
blaACT-161,blaACT-161,blaACT
blaOXA-1278,blaOXA-1278,blaOXA
blaOXA-1012,blaOXA-1012,blaOXA
almE,almE,almE
blaOXA-1110,blaOXA-1110,blaOXA
blaOXA-1112,blaOXA-1112,blaOXA
blaCDA-1,blaCDA-1,blaCDA
blaKPC-130,blaKPC-130,blaKPC
blaCTX-M-255,blaCTX-M-255,blaCTX-M
cmeB_RE,cmeB,cmeB
blaMUN-2,blaMUN-2,blaMUN
blaMUN-5,blaMUN-5,blaMUN
blaVIM-84,blaVIM-84,blaVIM
blaADC-267,blaADC-267,blaADC
blaADC-272,blaADC-272,blaADC
blaADC-273,blaADC-273,blaADC
blaADC-274,blaADC-274,blaADC
blaADC-275,blaADC-275,blaADC
blaADC-276,blaADC-276,blaADC
blaADC-277,blaADC-277,blaADC
blaADC-281,blaADC-281,blaADC
blaADC-282,blaADC-282,blaADC
blaCMY-178,blaCMY-178,blaCMY
blaCTX-M-253,blaCTX-M-253,blaCTX-M
blaCTX-M-254,blaCTX-M-254,blaCTX-M
blaGOB-53,blaGOB-53,blaGOB
blaKPC-131,blaKPC-131,blaKPC
blaNDM-43,blaNDM-43,blaNDM
blaNWM-1,blaNWM-1,blaNWM
blaOXA-1052,blaOXA-1052,blaOXA
blaOXA-1087,blaOXA-1087,blaOXA
blaOXA-1119,blaOXA-1119,blaOXA
blaOXA-1120,blaOXA-1120,blaOXA
blaOXA-1121,blaOXA-1121,blaOXA
blaOXA-1122,blaOXA-1122,blaOXA
blaOXA-1123,blaOXA-1123,blaOXA
blaOXA-1126,blaOXA-1126,blaOXA
blaOXA-1128,blaOXA-1128,blaOXA
blaOXA-1130,blaOXA-1130,blaOXA
blaOXA-1134,blaOXA-1134,blaOXA
blaOXA-1136,blaOXA-1136,blaOXA
blaOXA-1137,blaOXA-1137,blaOXA
blaOXA-1138,blaOXA-1138,blaOXA
blaOXA-1139,blaOXA-1139,blaOXA
blaOXA-944,blaOXA-944,blaOXA
blaOXY-2-17,blaOXY-2-17,blaOXY
blaOXY-2-19,blaOXY-2-19,blaOXY
blaOXY-2-28,blaOXY-2-28,blaOXY
blaOXY-7-1,blaOXY-7-1,blaOXY
blaPDC-519,blaPDC-519,blaPDC
blaPDC-520,blaPDC-520,blaPDC
blaPDC-521,blaPDC-521,blaPDC
blaPDC-522,blaPDC-522,blaPDC
blaPDC-523,blaPDC-523,blaPDC
blaPDC-524,blaPDC-524,blaPDC
blaPDC-525,blaPDC-525,blaPDC
blaPDC-527,blaPDC-527,blaPDC
blaTEM-247,blaTEM-247,blaTEM
blaCTX-M-256,blaCTX-M-256,blaCTX-M
blaGES-55,blaGES-55,blaGES
blaKPC-132,blaKPC-132,blaKPC
blaKPC-133,blaKPC-133,blaKPC
blaADC-283,blaADC-283,blaADC
blaFRI-12,blaFRI-12,blaFRI
blaKPC-110,blaKPC-110,blaKPC
blaKPC-111,blaKPC-111,blaKPC
blaOXA-1141,blaOXA-1141,blaOXA
blaOXA-1142,blaOXA-1142,blaOXA
blaOXA-1145,blaOXA-1145,blaOXA
blaPDC-530,blaPDC-530,blaPDC
mcr-3.42,mcr-3.42,mcr-3
blaVIM-81,blaVIM-81,blaVIM
blaMUN-6,blaMUN-6,blaMUN
blaKPC-157,blaKPC-157,blaKPC
blaACT-162,blaACT-162,blaACT
amvA,amvA,amvA
blaEBR-5,blaEBR-5,blaEBR
blaVIM-85,blaVIM-85,blaVIM
blaADC-312,blaADC-312,blaADC
blaADC-325,blaADC-325,blaADC
blaADC-321,blaADC-321,blaADC
blaOXA-1114,blaOXA-1114,blaOXA
aac(6')-Iap,aac(6')-Iap,aac(6')-Iap
blaADC-285,blaADC-285,blaADC
blaCTX-M-257,blaCTX-M-257,blaCTX-M
blaCTX-M-258,blaCTX-M-258,blaCTX-M
blaFOX-20,blaFOX-20,blaFOX
blaGES-56,blaGES-56,blaGES
blaGIM-3,blaGIM-3,blaGIM
blaIMP-97,blaIMP-97,blaIMP
blaKPC-101,blaKPC-101,blaKPC
blaKPC-134,blaKPC-134,blaKPC
blaKPC-135,blaKPC-135,blaKPC
blaKPC-138,blaKPC-138,blaKPC
blaKPC-139,blaKPC-139,blaKPC
blaKPC-140,blaKPC-140,blaKPC
blaKPC-141,blaKPC-141,blaKPC
blaKPC-142,blaKPC-142,blaKPC
blaKPC-143,blaKPC-143,blaKPC
blaKPC-144,blaKPC-144,blaKPC
blaKPC-99,blaKPC-99,blaKPC
blaMOX-17,blaMOX-17,blaMOX
blaNDM-44,blaNDM-44,blaNDM
blaOXA-1146,blaOXA-1146,blaOXA
blaOXA-1147,blaOXA-1147,blaOXA
blaOXA-1148,blaOXA-1148,blaOXA
blaOXA-1151,blaOXA-1151,blaOXA
blaPDC-531,blaPDC-531,blaPDC
blaPDC-532,blaPDC-532,blaPDC
blaPDC-533,blaPDC-533,blaPDC
blaPEN-B2,blaPEN-B2,blaPEN-B
blaPEN-B3,blaPEN-B3,blaPEN-B
blaTEM-248,blaTEM-248,blaTEM
blaTEM-249,blaTEM-249,blaTEM
blaVEB-31,blaVEB-31,blaVEB
blaVIM-83,blaVIM-83,blaVIM
crxA,crxA,crxA
blaPDC-565,blaPDC-565,blaPDC
blaOXA-1184,blaOXA-1184,blaOXA
blaCTX-M-259,blaCTX-M-259,blaCTX-M
blaKPC-148,blaKPC-148,blaKPC
blaKPC-204,blaKPC-204,blaKPC
bepD,bepE,bepE
bepE,bepE,bepE
bepC,bepE,bepE
blaOXA-105,blaOXA-105,blaOXA
blaSHV-242,blaSHV-242,blaSHV
bepG,bepG,bepG
bepF,bepG,bepG
nimK,nimK,nimK
blaACT-91,blaACT-91,blaACT
blaACT-92,blaACT-92,blaACT
blaADC-286,blaADC-286,blaADC
blaADC-290,blaADC-290,blaADC
blaCMH-8,blaCMH-8,blaCMH
blaCMY-184,blaCMY-184,blaCMY
blaGES-57,blaGES-57,blaGES
blaIMP-98,blaIMP-98,blaIMP
blaKLUC-6,blaKLUC-6,blaKLUC
blaKPC-145,blaKPC-145,blaKPC
blaKPC-146,blaKPC-146,blaKPC
blaKPC-147,blaKPC-147,blaKPC
blaKPC-151,blaKPC-151,blaKPC
blaKPC-153,blaKPC-153,blaKPC
blaMOX-18,blaMOX-18,blaMOX
blaMOX-19,blaMOX-19,blaMOX
blaMOX-20,blaMOX-20,blaMOX
blaMOX-21,blaMOX-21,blaMOX
blaNDM-45,blaNDM-45,blaNDM
blaNDM-46,blaNDM-46,blaNDM
blaNDM-47,blaNDM-47,blaNDM
blaNDM-48,blaNDM-48,blaNDM
blaOXA-1154,blaOXA-1154,blaOXA
blaOXA-1155,blaOXA-1155,blaOXA
blaOXA-1156,blaOXA-1156,blaOXA
blaOXA-1157,blaOXA-1157,blaOXA
blaOXA-1158,blaOXA-1158,blaOXA
blaOXA-1164,blaOXA-1164,blaOXA
blaOXA-1165,blaOXA-1165,blaOXA
blaOXA-1168,blaOXA-1168,blaOXA
blaOXA-1169,blaOXA-1169,blaOXA
blaOXA-1170,blaOXA-1170,blaOXA
blaOXA-1171,blaOXA-1171,blaOXA
blaOXA-1172,blaOXA-1172,blaOXA
blaOXA-1173,blaOXA-1173,blaOXA
blaOXA-1175,blaOXA-1175,blaOXA
blaOXA-1176,blaOXA-1176,blaOXA
blaOXA-1177,blaOXA-1177,blaOXA
blaOXA-1178,blaOXA-1178,blaOXA
blaPDC-534,blaPDC-534,blaPDC
blaPDC-536,blaPDC-536,blaPDC
blaSHV-230,blaSHV-230,blaSHV
blaSHV-231,blaSHV-231,blaSHV
blaCTX-M-273,blaCTX-M-273,blaCTX-M
blaADC-320,blaADC-320,blaADC
blaADC-307,blaADC-307,blaADC
blaADC-305,blaADC-305,blaADC
blaADC-316,blaADC-316,blaADC
blaADC-324,blaADC-324,blaADC
blaADC-319,blaADC-319,blaADC
blaADC-332,blaADC-332,blaADC
blaADC-314,blaADC-314,blaADC
blaADC-327,blaADC-327,blaADC
blaADC-322,blaADC-322,blaADC
blaADC-331,blaADC-331,blaADC
blaADC-304,blaADC-304,blaADC
blaADC-318,blaADC-318,blaADC
blaADC-329,blaADC-329,blaADC
blaADC-326,blaADC-326,blaADC
blaADC-333,blaADC-333,blaADC
blaADC-309,blaADC-309,blaADC
blaADC-313,blaADC-313,blaADC
blaADC-330,blaADC-330,blaADC
blaADC-323,blaADC-323,blaADC
blaADC-306,blaADC-306,blaADC
blaADC-317,blaADC-317,blaADC
aph(2'')-Ii,aph(2'')-Ii,aph(2'')-Ii
blaCMY-185,blaCMY-185,blaCMY
blaKPC-109,blaKPC-109,blaKPC
blaKPC-155,blaKPC-155,blaKPC
blaKPC-156,blaKPC-156,blaKPC
blaNDM-49,blaNDM-49,blaNDM
blaNDM-50,blaNDM-50,blaNDM
blaOXA-1181,blaOXA-1181,blaOXA
blaOXA-1182,blaOXA-1182,blaOXA
blaOXA-1185,blaOXA-1185,blaOXA
blaPDC-538,blaPDC-538,blaPDC
blaPDC-539,blaPDC-539,blaPDC
blaVIM-86,blaVIM-86,blaVIM
blaIND-19,blaIND-19,blaIND
blaIND-18,blaIND-18,blaIND
blaPDC-540,blaPDC-540,blaPDC
blaPDC-541,blaPDC-541,blaPDC
blaPDC-542,blaPDC-542,blaPDC
blaADC-292,blaADC-292,blaADC
blaOXA-1192,blaOXA-1192,blaOXA
blaOXA-1215,blaOXA-1215,blaOXA
blaPDC-547,blaPDC-547,blaPDC
blaPER-17,blaPER-17,blaPER
blaOXA-18,blaOXA-18,blaOXA
blaACT-113,blaACT-113,blaACT
blaACT-117,blaACT-117,blaACT
blaACT-118,blaACT-118,blaACT
blaACT-119,blaACT-119,blaACT
blaADC-293,blaADC-293,blaADC
blaADC-294,blaADC-294,blaADC
blaFONA-13,blaFONA-13,blaFONA
blaFONA-9,blaFONA-9,blaFONA
blaGES-58,blaGES-58,blaGES
blaIMP-99,blaIMP-99,blaIMP
blaKPC-136,blaKPC-136,blaKPC
blaKPC-159,blaKPC-159,blaKPC
blaKPC-160,blaKPC-160,blaKPC
blaKPC-161,blaKPC-161,blaKPC
blaKPC-162,blaKPC-162,blaKPC
blaKPC-163,blaKPC-163,blaKPC
blaKPC-164,blaKPC-164,blaKPC
blaKPC-165,blaKPC-165,blaKPC
blaKPC-166,blaKPC-166,blaKPC
blaKPC-167,blaKPC-167,blaKPC
blaNDM-51,blaNDM-51,blaNDM
blaNDM-52,blaNDM-52,blaNDM
blaNDM-53,blaNDM-53,blaNDM
blaNDM-54,blaNDM-54,blaNDM
blaNDM-55,blaNDM-55,blaNDM
blaOXA-1088,blaOXA-1088,blaOXA
blaOXA-1109,blaOXA-1109,blaOXA
blaOXA-1111,blaOXA-1111,blaOXA
blaOXA-1113,blaOXA-1113,blaOXA
blaOXA-1115,blaOXA-1115,blaOXA
blaOXA-1116,blaOXA-1116,blaOXA
blaOXA-1186,blaOXA-1186,blaOXA
blaOXA-1187,blaOXA-1187,blaOXA
blaOXA-1198,blaOXA-1198,blaOXA
blaPDC-513,blaPDC-513,blaPDC
blaPDC-543,blaPDC-543,blaPDC
blaPDC-544,blaPDC-544,blaPDC
blaPDC-545,blaPDC-545,blaPDC
blaPDC-548,blaPDC-548,blaPDC
blaPDC-549,blaPDC-549,blaPDC
blaPDC-550,blaPDC-550,blaPDC
blaPDC-551,blaPDC-551,blaPDC
blaPDC-552,blaPDC-552,blaPDC
blaRAHN-5,blaRAHN-5,blaRAHN
blaTEM-250,blaTEM-250,blaTEM
blaCMH-11,blaCMH-11,blaCMH
blaCMH-12,blaCMH-12,blaCMH
blaCTX-M-260,blaCTX-M-260,blaCTX-M
blaADC-338,blaADC-338,blaADC
blaNDM-57,blaNDM-57,blaNDM
blaAMZ-1,blaAMZ-1,blaAMZ
blaNDM-56,blaNDM-56,blaNDM
mcr-4.9,mcr-4.9,mcr-4
blaOXA-1203,blaOXA-1203,blaOXA
blaCMY-186,blaCMY-186,blaCMY
blaDHA-30,blaDHA-30,blaDHA
blaOXA-1206,blaOXA-1206,blaOXA
qnrB84,qnrB84,qnrB
blaIMP-100,blaIMP-100,blaIMP
tetB(60),tetB(60),tetB(60)
tetA(60),tetA(60),tetA(60)
dfrL,dfrL,dfrL
blaADC-335,blaADC-335,blaADC
blaCTX-M-262,blaCTX-M-262,blaCTX-M
blaCTX-M-263,blaCTX-M-263,blaCTX-M
blaCTX-M-264,blaCTX-M-264,blaCTX-M
blaCTX-M-265,blaCTX-M-265,blaCTX-M
blaGES-59,blaGES-59,blaGES
blaKPC-124,blaKPC-124,blaKPC
blaKPC-129,blaKPC-129,blaKPC
blaKPC-178,blaKPC-178,blaKPC
blaKPC-179,blaKPC-179,blaKPC
blaKPC-180,blaKPC-180,blaKPC
blaNDM-58,blaNDM-58,blaNDM
blaNDM-60,blaNDM-60,blaNDM
blaOXA-1200,blaOXA-1200,blaOXA
blaOXA-1201,blaOXA-1201,blaOXA
blaOXA-1202,blaOXA-1202,blaOXA
blaOXA-1205,blaOXA-1205,blaOXA
blaOXA-1207,blaOXA-1207,blaOXA
blaOXA-1208,blaOXA-1208,blaOXA
blaPDC-553,blaPDC-553,blaPDC
blaPSZ-1,blaPSZ-1,blaPSZ
mcr-1.35,mcr-1.35,mcr-1
blaL1,blaL1,blaL1
blaADC-337,blaADC-337,blaADC
blaBIC-2,blaBIC-2,blaBIC
blaCTX-M-266,blaCTX-M-266,blaCTX-M
blaKPC-158,blaKPC-158,blaKPC
blaKPC-182,blaKPC-182,blaKPC
blaKPC-183,blaKPC-183,blaKPC
blaKPC-184,blaKPC-184,blaKPC
blaOXA-1211,blaOXA-1211,blaOXA
blaOXA-1212,blaOXA-1212,blaOXA
blaOXA-1213,blaOXA-1213,blaOXA
blaPDC-554,blaPDC-554,blaPDC
blaPDC-555,blaPDC-555,blaPDC
blaPDC-556,blaPDC-556,blaPDC
blaPDC-557,blaPDC-557,blaPDC
blaPDC-558,blaPDC-558,blaPDC
blaPDC-559,blaPDC-559,blaPDC
blaPDC-560,blaPDC-560,blaPDC
blaPDC-561,blaPDC-561,blaPDC
blaPDC-562,blaPDC-562,blaPDC
blaPDC-563,blaPDC-563,blaPDC
blaKPC-201,blaKPC-201,blaKPC
blaCMH-25,blaCMH-25,blaCMH
blaOXA-1204,blaOXA-1204,blaOXA
blaKPC-154,blaKPC-154,blaKPC
blaOCH,blaOCH,blaOCH
blaOCH,blaOCH,blaOCH
blaOCH,blaOCH,blaOCH
blaOCH,blaOCH,blaOCH
blaOCH,blaOCH,blaOCH
erm(55),erm(55),erm(55)
erm(55),erm(55),erm(55)
blaACT-120,blaACT-120,blaACT
blaACT-121,blaACT-121,blaACT
blaACT-122,blaACT-122,blaACT
blaACT-123,blaACT-123,blaACT
blaACT-124,blaACT-124,blaACT
blaADC-339,blaADC-339,blaADC
blaADC-340,blaADC-340,blaADC
blaADC-341,blaADC-341,blaADC
blaDHA-31,blaDHA-31,blaDHA
blaIMP-102,blaIMP-102,blaIMP
blaKPC-170,blaKPC-170,blaKPC
blaKPC-185,blaKPC-185,blaKPC
blaKPC-186,blaKPC-186,blaKPC
blaKPC-187,blaKPC-187,blaKPC
blaKPC-189,blaKPC-189,blaKPC
blaKPC-190,blaKPC-190,blaKPC
blaKPC-191,blaKPC-191,blaKPC
blaKPC-192,blaKPC-192,blaKPC
blaNDM-61,blaNDM-61,blaNDM
blaOXA-1214,blaOXA-1214,blaOXA
blaOXA-1216,blaOXA-1216,blaOXA
blaOXA-1217,blaOXA-1217,blaOXA
blaOXA-1218,blaOXA-1218,blaOXA
blaOXA-1219,blaOXA-1219,blaOXA
blaOXA-1220,blaOXA-1220,blaOXA
blaPDC-564,blaPDC-564,blaPDC
blaPDC-566,blaPDC-566,blaPDC
blaPDC-567,blaPDC-567,blaPDC
blaPDC-568,blaPDC-568,blaPDC
blaPDC-569,blaPDC-569,blaPDC
blaPDC-570,blaPDC-570,blaPDC
blaPDC-571,blaPDC-571,blaPDC
blaPDC-573,blaPDC-573,blaPDC
blaPDC-574,blaPDC-574,blaPDC
blaPDC-575,blaPDC-575,blaPDC
mcr-1.36,mcr-1.36,mcr-1
mcr-4.8,mcr-4.8,mcr-4
mcr-5.5,mcr-5.5,mcr-5
blaOXA-1247,blaOXA-1247,blaOXA
blaOXA-1258,blaOXA-1258,blaOXA
blaKPC-197,blaKPC-197,blaKPC
aac(6')-D42,aac(6')-D42,aac(6')-D42
aac(6')_E449,aac(6')-E449,aac(6')-E449
aac(6')_E553,aac(6')-E553,aac(6')-E553
aac(6')_E64,aac(6')-E64,aac(6')-E64
aac(6')-F309,aac(6')-F309,aac(6')-F309
aph(3')-H510,aph(3')-H510,aph(3')-H510
blaCAM-2,blaCAM-2,blaCAM
blaCTX-M-268,blaCTX-M-268,blaCTX-M
blaCTX-M-269,blaCTX-M-269,blaCTX-M
blaDHA-33,blaDHA-33,blaDHA
blaKPC-137,blaKPC-137,blaKPC
blaKPC-168,blaKPC-168,blaKPC
blaKPC-176,blaKPC-176,blaKPC
blaKPC-193,blaKPC-193,blaKPC
blaKPC-194,blaKPC-194,blaKPC
blaKPC-195,blaKPC-195,blaKPC
blaKPC-196,blaKPC-196,blaKPC
blaOXA-1223,blaOXA-1223,blaOXA
dfrB11,dfrB11,dfrB
blaIMP-50,blaIMP-50,blaIMP
blaIMI-10,blaIMI-10,blaIMI
blaACT-163,blaACT-163,blaACT
blaACT-164,blaACT-164,blaACT
blaIMI-25,blaIMI-25,blaIMI
blaIMI-26,blaIMI-26,blaIMI
blaOXA-1261,blaOXA-1261,blaOXA
blaOXA-1263,blaOXA-1263,blaOXA
blaOXA-1262,blaOXA-1262,blaOXA
blaOXA-1260,blaOXA-1260,blaOXA
blaKPC-203,blaKPC-203,blaKPC
arsC_thio,satA,satA
blaADC-344,blaADC-344,blaADC
blaADC-345,blaADC-345,blaADC
blaCTX-M-270,blaCTX-M-270,blaCTX-M
blaPNC-1,blaPNC-1,blaPNC
blaKPC-205,blaKPC-205,blaKPC
blaGES-61,blaGES-61,blaGES
blaADC-346,blaADC-346,blaADC
blaCMY-190,blaCMY-190,blaCMY
blaCTX-M-247,blaCTX-M-247,blaCTX-M
blaCTX-M-249,blaCTX-M-249,blaCTX-M
blaIMP-101,blaIMP-101,blaIMP
blaKPC-149,blaKPC-149,blaKPC
blaKPC-150,blaKPC-150,blaKPC
blaKPC-152,blaKPC-152,blaKPC
blaKPC-202,blaKPC-202,blaKPC
blaKPC-206,blaKPC-206,blaKPC
blaKPC-207,blaKPC-207,blaKPC
blaKPC-208,blaKPC-208,blaKPC
blaOXA-1167,blaOXA-1167,blaOXA
blaOXA-1225,blaOXA-1225,blaOXA
blaPDC-577,blaPDC-577,blaPDC
blaPDC-578,blaPDC-578,blaPDC
blaPDC-579,blaPDC-579,blaPDC
blaPDC-580,blaPDC-580,blaPDC
blaPDC-581,blaPDC-581,blaPDC
blaSHV-233,blaSHV-233,blaSHV
blaSHV-234,blaSHV-234,blaSHV
blaSHV-235,blaSHV-235,blaSHV
blaSHV-236,blaSHV-236,blaSHV
blaSHV-237,blaSHV-237,blaSHV
blaSHV-238,blaSHV-238,blaSHV
blaSHV-239,blaSHV-239,blaSHV
blaSHV-241,blaSHV-241,blaSHV
blaSHV-243,blaSHV-243,blaSHV
blaVEB-33,blaVEB-33,blaVEB
blaOXA-1295,blaOXA-1295,blaOXA
blaACT-165,blaACT-165,blaACT
blaACT-166,blaACT-166,blaACT
blaADC-349,blaADC-349,blaADC
blaOXA-1237,blaOXA-1237,blaOXA
blaNDM-66,blaNDM-66,blaNDM
blaKPC-211,blaKPC-211,blaKPC
blaKPC-214,blaKPC-214,blaKPC
blaKPC-215,blaKPC-215,blaKPC
blaKPC-212,blaKPC-212,blaKPC
blaKPC-213,blaKPC-213,blaKPC
blaDYB-1,blaDYB-1,blaDYB
blaADC-351,blaADC-351,blaADC
blaADC-352,blaADC-352,blaADC
blaADC-353,blaADC-353,blaADC
blaCMY-188,blaCMY-188,blaCMY
blaKHM-2,blaKHM-2,blaKHM
blaKPC-169,blaKPC-169,blaKPC
blaKPC-171,blaKPC-171,blaKPC
blaKPC-172,blaKPC-172,blaKPC
blaKPC-173,blaKPC-173,blaKPC
blaKPC-174,blaKPC-174,blaKPC
blaKPC-175,blaKPC-175,blaKPC
blaKPC-177,blaKPC-177,blaKPC
blaKPC-209,blaKPC-209,blaKPC
blaKPC-216,blaKPC-216,blaKPC
blaNDM-64,blaNDM-64,blaNDM
blaNDM-65,blaNDM-65,blaNDM
blaNDM-67,blaNDM-67,blaNDM
blaNDM-68,blaNDM-68,blaNDM
blaOXA-1226,blaOXA-1226,blaOXA
blaOXA-1227,blaOXA-1227,blaOXA
blaOXA-1228,blaOXA-1228,blaOXA
blaOXA-1229,blaOXA-1229,blaOXA
blaOXA-1230,blaOXA-1230,blaOXA
blaOXA-1231,blaOXA-1231,blaOXA
blaOXA-1232,blaOXA-1232,blaOXA
blaOXA-1233,blaOXA-1233,blaOXA
blaOXA-1234,blaOXA-1234,blaOXA
blaOXA-1235,blaOXA-1235,blaOXA
blaOXA-1236,blaOXA-1236,blaOXA
blaOXA-1238,blaOXA-1238,blaOXA
blaOXA-1239,blaOXA-1239,blaOXA
blaOXA-1240,blaOXA-1240,blaOXA
blaPDC-582,blaPDC-582,blaPDC
blaPDC-583,blaPDC-583,blaPDC
blaPDC-584,blaPDC-584,blaPDC
blaPDC-585,blaPDC-585,blaPDC
blaPDC-586,blaPDC-586,blaPDC
blaPDC-587,blaPDC-587,blaPDC
blaPDC-588,blaPDC-588,blaPDC
blaPDC-589,blaPDC-589,blaPDC
blaPDC-590,blaPDC-590,blaPDC
blaPDC-591,blaPDC-591,blaPDC
blaPDC-592,blaPDC-592,blaPDC
blaSED-2,blaSED-2,blaSED
blaVEB-34,blaVEB-34,blaVEB
blaVIM-87,blaVIM-87,blaVIM
blaPDC-593,blaPDC-593,blaPDC
blaPDC-594,blaPDC-594,blaPDC
blaPDC-595,blaPDC-595,blaPDC
blaPDC-596,blaPDC-596,blaPDC
blaPDC-598,blaPDC-598,blaPDC
blaPDC-599,blaPDC-599,blaPDC
blaPDC-600,blaPDC-600,blaPDC
blaVEB-38,blaVEB-38,blaVEB
blaKPC-228,blaKPC-228,blaKPC
blaCMH-27,blaCMH-27,blaCMH
blaTEM-252,blaTEM-252,blaTEM
blaOXA-1279,blaOXA-1279,blaOXA
blaACT-140,blaACT-140,blaACT
blaACT-167,blaACT-167,blaACT
blaACT-168,blaACT-168,blaACT
blaACT-169,blaACT-169,blaACT
blaACT-170,blaACT-170,blaACT
blaACT-171,blaACT-171,blaACT
blaACT-172,blaACT-172,blaACT
blaACT-173,blaACT-173,blaACT
blaACT-174,blaACT-174,blaACT
blaACT-175,blaACT-175,blaACT
blaACT-176,blaACT-176,blaACT
blaACT-177,blaACT-177,blaACT
blaACT-178,blaACT-178,blaACT
blaACT-179,blaACT-179,blaACT
blaACT-180,blaACT-180,blaACT
blaACT-181,blaACT-181,blaACT
blaACT-182,blaACT-182,blaACT
blaACT-183,blaACT-183,blaACT
blaACT-184,blaACT-184,blaACT
blaACT-185,blaACT-185,blaACT
blaACT-186,blaACT-186,blaACT
blaACT-187,blaACT-187,blaACT
blaACT-188,blaACT-188,blaACT
blaACT-189,blaACT-189,blaACT
blaACT-190,blaACT-190,blaACT
blaACT-191,blaACT-191,blaACT
blaACT-192,blaACT-192,blaACT
blaACT-193,blaACT-193,blaACT
blaACT-194,blaACT-194,blaACT
blaAFM-5,blaAFM-5,blaAFM
blaCMH-26,blaCMH-26,blaCMH
blaCMH-28,blaCMH-28,blaCMH
blaCMH-29,blaCMH-29,blaCMH
blaCMH-30,blaCMH-30,blaCMH
blaCMH-31,blaCMH-31,blaCMH
blaCMH-32,blaCMH-32,blaCMH
blaCMH-33,blaCMH-33,blaCMH
blaCMH-34,blaCMH-34,blaCMH
blaGES-60,blaGES-60,blaGES
blaKPC-217,blaKPC-217,blaKPC
blaKPC-218,blaKPC-218,blaKPC
blaKPC-223,blaKPC-223,blaKPC
blaKPC-224,blaKPC-224,blaKPC
blaKPC-225,blaKPC-225,blaKPC
blaKPC-226,blaKPC-226,blaKPC
blaKPC-227,blaKPC-227,blaKPC
blaKPC-230,blaKPC-230,blaKPC
blaMIR-27,blaMIR-27,blaMIR
blaMIR-31,blaMIR-31,blaMIR
blaMIR-32,blaMIR-32,blaMIR
blaMIR-33,blaMIR-33,blaMIR
blaMIR-34,blaMIR-34,blaMIR
blaMIR-35,blaMIR-35,blaMIR
blaNDM-69,blaNDM-69,blaNDM
blaNDM-70,blaNDM-70,blaNDM
blaOXA-1241,blaOXA-1241,blaOXA
blaOXA-1242,blaOXA-1242,blaOXA
blaOXA-1243,blaOXA-1243,blaOXA
blaOXA-1244,blaOXA-1244,blaOXA
blaOXA-1248,blaOXA-1248,blaOXA
blaOXA-1249,blaOXA-1249,blaOXA
blaOXA-1251,blaOXA-1251,blaOXA
blaOXA-1256,blaOXA-1256,blaOXA
blaOXA-1257,blaOXA-1257,blaOXA
blaPDC-601,blaPDC-601,blaPDC
blaPNC-2,blaPNC-2,blaPNC
blaPNC-3,blaPNC-3,blaPNC
blaSHV-19,blaSHV-19,blaSHV
blaSHV-245,blaSHV-245,blaSHV
blaSHV-6,blaSHV-6,blaSHV
blaSHV-84,blaSHV-84,blaSHV
qnrB99,qnrB99,qnrB
qnrE5,qnrE5,qnrE
qnrE6,qnrE6,qnrE
blaPDC-602,blaPDC-602,blaPDC
blaGES-66,blaGES-66,blaGES
qnrB90,qnrB90,qnrB
blaTEM-257,blaTEM-257,blaTEM
blaTEM-255,blaTEM-255,blaTEM
blaADC-354,blaADC-354,blaADC
blaADC-355,blaADC-355,blaADC
blaADC-357,blaADC-357,blaADC
blaADC-358,blaADC-358,blaADC
blaAXC-8,blaAXC-8,blaAXC
blaCTX-M-271,blaCTX-M-271,blaCTX-M
blaCTX-M-272,blaCTX-M-272,blaCTX-M
blaGES-62,blaGES-62,blaGES
blaIMP-104,blaIMP-104,blaIMP
blaKPC-188,blaKPC-188,blaKPC
blaKPC-231,blaKPC-231,blaKPC
blaKPC-232,blaKPC-232,blaKPC
blaKPC-233,blaKPC-233,blaKPC
blaNDM-71,blaNDM-71,blaNDM
blaNDM-72,blaNDM-72,blaNDM
blaOXA-1221,blaOXA-1221,blaOXA
blaOXA-1265,blaOXA-1265,blaOXA
blaOXA-1266,blaOXA-1266,blaOXA
blaOXA-1277,blaOXA-1277,blaOXA
blaOXA-1280,blaOXA-1280,blaOXA
blaOXA-1282,blaOXA-1282,blaOXA
blaOXA-1283,blaOXA-1283,blaOXA
blaOXA-1291,blaOXA-1291,blaOXA
blaOXA-1296,blaOXA-1296,blaOXA
blaOXA-1297,blaOXA-1297,blaOXA
blaOXA-1299,blaOXA-1299,blaOXA
blaOXA-1300,blaOXA-1300,blaOXA
blaOXA-1301,blaOXA-1301,blaOXA
blaOXA-1302,blaOXA-1302,blaOXA
blaOXA-1303,blaOXA-1303,blaOXA
blaOXA-410,blaOXA-410,blaOXA
blaPDC-603,blaPDC-603,blaPDC
blaPDC-604,blaPDC-604,blaPDC
blaPDC-605,blaPDC-605,blaPDC
blaPDC-606,blaPDC-606,blaPDC
blaPDC-607,blaPDC-607,blaPDC
blaPDC-608,blaPDC-608,blaPDC
blaPDC-610,blaPDC-610,blaPDC
blaPDC-611,blaPDC-611,blaPDC
blaPDC-612,blaPDC-612,blaPDC
blaPDC-614,blaPDC-614,blaPDC
blaPDC-615,blaPDC-615,blaPDC
blaPDC-616,blaPDC-616,blaPDC
blaPDC-617,blaPDC-617,blaPDC
blaPDC-618,blaPDC-618,blaPDC
blaPDC-619,blaPDC-619,blaPDC
blaPDC-621,blaPDC-621,blaPDC
blaPDC-622,blaPDC-622,blaPDC
blaPDC-624,blaPDC-624,blaPDC
blaPDC-625,blaPDC-625,blaPDC
blaPDC-626,blaPDC-626,blaPDC
blaPDC-627,blaPDC-627,blaPDC
blaPDC-628,blaPDC-628,blaPDC
blaPDC-629,blaPDC-629,blaPDC
blaPDC-631,blaPDC-631,blaPDC
blaPDC-632,blaPDC-632,blaPDC
blaPDC-633,blaPDC-633,blaPDC
blaPDC-635,blaPDC-635,blaPDC
blaPDC-637,blaPDC-637,blaPDC
blaPDC-638,blaPDC-638,blaPDC
blaPDC-639,blaPDC-639,blaPDC
blaTEM-253,blaTEM-253,blaTEM
blaTEM-254,blaTEM-254,blaTEM
blaKPC-234,blaKPC-234,blaKPC
blaPDC-640,blaPDC-640,blaPDC
blaVIM-91,blaVIM-91,blaVIM
blaCMY-192,blaCMY-192,blaCMY
blaCMY-194,blaCMY-194,blaCMY
blaCMY-195,blaCMY-195,blaCMY
blaCMY-196,blaCMY-196,blaCMY
blaCMY-197,blaCMY-197,blaCMY
blaCMY-198,blaCMY-198,blaCMY
blaCMY-199,blaCMY-199,blaCMY
blaCTX-M-274,blaCTX-M-274,blaCTX-M
blaCTX-M-275,blaCTX-M-275,blaCTX-M
blaCTX-M-276,blaCTX-M-276,blaCTX-M
blaCTX-M-277,blaCTX-M-277,blaCTX-M
blaCTX-M-278,blaCTX-M-278,blaCTX-M
blaDHA-34,blaDHA-34,blaDHA
blaGES-65,blaGES-65,blaGES
blaIMP-105,blaIMP-105,blaIMP
blaKPC-236,blaKPC-236,blaKPC
blaKPC-237,blaKPC-237,blaKPC
blaKPC-238,blaKPC-238,blaKPC
blaKPC-239,blaKPC-239,blaKPC
blaKPC-240,blaKPC-240,blaKPC
blaKPC-241,blaKPC-241,blaKPC
blaKPC-242,blaKPC-242,blaKPC
blaNDM-73,blaNDM-73,blaNDM
blaNDM-74,blaNDM-74,blaNDM
blaOXA-1304,blaOXA-1304,blaOXA
blaOXA-1305,blaOXA-1305,blaOXA
blaOXA-1306,blaOXA-1306,blaOXA
blaOXA-1307,blaOXA-1307,blaOXA
blaOXA-1308,blaOXA-1308,blaOXA
blaOXA-1309,blaOXA-1309,blaOXA
blaPER-18,blaPER-18,blaPER
blaTEM-258,blaTEM-258,blaTEM
blaVEB-35,blaVEB-35,blaVEB
blaVEB-36,blaVEB-36,blaVEB
blaVEB-37,blaVEB-37,blaVEB
blaVEB-39,blaVEB-39,blaVEB
blaVIM-88,blaVIM-88,blaVIM
blaVIM-89,blaVIM-89,blaVIM
blaVIM-90,blaVIM-90,blaVIM
blaVIM-92,blaVIM-92,blaVIM
blaKPC-245,blaKPC-245,blaKPC
blaBIM-2,blaBIM-2,blaBIM
blaIMP-106,blaIMP-106,blaIMP
blaKPC-243,blaKPC-243,blaKPC
blaKPC-244,blaKPC-244,blaKPC
blaNDM-75,blaNDM-75,blaNDM
blaNDM-76,blaNDM-76,blaNDM
blaNDM-77,blaNDM-77,blaNDM
blaNDM-78,blaNDM-78,blaNDM
blaOXA-1054,blaOXA-1054,blaOXA
blaOXA-1311,blaOXA-1311,blaOXA
blaOXA-1312,blaOXA-1312,blaOXA
blaOXA-1313,blaOXA-1313,blaOXA
blaOXA-1314,blaOXA-1314,blaOXA
blaOXA-1315,blaOXA-1315,blaOXA
blaOXA-1316,blaOXA-1316,blaOXA
blaOXA-1317,blaOXA-1317,blaOXA
blaOXA-1318,blaOXA-1318,blaOXA
blaOXA-1319,blaOXA-1319,blaOXA
blaOXA-1322,blaOXA-1322,blaOXA
blaPAC-2,blaPAC-2,blaPAC
cfiA32,cfiA32,cfiA
cfiA33,cfiA33,cfiA
emrD,emrD,emrD
norM-NG,norM,norM
hmrM,hmrM,hmrM
sdeY,sdeY,sdeY
ranA,ranB,ranB
ranB,ranB,ranB
helR,helR,helR
norM-Vib,norM,norM
emhA,emhC,emhC
crpP,crpP,crpP
pmrA,pmrA,pmrA
emhC,emhC,emhC
spaC,sul1,sul1
spaB,sul1,sul1
srtA,sul1,sul1
spaA,sul1,sul1
mexX,mexX,mexX
mtrR,mtrR,mtrR
mexA,mexA,mexA
aph(3')-Ia,aph(3')-Ia,aph(3')-Ia
aph(3')-Ia,aph(3')-Ia,aph(3')-Ia
aph(3')-Ia,aph(3')-Ia,aph(3')-Ia
aph(3')-Ia,aph(3')-Ia,aph(3')-Ia
dfrA19,dfrA19,dfrA19
blaTEM-116,blaTEM-116,blaTEM
blaTEM-1,blaTEM-1,blaTEM
blaTEM-181,blaTEM-181,blaTEM
blaTEM-10,blaTEM-10,blaTEM
mph(B),mph(B),mph(B)
sul3,sul3,sul3
msr(E),msr(E),msr(E)
satA_Bant,satA,satA
ant(9)-Ia,ant(9)-Ia,ant(9)-Ia
cmlA1,cmlA1,cmlA1
aph(6)-Ic,aph(6)-Ic,aph(6)-Ic
aac(3)-VIa,aac(3)-VIa,aac(3)-VIa
ble_Tn5,ble,ble
catA8,catA,catA
mph(E),mph(E),mph(E)
mupA,mupA,mupA
dfrS1,dfrS1,dfrC
catB3,catB3,catB3
mecI_of_mecC,mecI,mecI
mph(C),mph(C),mph(C)
floR,floR,floR
floR,floR,floR
floR,floR,floR
floR,floR,floR
floR2,floR2,floR2
mph(A),mph(A),mph(A)
arr-2,arr-2,arr
blaCTX-M-15,blaCTX-M-15,blaCTX-M
blaCTX-M-32,blaCTX-M-32,blaCTX-M
sul1,sul1,sul1
sul1,sul1,sul1
sul1,sul1,sul1
oqxB,oqxB,oqxB
armA,armA,armA
qnrVC4,qnrVC4,qnrVC
qnrVC5,qnrVC5,qnrVC
mecI_of_mecA,mecI,mecI
mecI_of_mecA,mecI,mecI
ant(2'')-Ia,ant(2'')-Ia,ant(2'')-Ia
ant(2'')-Ia,ant(2'')-Ia,ant(2'')-Ia
vanX-A,vanX-A,vanX-A
vanX-A,vanX-A,vanX-A
aac(6')_E606,aac(6')-E606,aac(6')-E606
catA1,catA1,catA1
qnrVC1,qnrVC1,qnrVC
mef(A),mef(A),mef(A)
mef(A),mef(A),mef(A)
msr(D),msr(D),msr(D)
msr(D),msr(D),msr(D)
aph(3')-VIb,aph(3')-VIb,aph(3')-VIb
aph(3')-VIa,aph(3')-VIa,aph(3')-VIa
msr(A),msr(A),msr(A)
dfrB1,dfrB1,dfrB1
aph(6)-Id,aph(6)-Id,aph(6)-Id
aph(6)-Id,aph(6)-Id,aph(6)-Id
tet(K),tet(K),tet(K)
tet(K),tet(K),tet(K)
blaIII,blaIII,blaIII
aadA5,aadA5,aadA5
aadA5,aadA5,aadA5
vanZ-A,vanZ-A,vanZ-A
aac(3)-IIe,aac(3)-IIe,aac(3)-IIe
aac(3)-IId,aac(3)-IId,aac(3)-IId
dfrA8,dfrA8,dfrA8
aph(3')-IIa,aph(3')-IIa,aph(3')-IIa
blaOXA-20,blaOXA-20,blaOXA
fosD,fosD,fosD
sat4,sat4,sat4
tet(W),tet(W),tet(W)
tet(S),tet(S),tet(S)
tet(M),tet(M),tet(M)
tet(M),tet(M),tet(M)
tet(M),tet(M),tet(M)
tet(M),tet(M),tet(M)
tet(M),tet(M),tet(M)
tet(M),tet(M),tet(M)
tet(M),tet(M),tet(M)
tet(M),tet(M),tet(M)
tet(O),tet(O),tet(O)
lnu(A),lnu(A),lnu(A)
dfrA31,dfrA31,dfrA31
dfrA7,dfrA7,dfrA7
sat2_fam,sat2,sat2
blaVEB-1,blaVEB-1,blaVEB
blaOXA-72,blaOXA-72,blaOXA
mecA,mecA,mecA
mecA,mecA,mecA
mecA,mecA,mecA
blaOXA-9,blaOXA-9,blaOXA
mecC,mecC,mecC
blaZ,blaZ,blaZ
blaZ,blaZ,blaZ
blaZ,blaZ,blaZ
blaPC1,blaPC1,blaZ
blaZ,blaZ,blaZ
blaZ,blaZ,blaZ
blaZ,blaZ,blaZ
blaZ-mecC,blaZ,blaZ
aph(4)-Ia,aph(4)-Ia,aph(4)-Ia
fosLL,fos,fos
dfrA1,dfrA1,dfrA1
dfrA1,dfrA1,dfrA1
varG,varG,varG
dfrA51,dfrA51,dfrA51
BcII,bla2,bla2
BcII,bla2,bla2
BcII,bla2,bla2
catB11,catB11,catB
tet(A),tet(A),tet(A)
tet(A),tet(A),tet(A)
almF,almF,almF
erm(A),erm(A),erm(A)
tet(C),tet(C),tet(C)
tet(C),tet(C),tet(C)
blaOXA-10,blaOXA-10,blaOXA
blaOXA-235,blaOXA-235,blaOXA
blaOXA-237,blaOXA-237,blaOXA
fusB,fusB,fusB
rmtC,rmtC,rmtC
dfrG,dfrG,dfrG
fosB_gen,fosB,fosB
fosB2,fosB2,fosB
lnu(F),lnu(F),lnu(F)
fosA7.5,fosA7.5,fosA7
fosA7,fosA7,fosA7
fosA7.2,fosA7.2,fosA7
fosBx1,fosBx1,fosB
fosBx1-fam,fosB,fosB
sul1,sul1,sul1
dfrA36,dfrA36,dfrA36
mecR1,mecR1,mecR1
aacA57-2,aacA57-2,aacA57-2
aac(6')-Ian,aac(6')-Ian,aac(6')-Ian
blaCMY-30,blaCMY-30,blaCMY
blaCMY-2,blaCMY-2,blaCMY
blaCMY-23,blaCMY-23,blaCMY
erm(C),erm(C),erm(C)
erm(C),erm(C),erm(C)
erm(C),erm(C),erm(C)
blaOXA-2,blaOXA-2,blaOXA
catB9,catB9,catB9
catA9,catA,catA
cfr,cfr,cfr
catA2,catA2,catA2
ant(4')-Ia,aadD1,aadD1
blaOXA-856,blaOXA-856,blaOXA
blaOXA-68,blaOXA-68,blaOXA
blaOXA-91,blaOXA-91,blaOXA
blaOXA-98,blaOXA-98,blaOXA
blaOXA-317,blaOXA-317,blaOXA
blaOXA-69,blaOXA-69,blaOXA
blaOXA-208,blaOXA-208,blaOXA
blaOXA-90,blaOXA-90,blaOXA
blaOXA-65,blaOXA-65,blaOXA
blaOXA-180,blaOXA-180,blaOXA
blaOXA-259,blaOXA-259,blaOXA
blaOXA-71,blaOXA-71,blaOXA
blaOXA-113,blaOXA-113,blaOXA
blaOXA-312,blaOXA-312,blaOXA
blaOXA-64,blaOXA-64,blaOXA
blaOXA-402,blaOXA-402,blaOXA
blaOXA-66,blaOXA-66,blaOXA
blaOXA-82,blaOXA-82,blaOXA
blaOXA-109,blaOXA-109,blaOXA
blaOXA-100,blaOXA-100,blaOXA
blaOXA-242,blaOXA-242,blaOXA
blaOXA-976,blaOXA-976,blaOXA
blaOXA-223,blaOXA-223,blaOXA
blaOXA-75,blaOXA-75,blaOXA
dfrA10,dfrA10,dfrA10
aac(6')-Ie,aac(6')-Ie/aph(2'')-Ia,aac(6')-Ie/aph(2'')-Ia
aph(2'')-Ia,aac(6')-Ie/aph(2'')-Ia,aac(6')-Ie/aph(2'')-Ia
dfrA18,dfrA18,dfrA18
tet(59),tet(59),tet(59)
fusC,fusC,fusC
erm(B),erm(B),erm(B)
erm(B),erm(B),erm(B)
erm(B),erm(B),erm(B)
tet(D),tet(D),tet(D)
mphM,mphM,mphM
sul2,sul2,sul2
sul2,sul2,sul2
blaOXA-23,blaOXA-23,blaOXA
vanH-A,vanH-A,vanH-A
erm(A),erm(A),erm(A)
erm(A),erm(A),erm(A)
vanA,vanA,vanA
aph(3'')-Ib,aph(3'')-Ib,aph(3'')-Ib
dfrA12,dfrA12,dfrA12
tet(B),tet(B),tet(B)
tet(B),tet(B),tet(B)
tet(B),tet(B),tet(B)
blaR1,blaR1,blaR1
blaR1-2,blaR1,blaR1
blaR1,blaR1,blaR1
aph(3')-IIIa,aph(3')-IIIa,aph(3')-IIIa
tet(38),tet(38),tet(38)
tet(38),tet(38),tet(38)
tet(38),tet(38),tet(38)
tet(38),tet(38),tet(38)
tet(38),tet(38),tet(38)
tet(38),tet(38),tet(38)
blaPER-10,blaPER-10,blaPER
blaPER-1,blaPER-1,blaPER
aacA16,aacA16,aac(6')
ant(3'')-IIa,ant(3'')-IIa,ant(3'')-IIa
dfrA23,dfrA23,dfrA23
blaADC-79,blaADC-79,blaADC
blaADC-176,blaADC-176,blaADC
aac(3)-IVa,aac(3)-IVa,aac(3)-IVa
aadA1,aadA1,aadA1
aadA1,aadA1,aadA1
aadA1,aadA1,aadA1
aadA2,aadA2,aadA2
aadA1,aadA1,aadA1
blaGES-11,blaGES-11,blaGES
blaADC-241,blaADC-241,blaADC
blaADC-243,blaADC-243,blaADC
blaADC-249,blaADC-249,blaADC
blaADC-291,blaADC-291,blaADC
blaADC-302,blaADC-302,blaADC
blaADC-74,blaADC-74,blaADC
blaADC-11,blaADC-11,blaADC
blaADC-240,blaADC-240,blaADC
blaADC-175,blaADC-175,blaADC
blaADC-140,blaADC-140,blaADC
blaADC-185,blaADC-185,blaADC
blaADC-169,blaADC-169,blaADC
blaADC-144,blaADC-144,blaADC
blaADC-115,blaADC-115,blaADC
blaADC-82,blaADC-82,blaADC
blaADC-25,blaADC-25,blaADC
blaADC-30,blaADC-30,blaADC
blaADC-73,blaADC-73,blaADC
blaADC-33,blaADC-33,blaADC
blaADC-88,blaADC-88,blaADC
blaADC-31,blaADC-31,blaADC
blaADC-226,blaADC-226,blaADC
blaADC-303,blaADC-303,blaADC
blaADC-57,blaADC-57,blaADC
blaADC-158,blaADC-158,blaADC
blaADC-52,blaADC-52,blaADC
blaADC-152,blaADC-152,blaADC
blaADC-76,blaADC-76,blaADC
blaADC-26,blaADC-26,blaADC
blaADC-165,blaADC-165,blaADC
bleO,bleO,bleO
ant(6)-Ia,ant(6)-Ia,ant(6)-Ia
ant(6)-Ia,ant(6)-Ia,ant(6)-Ia
aadE,aadE,aadE
cmlA6,cmlA6,cmlA
cmlA1,cmlA1,cmlA1
tet(G),tet(G),tet(G)
str,str,str
aadA2,aadA2,aadA2
ant(3'')-IIa,ant(3'')-IIa,ant(3'')-IIa
ant(3'')-IIa,ant(3'')-IIa,ant(3'')-IIa
ant(3'')-IIa,ant(3'')-IIa,ant(3'')-IIa
vanR-A,vanR-A,vanR-A
blaI_of_Z,blaI,blaI
sdeB,sdeB,sdeB
sdeA,sdeB,sdeB
blaEC,blaEC,blaEC
tet(C),tet(C),tet(C)
dfrA5,dfrA5,dfrA5
blaOXA-1,blaOXA-1,blaOXA
dfrA15,dfrA15,dfrA15
dfrA17,dfrA17,dfrA17
aadA13,aadA13,aadA13
aadA7,aadA7,aadA7
qnrS1,qnrS1,qnrS
tet(M),tet(M),tet(M)
tet(L),tet(L),tet(L)
blaCTX-M-14,blaCTX-M-14,blaCTX-M
blaSHV-1,blaSHV-1,blaSHV
aadA1,aadA1,aadA1
floR,floR,floR
floR,floR,floR
aadA16,aadA16,aadA16
dfrA27,dfrA27,dfrA27
arr-3,arr-3,arr-3
qnrB6,qnrB6,qnrB
ant(4')-Ia,aadD1,aadD1
vanY-A,vanY-A,vanY-A
lnu(A),lnu(A),lnu(A)
dfrA15,dfrA15,dfrA15
almG,almG,almG
aadA1,aadA1,aadA1
blaCARB-2,blaCARB-2,blaPSE
tet(A),tet(A),tet(A)
blaOXA-58,blaOXA-58,blaOXA
blaCARB-9,blaCARB-9,blaPSE
blaOXA-51,blaOXA-51,blaOXA
blaADC-167,blaADC-167,blaADC
blaOXA-126,blaOXA-126,blaOXA
mphL,mphL,mphL
blaADC-334,blaADC-334,blaADC
blaOXA-117,blaOXA-117,blaOXA
blaADC-238,blaADC-238,blaADC
aac(3)-IIe,aac(3)-IIe,aac(3)-IIe
catB8,catB8,catB8
aac(3)-Ia,aac(3)-Ia,aac(3)-Ia
blaADC-18,blaADC-18,blaADC
blaOXA-500,blaOXA-500,blaOXA
blaADC-120,blaADC-120,blaADC
blaOXA-263,blaOXA-263,blaOXA
blaADC-117,blaADC-117,blaADC
catA1,catA1,catA1
tet(B),tet(B),tet(B)
aacA-ENT1,aac(6')-I,aac(6')-I
erm(B),erm(B),erm(B)
aacA-ENT1,aac(6')-I,aac(6')-I
aacA-ENT1,aac(6')-I,aac(6')-I
tet(L),tet(L),tet(L)
ant(6)-Ia,ant(6)-Ia,ant(6)-Ia
spw,spw,spw
lsa(E),lsa(E),lsa(E)
lnu(B),lnu(B),lnu(B)
vat(D),vat(D),vat(D)
vanS-A,vanS-A,vanS-A
msr(C),msr(C),msr(C)
vanX-B,vanX-B,vanX-B
vanH-B,vanH-B,vanH-B
vanR-B,vanR-B,vanR-B
erm(B),erm(B),erm(B)
dfrF,dfrF,dfrF
aacA-ENT1,aac(6')-I,aac(6')-I
vat(E),vat(E),vat(E)
catA7,catA,catA
lnu(G),lnu(G),lnu(G)
aacA-ENT1,aac(6')-I,aac(6')-I
erm(T),erm(T),erm(T)
cfr(B),cfr(B),cfr(B)
catA8,catA,catA
tet(M),tet(M),tet(M)
lsa(A),lsa(A),lsa(A)
vanW-B,vanW-B,vanW-B
vanY-B,vanY-B,vanY-B
vanS-B,vanS-B,vanS-B
vanR-B,vanR-B,vanR-B
aacA-ENT1,aac(6')-I,aac(6')-I
vanS-B,vanS-B,vanS-B
vanH-B,vanH-B,vanH-B
lsa(A),lsa(A),lsa(A)
bcrA_Lm,bcrA,bcrA
lsa(A),lsa(A),lsa(A)
catA8,catA,catA
cfr(B),cfr(B),cfr(B)
lsa(A),lsa(A),lsa(A)
tet(M),tet(M),tet(M)
fexB,fexB,fexB
poxtA,poxtA,poxtA
vanY-B,vanY-B,vanY-B
blaHER-1,blaHER-1,blaHER
fosB-Sepi,fosB,fosB
vga(A),vga(A),vga(A)
msr(A),msr(A),msr(A)
vga(A)-LC,vga(A)-LC,vga(A)
fosB-Sepi,fosB,fosB
catA7,catA,catA
tet(Q),tet(Q),tet(Q)
catP,catP,catP
erm(52),erm(52),erm(52)
aad9,aad9,aad9
tet(W),tet(W),tet(W)
aac(6')-Im,aac(6')-Im,aac(6')-Im
vanB,vanB,vanB
tet(32),tet(32),tet(32)
erm(F),erm(F),erm(F)
tet(O),tet(O),tet(O)
blaOXA-193,blaOXA-193,blaOXA
ant(6)-Ig,aadE-Cc,aadE-Cc
blaOXA-460,blaOXA-460,blaOXA
blaOXA-489,blaOXA-489,blaOXA
blaOXA-578,blaOXA-578,blaOXA
blaOXA-595,blaOXA-595,blaOXA
blaOXA-579,blaOXA-579,blaOXA
blaOXA-592,blaOXA-592,blaOXA
blaOXA-61,blaOXA-61,blaOXA
tet(O/M/O),tet(O/M/O),tet(O/M/O)
blaOXA-184,blaOXA-184,blaOXA
blaOXA-591,blaOXA-591,blaOXA
blaOXA-449,blaOXA-449,blaOXA
blaSHV-12,blaSHV-12,blaSHV
tet(O),tet(O),tet(O)
oqxA,oqxA,oqxA
blaOXA-447,blaOXA-447,blaOXA
blaOXA-623,blaOXA-623,blaOXA
blaCGA-1,blaCGA-1,blaCGA
blaCGB-1,blaCGB-1,blaIND
blaTUS-1,blaTUS-1,blaTUS
aadS,aadS,aadS
qnrB38,qnrB38,qnrB
blaFTU-1,blaFTU-1,blaFTU
fosA_PA1129,fosA,fosA
blaPDC-35,blaPDC-35,blaPDC
blaOXA-488,blaOXA-488,blaOXA
blaOXA-50,blaOXA-50,blaOXA
blaPDC-1,blaPDC-1,blaPDC
blaVIM-2,blaVIM-2,blaVIM
blaPDC-30,blaPDC-30,blaPDC
blaADC-191,blaADC-191,blaADC
catB7,catB7,catB7
aph(3')-IIb,aph(3')-IIb,aph(3')-IIb
blaPDC-8,blaPDC-8,blaPDC
blaOXA-494,blaOXA-494,blaOXA
blaPDC-5,blaPDC-5,blaPDC
blaPDC-3,blaPDC-3,blaPDC
blaOXA-904,blaOXA-904,blaOXA
blaPDC-630,blaPDC-630,blaPDC
vanR-C,vanR-C,vanR-C
vanT-C,vanT-C,vanT-C
vanXY-C,vanXY-C,vanXY-C
aph(3')-IIb,aph(3')-IIb,aph(3')-IIb
blaPDC-19a,blaPDC-19a,blaPDC
blaPDC-34,blaPDC-34,blaPDC
toprJ1,toprJ1,toprJ
aac(3)-Id,aac(3)-Id,aac(3)-Id
aac(6')-Ib4,aac(6')-Ib4,aac(6')-Ib
ant(2'')-Ia,ant(2'')-Ia,ant(2'')-Ia
aac(6')-Iae,aac(6')-Iae,aac(6')
blaIMP-1,blaIMP-1,blaIMP
blaOXA-905,blaOXA-905,blaOXA
blaOXA-486,blaOXA-486,blaOXA
blaP,blaP,blaP
erm(D),erm(D),erm(D)
aadK,aadK,aadK
vmlR,vmlR,vmlR
blaBSU-1,blaBSU-1,blaBSU
satA_Bsub,satA,satA
tet(L),tet(L),tet(L)
mphK,mphK,mphK
blaBAT-1,blaBAT-1,blaBAT
blaC,blaC,blaC
blaPDC-374,blaPDC-374,blaPDC
ant(6)-Ib,ant(6)-Ib,ant(6)-Ib
tet(44),tet(44),tet(44)
tetA(P),tetA(P),tetA(P)
tet(32),tet(32),tet(32)
tet(56),tet(56),tet(56)
blaOXA-268,blaOXA-268,blaOXA
blaBRO-1,blaBRO-1,blaBRO
blaBRO-2,blaBRO-2,blaBRO
tet(W),tet(W),tet(W)
fosX,fosX,fosX
blaCMY-25,blaCMY-25,blaCMY
aac(2')-Ib,aac(2')-Ib,aac(2')-Ib
tet(V),tet(V),tet(V)
aac(2')-Ic,aac(2')-Ic,aac(2')-Ic
erm(37),erm(37),erm(37)
aacA-STR-13,aac(6'),aac(6')
sul2,sul2,sul2
aph(6)-Ia,aph(6)-Ia,aph(6)-Ia
cmlR,cmlR,cmlR
mgt,mgt,mgt
erm(O),erm(O),erm(O)
vanS-Sc,vanS-Sc,vanS-Sc
blaOXY-2-4,blaOXY-2-4,blaOXY
blaOXY-2-11,blaOXY-2-11,blaOXY
blaOXY-4-1,blaOXY-4-1,blaOXY
blaOXY-6-4,blaOXY-6-4,blaOXY
blaSHV-206,blaSHV-206,blaSHV
fosA5_fam,fosA,fosA
oqxA10,oqxA10,oqxA
oqxB19,oqxB19,oqxB
blaKPC-3,blaKPC-3,blaKPC
oqxB5,oqxB5,oqxB
blaSHV-11,blaSHV-11,blaSHV
blaSHV-28,blaSHV-28,blaSHV
blaSHV-60,blaSHV-60,blaSHV
dfrA21,dfrA21,dfrA21
blaSCO-1,blaSCO-1,blaSCO
blaKPC-2,blaKPC-2,blaKPC
blaNDM-1,blaNDM-1,blaNDM
ble-MBL,ble,ble
qnrB9,qnrB9,qnrB
dfrA14,dfrA14,dfrA14
blaOKP-B-6,blaOKP-B-6,blaOKP-B
aphA16,aphA16,aphA16
blaSGM-6,blaSGM-6,blaSGM
oqxA11,oqxA11,oqxA
fosA10,fosA10,fosA
tet(W),tet(W),tet(W)
blaDHA-1,blaDHA-1,blaDHA
blaDHA-13,blaDHA-13,blaDHA
tet(J),tet(J),tet(J)
blaFPH-1,blaFPH-1,blaFPH
tet(Q),tet(Q),tet(Q)
blaOXA-347,blaOXA-347,blaOXA
lnu(AN2),lnu(AN2),lnu(AN2)
cfxA_fam,cfxA,cfxA
cfxA3,cfxA3,cfxA3
aadA4,aadA4,aadA4
blaPDC-192,blaPDC-192,blaPDC
blaCSA-2,blaCSA-2,blaCSA
blaOXA-59,blaOXA-59,blaOXA
blaOXA-57,blaOXA-57,blaOXA
tet(M),tet(M),tet(M)
blaOXA-936,blaOXA-936,blaOXA
blaADC-128,blaADC-128,blaADC
blaOXA-283,blaOXA-283,blaOXA
blaOXA-296,blaOXA-296,blaOXA
aac(6')-Iv,aac(6')-Iv,aac(6')-I
blaOXA-286,blaOXA-286,blaOXA
aacA-ACI4,aac(6')-I,aac(6')-I
ant(3'')-IIc,ant(3'')-IIc,ant(3'')-IIc
blaOXA-279,blaOXA-279,blaOXA
blaOXA-281,blaOXA-281,blaOXA
blaADC-133,blaADC-133,blaADC
blaADC-131,blaADC-131,blaADC
blaADC-119,blaADC-119,blaADC
blaADC-1,blaADC-1,blaADC
blaOXA-260,blaOXA-260,blaOXA
blaOXA-274,blaOXA-274,blaOXA
blaOXA-282,blaOXA-282,blaOXA
dfrA41,dfrA41,dfrA41
blaOXA-120,blaOXA-120,blaOXA
blaADC-32,blaADC-32,blaADC
blaADC-2,blaADC-2,blaADC
ant(3'')-IIc,ant(3'')-IIc,ant(3'')-IIc
aacA-ACI5,aac(6')-I,aac(6')-I
ant(3'')-IIb,ant(3'')-IIb,ant(3'')-IIb
blaOXA-294,blaOXA-294,blaOXA
blaADC-135,blaADC-135,blaADC
blaOXA-305,blaOXA-305,blaOXA
aacA-ACI6,aac(6')-I,aac(6')-I
blaOXA-276,blaOXA-276,blaOXA
blaOXA-275,blaOXA-275,blaOXA
blaOXA-300,blaOXA-300,blaOXA
blaADC-123,blaADC-123,blaADC
blaOXY-5-4,blaOXY-5-4,blaOXY
tet(39),tet(39),tet(39)
fosA_gen,fosA,fosA
aph(3')-IX,aph(3')-IX,aph(3')-IX
blaORN-1,blaORN-1,blaORN
blaOXA-308,blaOXA-308,blaOXA
blaYEM-1,blaYEM-1,blaYEM
aac(6')_Yersi,aac(6'),aac(6')
blaOXA-266,blaOXA-266,blaOXA
blaADC-130,blaADC-130,blaADC
oqxA3,oqxA3,oqxA
blaOXA-277,blaOXA-277,blaOXA
oqxB17,oqxB17,oqxB
aac(2')-Ia,aac(2')-Ia,aac(2')-Ia
blaRAD-1,blaRAD-1,blaRAD
catA3,catA3,catA3
blaADC-8,blaADC-8,blaADC
aac(6')_Serra,aac(6'),aac(6')
blaOXA-280,blaOXA-280,blaOXA
ant(3'')-IIc,ant(3'')-IIc,ant(3'')-IIc
blaOXA-299,blaOXA-299,blaOXA
blaOXA-103,blaOXA-103,blaOXA
blaOXA-301,blaOXA-301,blaOXA
blaADC-129,blaADC-129,blaADC
blaOXA-267,blaOXA-267,blaOXA
blaADC-127,blaADC-127,blaADC
blaOXA-213,blaOXA-213,blaOXA
aac(6')_Acine,aac(6')-I,aac(6')-I
blaADC-132,blaADC-132,blaADC
blaOXA-273,blaOXA-273,blaOXA
blaOXA-272,blaOXA-272,blaOXA
aac(6')-Ig,aac(6')-Ig,aac(6')-I
blaOXA-264,blaOXA-264,blaOXA
blaOXA-265,blaOXA-265,blaOXA
blaMAB,blaMAB,blaMAB
aacA-ACI1,aac(6')-I,aac(6')-I
blaOXA-134,blaOXA-134,blaOXA
blaADC-121,blaADC-121,blaADC
blaOXA-261,blaOXA-261,blaOXA
blaOXA-128,blaOXA-128,blaOXA
blaADC-122,blaADC-122,blaADC
blaADC-155,blaADC-155,blaADC
blaADC-125,blaADC-125,blaADC
blaOXA-262,blaOXA-262,blaOXA
blaADC-154,blaADC-154,blaADC
blaOXA-78,blaOXA-78,blaOXA
aacA-ACI7,aac(6')-I,aac(6')-I
vat(F),vat(F),vat(F)
blaA_Yent,blaA,blaA
aacA-ACI6,aac(6')-I,aac(6')-I
blaOXA-291,blaOXA-291,blaOXA
aacA-ACI4,aac(6')-I,aac(6')-I
blaOXA-288,blaOXA-288,blaOXA
aacA-ACI6,aac(6')-I,aac(6')-I
aac(6')-Iu,aac(6')-Iu,aac(6')-I
blaOXA-292,blaOXA-292,blaOXA
blaOXA-278,blaOXA-278,blaOXA
blaOXA-297,blaOXA-297,blaOXA
vanR-C,vanR-C,vanR-C
vanXY-c2/3,vanXY-C,vanXY-C
vanC2/3,vanC,vanC
blaOXA-302,blaOXA-302,blaOXA
aacA-ACI3,aac(6')-I,aac(6')-I
blaOXA-284,blaOXA-284,blaOXA
aacA-ACI5,aac(6')-I,aac(6')-I
blaOXA-295,blaOXA-295,blaOXA
blaOXA-285,blaOXA-285,blaOXA
aacA-ACI3,aac(6')-I,aac(6')-I
blaOXA-298,blaOXA-298,blaOXA
aacA-ACI5,aac(6')-I,aac(6')-I
aac(6')-Iw,aac(6')-Iw,aac(6')-I
cmx,cmx,cmx
blaOXA-306,blaOXA-306,blaOXA
blaOXA-304,blaOXA-304,blaOXA
blaADC-134,blaADC-134,blaADC
blaOXA-303,blaOXA-303,blaOXA
blaCARB-42,blaCARB-42,blaCARB
blaCARB-57,blaCARB-57,blaCARB
blaOXA-813,blaOXA-813,blaOXA
blaOXA-966,blaOXA-966,blaOXA
blaOXA-814,blaOXA-814,blaOXA
aac(6')-Iz,aac(6')-Iz,aac(6')-Iz
aac(6')-Iz,aac(6')-Iz,aac(6')-Iz
aac(6')-Iak,aac(6')-Iak,aac(6')-Iak
blaCARB-18,blaCARB-18,blaCARB
fos-Vibrio,fos,fos
blaCARB-22,blaCARB-22,blaCARB
tet(35),tet(35),tet(35)
blaCARB-30,blaCARB-30,blaCARB
tet(34),tet(34),tet(34)
blaROB-1,blaROB-1,blaROB
cfiA14,cfiA14,cfiA
cepA,cepA,cepA
cfiA,cfiA,cfiA
nimE,nimE,nimE
nimJ,nimJ,nimJ
vanW-I,vanW-I,vanW-I
cepA,cepA,cepA
cfiA4,cfiA4,cfiA
catA3,catA3,catA3
cblA,cblA,cblA
aac(6')-Iih,aac(6')-Iih,aac(6')-I
blaPEN-M,blaPEN-M,blaPEN-M
ampC_Ecan,ampC,ampC
tet(H),tet(H),tet(H)
blaMUS-1,blaMUS-1,blaMUS
vanR-F,vanR-F,vanR-F
vanS-F,vanS-F,vanS-F
vanY-F,vanY-F,vanY-F
vanZ-F,vanZ-F,vanZ-F
vanH-F,vanH-F,vanH-F
vanF,vanF,vanF
vanX-F,vanX-F,vanX-F
catA1,catA1,catA1
blaOXA-114b,blaOXA-114b,blaOXA
blaOXA-243,blaOXA-243,blaOXA
tetA(P),tetA(P),tetA(P)
blaACI-1,blaACI-1,blaACI
qnrB39,qnrB39,qnrB
tet(36),tet(36),tet(36)
erm(35),erm(35),erm(35)
blaPEN-G,blaPEN-G,blaPEN-G
erm(Q),erm(Q),erm(Q)
erm(C),erm(C),erm(C)
blaSIE-1,blaSIE-1,blaSIE
blaSGM-3,blaSGM-3,blaSGM
blaSGM-5,blaSGM-5,blaSGM
blaOXA-919,blaOXA-919,blaOXA
blaCSA-1,blaCSA-1,blaCSA
sul1,sul1,sul1
aac(6')-Ii,aac(6')-Ii,aac(6')-I
blaCMY-65,blaCMY-65,blaCMY
vanXY-c4,vanXY-C,vanXY-C
blaMIR-28,blaMIR-28,blaMIR
tet(X2),tet(X2),tet(X2)
cepA-49,cepA-49,cepA
blaLEN-27,blaLEN-27,blaLEN
blaACC-1d,blaACC-1d,blaACC
aacA-ACI1,aac(6')-I,aac(6')-I
blaOXA-214,blaOXA-214,blaOXA
lnu(I),lnu(I),lnu(I)
aac(6')_Strep,aac(6'),aac(6')
blaCME-3,blaCME-3,blaCME
blaGOB-20,blaGOB-20,blaGOB
tet(40),tet(40),tet(40)
tet(W),tet(W),tet(W)
blaPDC-12,blaPDC-12,blaPDC
blaOXA-1189,blaOXA-1189,blaOXA
blaADC-295,blaADC-295,blaADC
fosA5_fam,fosA,fosA
aacA-ACI5,aac(6')-I,aac(6')-I
blaOXY-5-2,blaOXY-5-2,blaOXY
blaSGM-1,blaSGM-1,blaSGM
blaCDD-1,blaCDD-1,blaCDD
erm(E),erm(E),erm(E)
aac(6')-III,aac(6')-III,aac(6')-III
blaPEN-J,blaPEN-J,blaPEN-J
blaSGM-7,blaSGM-7,blaSGM
qnrE3,qnrE3,qnrE
tet(B),tet(B),tet(B)
fos_related,fos,fos
catB8,catB8,catB8
blaOXA-1160,blaOXA-1160,blaOXA
blaMOX-8,blaMOX-8,blaMOX
aac(6')-Im,aac(6')-Im,aac(6')-Im
str,str,str
aac(6')-Iid,aac(6')-Iid,aac(6')-I
aacA-ENT1,aac(6')-I,aac(6')-I
aacA-ENT1,aac(6')-I,aac(6')-I
aacA-ENT1,aac(6')-I,aac(6')-I
aacA-ENT4,aac(6')-I,aac(6')-I
aacA-ENT2,aac(6')-I,aac(6')-I
vanXY-C,vanXY-C,vanXY-C
aac(6')_Entco,aac(6')-I,aac(6')-I
aac(6')_Entco,aac(6')-I,aac(6')-I
aac(6')_Entco,aac(6')-I,aac(6')-I
aac(3)-Ib,aac(3)-Ib,aac(3)-Ib
blaOXA-847,blaOXA-847,blaOXA
aadA7,aadA7,aadA7
aph(3'')-Ib,aph(3'')-Ib,aph(3'')-Ib
blaLUT-1,blaLUT-1,blaLUT
vanW-B,vanW-B,vanW-B
erm(C),erm(C),erm(C)
dfrB3,dfrB3,dfrB
aph(3'')-Ib,aph(3'')-Ib,aph(3'')-Ib
sul2,sul2,sul2
cmx,cmx,cmx
tet(C),tet(C),tet(C)
aph(3')-Id,aph(3')-Id,aph(3')-Id
sat3,sat3,sat3
aph(3')-Ia,aph(3')-Ia,aph(3')-Ia
catA7,catA,catA
erm(K),erm(K),erm(K)
aac(2')-Ie,aac(2')-Ie,aac(2')-Ie
blaBOR-1,blaBOR-1,blaBOR
tet(30),tet(30),tet(30)
catB1,catB1,catB1
tet(C),tet(C),tet(C)
cpt,cpt,cpt
vga(G),vga(G),vga(G)
fosX,fosX,fosX
tet(33),tet(33),tet(33)
aadA9,aadA9,aadA9
cepA,cepA,cepA
sul2,sul2,sul2
blaNPS-1,blaNPS-1,blaNPS
erm(B),erm(B),erm(B)
vanR-Sc,vanR-Sc,vanR-Sc
vanJ,vanJ,vanJ
vanK-Sc,vanK-Sc,vanK-Sc
vanH-Sc,vanH-Sc,vanH-Sc
vanA-Sc,vanA-Sc,vanA-Sc
vanX-Sc,vanX-Sc,vanX-Sc
aph(3')-Ia,aph(3')-Ia,aph(3')-Ia
bla1,bla,bla
blaOXA-54,blaOXA-54,blaOXA
tet(C),tet(C),tet(C)
blaBJP-1,blaBJP-1,blaBJP
blaCTX-M-3,blaCTX-M-3,blaCTX-M
blaCAR-1,blaCAR-1,blaCAR
erm(T),erm(T),erm(T)
catB2,catB2,catB2
aadA25,aadA25,aadA25
cmx,cmx,cmx
erm(X),erm(X),erm(X)
tetAB_A,tetA,tetA
tetAB_B,tetB,tetB
tet(M),tet(M),tet(M)
erm(T),erm(T),erm(T)
blaSHV-5,blaSHV-5,blaSHV
erm(X),erm(X),erm(X)
blaCTX-M-17,blaCTX-M-17,blaCTX-M
lsa(B),lsa(B),lsa(B)
erm(33),erm(33),erm(33)
erm(X),erm(X),erm(X)
catA1,catA1,catA1
aph(6)-Id,aph(6)-Id,aph(6)-Id
tet(O),tet(O),tet(O)
aph(3')-Ib,aph(3')-Ib,aph(3')-Ib
rox_nf,rox,rox
aph(9)-Ia,aph(9)-Ia,aph(9)-Ia
blaTLA-2,blaTLA-2,tla2
aadA2,aadA2,aadA2
clbB,clbB,clbB
aadA14,aadA14,ant(3'')-Ia
floR,floR,floR
sul2,sul2,sul2
sul2,sul2,sul2
aac(3)-I,aac(3)-I,aac(3)-I
bla-A,bla,bla
fosB1,fosB1,fosB
erm(C),erm(C),erm(C)
erm(C),erm(C),erm(C)
fusD,fusD,fusD
blaRHO,blaRHO,blaRHO
aadA5,aadA5,aadA5
erm(C),erm(C),erm(C)
lnu(A)',lnu(A)',lnu(A)
sul2,sul2,sul2
floR,floR,floR
vanS-I,vanS-I,vanS-I
vanR-I,vanR-I,vanR-I
vanK-I,vanK-I,vanK-I
aac(3)-Ig,aac(3)-Ig,aac(3)-Ig
blaSHD-1,blaSHD-1,blaSHD
blaSHN-1,blaSHN-1,blaSHN
tet(W),tet(W),tet(W)
aac(3)-Ii,aac(3)-Ii,aac(3)-Ii
blaMYX-1,blaMYX-1,blaMYX
cml_Myxo,cml,cml
aadA11,aadA11,aadA11
mcr-4.3,mcr-4.3,mcr-4
lnu(A),lnu(A),lnu(A)
lnu(A),lnu(A),lnu(A)
lnu(A),lnu(A),lnu(A)
blaTEM-2,blaTEM-2,blaTEM
tet(A),tet(A),tet(A)
blaPEN-F,blaPEN-F,blaPEN-F
blaOXA-725,blaOXA-725,blaOXA
aac(2')-Id,aac(2')-Id,aac(2')-Id
blaS,blaS,blaS
blaE,blaE,blaE
catA2,catA2,catA2
blaA_Yent,blaA,blaA
tet(M),tet(M),tet(M)
erm(B),erm(B),erm(B)
dfrI,dfrI,dfrI
blaPEN-E,blaPEN-E,blaPEN-E
tet(E),tet(E),tet(E)
estDL136,estDL136,estDL136
floR,floR,floR
tet(Y),tet(Y),tet(Y)
dfrA4,dfrA4,dfrA4
cfr-Cb,cfr,cfr
blaVIM-7,blaVIM-7,blaVIM
blaJOHN-1,blaJOHN-1,blaJOHN
blaOXA-1091,blaOXA-1091,blaOXA
blaPDC-33,blaPDC-33,blaPDC
mef(A),mef(A),mef(A)
clbA,clbA,clbA
blaSPR-1,blaSPR-1,blaSPR
tet(H),tet(H),tet(H)
blaPEN-A1,blaPEN-A1,blaPEN-A
tet(L),tet(L),tet(L)
BcII,bla2,bla2
blaCMY-31,blaCMY-31,blaCMY
blaCMY-36,blaCMY-36,blaCMY
mupA,mupA,mupA
tet(L),tet(L),tet(L)
cmlA5,cmlA5,cmlA5
sul1,sul1,sul1
rmtB1,rmtB1,rmtB
qepA1,qepA1,qepA
aph(3'')-Ia,aph(3'')-Ia,aph(3'')-Ia
aac(3)-Xa,aac(3)-Xa,aac(3)-Xa
catA9,catA,catA
aadA13,aadA13,aadA13
blaCMY-8,blaCMY-8,blaMOX
catB2,catB2,catB2
tet(L),tet(L),tet(L)
blaSHV-2,blaSHV-2,blaSHV
blaLAP-2,blaLAP-2,blaLAP
aph(3')-Ia,aph(3')-Ia,aph(3')-Ia
catA2,catA2,catA2
tetA(P),tetA(P),tetA(P)
tetB(P),tetB(P),tetB(P)
aph(3')-IIc,aph(3')-IIc,aph(3')-IIc
aph(6)-Smalt,aph(6),aph(6)
aac(6')-Iz,aac(6')-Iz,aac(6')-Iz
qnrS2,qnrS2,qnrS
blaLEN-28,blaLEN-28,blaLEN
qnrAS,qnrAS,qnrAS
floR,floR,floR
blaCTX-M-53,blaCTX-M-53,blaCTX-M
vga(A),vga(A),vga(A)
blaCTX-M-24,blaCTX-M-24,blaCTX-M
fosA5,fosA5,fosA
qnrA1,qnrA1,qnrA
tet(A),tet(A),tet(A)
vanS-B,vanS-B,vanS-B
vanX-B,vanX-B,vanX-B
qnrD1,qnrD1,qnrD
mecB,mecB,mecB
aac(6')-Ie,aac(6')-Ie/aph(2'')-Ia,aac(6')-Ie/aph(2'')-Ia
aph(2'')-Ia,aac(6')-Ie/aph(2'')-Ia,aac(6')-Ie/aph(2'')-Ia
dfrE,dfrE,dfrE
blaGES-5,blaGES-5,blaGES
blaOXA-493,blaOXA-493,blaOXA
tet(O),tet(O),tet(O)
blaIMP-8,blaIMP-8,blaIMP
aac(6')-Ib-G,aac(6')-Ib,aac(6')-Ib
aph(3')-Ia,aph(3')-Ia,aph(3')-Ia
aac(6')-IIc,aac(6')-IIc,aac(6')-IIc
aac(3)-IIg,aac(3)-IIg,aac(3)-IIg
arr-2b,arr,arr
qnrB2,qnrB2,qnrB
blaLHK-7,blaLHK-7,blaLHK
blaCBP-1,blaCBP-1,blaCBP
blaR1_gen,blaR1,blaR1
blaOXA-24,blaOXA-24,blaOXA
blaGMA-1,blaGMA-1,blaGMA
tet(O),tet(O),tet(O)
dfrK,dfrK,dfrK
vga(C),vga(C),vga(C)
tet(B),tet(B),tet(B)
qnrB19,qnrB19,qnrB
oqxB9,oqxB9,oqxB
blaLEN-13,blaLEN-13,blaLEN
blaCMH-4,blaCMH-4,blaCMH
aac(6')-Ia,aac(6')-Ia,aac(6')-Ia
blaCTX-M-1,blaCTX-M-1,blaCTX-M
blaCTX-M-65,blaCTX-M-65,blaCTX-M
blaADC-193,blaADC-193,blaADC
blaOXA-136,blaOXA-136,blaOXA
blaGES-1,blaGES-1,blaGES
aac(6')-Ib-G,aac(6')-Ib,aac(6')-Ib
blaSPS-1,blaSPS-1,blaSPS
aac(6')-Il,aac(6')-Il,aac(6')-Il
blaVIM-1,blaVIM-1,blaVIM
blaTEM-33,blaTEM-33,blaTEM
blaRAHN-3,blaRAHN-3,blaRAHN
tet(O/W/32/O),tet(O/W/32/O),tet(O/W/32/O)
blaSGM-4,blaSGM-4,blaSGM
blaACT-9,blaACT-9,blaACT
blaZOG-1,blaZOG-1,blaZOG
blaOXA-209,blaOXA-209,blaOXA
tet(W),tet(W),tet(W)
erm(C),erm(C),erm(C)
blaOXA-642,blaOXA-642,blaOXA
blaADC-149,blaADC-149,blaADC
ant(3'')-IIa,ant(3'')-IIa,ant(3'')-IIa
blaOXY-1-1,blaOXY-1-1,blaOXY
erm(42),erm(42),erm(42)
aadA25,aadA25,aadA25
mph(E),mph(E),mph(E)
qnrS6,qnrS6,qnrS
blaCMY-16,blaCMY-16,blaCMY
aph(3')-VI,aph(3')-VI,aph(3')-VI
floR,floR,floR
blaOXA-21,blaOXA-21,blaOXA
qnrB1,qnrB1,qnrB
mph(G),mph(G),mph(G)
mef(C),mef(C),mef(C)
tet(M),tet(M),tet(M)
tet(B),tet(B),tet(B)
erm(G),erm(G),erm(G)
vanB,vanB,vanB
blaOXA-256,blaOXA-256,blaOXA
aac(6')-Ib',aac(6')-Ib',aac(6')-Ib'
blaOXA-851,blaOXA-851,blaOXA
tet(O),tet(O),tet(O)
mef(A),mef(A),mef(A)
fosI,fosI,fosI
fosA3,fosA3,fosA
blaOXA-29,blaOXA-29,blaOXA
blaACT-52,blaACT-52,blaACT
blaOXA-137,blaOXA-137,blaOXA
tva(B),tva(B),tva(B)
blaOXA-1099,blaOXA-1099,blaOXA
rox_sv,rox,rox
blaCMY-4,blaCMY-4,blaCMY
blaCMY-6,blaCMY-6,blaCMY
qnrS11,qnrS11,qnrS
blaTEM-171,blaTEM-171,blaTEM
blaTEM-135,blaTEM-135,blaTEM
blaTEM-52,blaTEM-52,blaTEM
blaCTX-M-105,blaCTX-M-105,blaCTX-M
aac(6')-33,aac(6')-33,aac(6')
blaGES-19,blaGES-19,blaGES
blaGES-20,blaGES-20,blaGES
blaCMY-5,blaCMY-5,blaCMY
apmA,apmA,apmA
ere(A),ere(A),ere(A)
blaOXA-48,blaOXA-48,blaOXA
blaOXA-181,blaOXA-181,blaOXA
blaIMP-4,blaIMP-4,blaIMP
sul2,sul2,sul2
dfrB2,dfrB2,dfrB2
aac(3)-IIe,aac(3)-IIe,aac(3)-IIe
tet(L),tet(L),tet(L)
tet(X2),tet(X2),tet(X2)
blaBES-1,blaBES-1,blaBES
tet(X3),tet(X3),tet(X3)
blaKPC-4,blaKPC-4,blaKPC
cfiA2,cfiA2,cfiA
blaKPC-5,blaKPC-5,blaKPC
blaECV-1,blaECV-1,blaECV
erm(36),erm(36),erm(36)
ere(D),ere(D),ere(D)
blaTEM-24,blaTEM-24,blaTEM
aac(6')_Serra,aac(6'),aac(6')
blaTEM-34,blaTEM-34,blaTEM
blaCTX-M-55,blaCTX-M-55,blaCTX-M
blaROB-13,blaROB-13,blaROB
blaACT-43,blaACT-43,blaACT
tet(40),tet(40),tet(40)
tet(O/32/O),tet(O/32/O),tet(O/32/O)
fexA,fexA,fexA
blaGIM-1,blaGIM-1,blaGIM
blaCARB-16,blaCARB-16,blaRTG
tet(H),tet(H),tet(H)
rmtF1,rmtF1,rmtF
blaOXA-395,blaOXA-395,blaOXA
blaBJP,blaBJP,blaBJP
cipA,cipA,cipA
fos-Crono,fos,fos
mphH,mphH,mphH
blaTTU-1,blaTTU-1,blaTTU
fosX_gen,fosX,fosX
clbC,clbC,clbC
vanX-I,vanX-I,vanX-I
vanI,vanI,vanI
mphM,mphM,mphM
blaADC-136,blaADC-136,blaADC
blaOXA-269,blaOXA-269,blaOXA
blaADC-137,blaADC-137,blaADC
blaOXA-270,blaOXA-270,blaOXA
blaOXA-271,blaOXA-271,blaOXA
blaADC-138,blaADC-138,blaADC
blaCMY-101,blaCMY-101,blaCMY
blaLEN-31,blaLEN-31,blaLEN
blaOXA-673,blaOXA-673,blaOXA
aacA-ACI6,aac(6')-I,aac(6')-I
aac(6')_Entco,aac(6')-I,aac(6')-I
aacA-ENT3,aac(6')-I,aac(6')-I
blaPDC-286,blaPDC-286,blaPDC
blaPDC-20,blaPDC-20,blaPDC
vanR-D,vanR-D,vanR-D
vanA-Ao2,vanA-Ao2,vanA-Ao2
vanX-Ao2,vanX-Ao2,vanX-Ao2
aph(2'')-IIa,aph(2'')-IIa,aph(2'')-IIa
aac(6')-Ih,aac(6')-Ih,aac(6')-I
blaPDC-31,blaPDC-31,blaPDC
aac(6')-Isa,aac(6')-Isa,aac(6')
aacA-ENT1,aac(6')-I,aac(6')-I
blaOXA-670,blaOXA-670,blaOXA
aac(6')-Ij,aac(6')-Ij,aac(6')-I
aph(3')-VIIIb,aph(3')-VIIIb,aph(3')-VIIIb
blaOXA-665,blaOXA-665,blaOXA
blaOXA-715,blaOXA-715,blaOXA
blaADC-350,blaADC-350,blaADC
blaFOX-5,blaFOX-5,blaFOX
blaOXA-396,blaOXA-396,blaOXA
fosB3,fosB3,fosB
aac(6')-Ial,aac(6')-Ial,aac(6')
oqxB25,oqxB25,oqxB
blaOXA-1028,blaOXA-1028,blaOXA
blaOXY-2-7,blaOXY-2-7,blaOXY
blaACT-27,blaACT-27,blaACT
blaADC-150,blaADC-150,blaADC
blaOXA-421,blaOXA-421,blaOXA
aacA-ACI1,aac(6')-I,aac(6')-I
blaADC-70,blaADC-70,blaADC
blaACT-17,blaACT-17,blaACT
blaADC-6,blaADC-6,blaADC
mcr-3.27,mcr-3.27,mcr-3
blaADC-116,blaADC-116,blaADC
blaOXA-99,blaOXA-99,blaOXA
blaCARB-56,blaCARB-56,blaCARB
qnrVC10,qnrVC10,qnrVC
blaOKP-B-8,blaOKP-B-8,blaOKP-B
qnrB4,qnrB4,qnrB
blaSIM-1,blaSIM-1,blaSIM
vanI,vanI,vanI
mef(A),mef(A),mef(A)
aph(2'')-IIIa,aph(2'')-IIIa,aph(2'')-IIIa
blaGOB-22,blaGOB-22,blaGOB
blaB-19,blaB-19,blaB
blaA_Yent,blaA,blaA
blaOXA-1026,blaOXA-1026,blaOXA
aph(3')-XV,aph(3')-XV,aph(3')-XV
aac(6')_Serra,aac(6'),aac(6')
blaOXA-848,blaOXA-848,blaOXA
blaPDC-16,blaPDC-16,blaPDC
adeE,adeE,adeE
adeD,adeE,adeE
aac(6')-set_A,aac(6'),aac(6')
oqxB14,oqxB14,oqxB
aacA-ENT4,aac(6')-I,aac(6')-I
rmtD1,rmtD1,rmtD
sul1,sul1,sul1
erm(49),erm(49),erm(49)
blaSHV-7,blaSHV-7,blaSHV
qnrA6,qnrA6,qnrA
blaKPC-7,blaKPC-7,blaKPC
blaCARB-20,blaCARB-20,blaCARB
blaOXA-452,blaOXA-452,blaOXA
blaOXA-491,blaOXA-491,blaOXA
blaAXC-1,blaAXC-1,blaAXC
blaVEB-3,blaVEB-3,blaVEB
cph,cph,cph
blaCMY-13,blaCMY-13,blaCMY
mepA,mepA,mepA
catB8,catB8,catB8
blaIMP-9,blaIMP-9,blaIMP
aph(2'')-Ig,aph(2'')-Ig,aph(2'')-Ig
floR,floR,floR
blaOXA-956,blaOXA-956,blaOXA
blaMIR-25,blaMIR-25,blaMIR
mph(F),mph(F),mph(F)
spd,spd,spd
oqxB20,oqxB20,oqxB
blaB-17,blaB-17,blaB
blaCDD-2,blaCDD-2,blaCDD
aph(2'')-IVa,aph(2'')-IVa,aph(2'')-IVa
vanT-G,vanT-G,vanT-G
vanG,vanG,vanG
vanY-G1,vanY-G1,vanY-G1
vanS-G,vanS-G,vanS-G
vanR-G,vanR-G,vanR-G
vanU-G,vanU-G,vanU-G
vanW-G,vanW-G,vanW-G
aph(2'')-If,aph(2'')-If,aph(2'')-If
blaSHV-187,blaSHV-187,blaSHV
blaARL-2,blaARL-2,blaARL
aac(6')_Serra,aac(6'),aac(6')
blaADC-248,blaADC-248,blaADC
blaTEM-40,blaTEM-40,blaTEM
dfrA14,dfrA14,dfrA14
aadA6,aadA6,aadA6
blaTEM-30,blaTEM-30,blaTEM
ere(A),ere(A),ere(A)
ant(9)-Ic,ant(9)-Ic,ant(9)-Ic
nimI,nimI,nimI
blaTEM-144,blaTEM-144,blaTEM
blaFONA-11,blaFONA-11,blaFONA
blaLEN-10,blaLEN-10,blaLEN
lnu(P),lnu(P),lnu(P)
aac(3)-Ia,aac(3)-Ia,aac(3)-Ia
blaCTX-M-25,blaCTX-M-25,blaCTX-M
blaADC-255,blaADC-255,blaADC
blaPDC-38,blaPDC-38,blaPDC
mtrC,mtrC,mtrC
aac(6')-Ib-G,aac(6')-Ib,aac(6')-Ib
aac(6')-Ib-G,aac(6')-Ib,aac(6')-Ib
blaACT-24,blaACT-24,blaACT
aadA6,aadA6,aadA6
vanS-D,vanS-D,vanS-D
vanH-D,vanH-D,vanH-D
vanD,vanD,vanD
vanR-D,vanR-D,vanR-D
vanX-D,vanX-D,vanX-D
vanX-D,vanX-D,vanX-D
vanD,vanD,vanD
vanH-D,vanH-D,vanH-D
vanR-D,vanR-D,vanR-D
mtrA_Ngon,mtrA,mtrA
blaPDC-121,blaPDC-121,blaPDC
blaPDC-120,blaPDC-120,blaPDC
blaPDC-39,blaPDC-39,blaPDC
blaPDC-37,blaPDC-37,blaPDC
blaOXA-1035,blaOXA-1035,blaOXA
blaOXA-1030,blaOXA-1030,blaOXA
blaPDC-36,blaPDC-36,blaPDC
blaOXA-1032,blaOXA-1032,blaOXA
blaPDC-22,blaPDC-22,blaPDC
blaPDC-122,blaPDC-122,blaPDC
blaPDC-15,blaPDC-15,blaPDC
blaPDC-24,blaPDC-24,blaPDC
blaPDC-431,blaPDC-431,blaPDC
blaOXA-1127,blaOXA-1127,blaOXA
blaPDC-6,blaPDC-6,blaPDC
blaOXA-914,blaOXA-914,blaOXA
blaSHV-76,blaSHV-76,blaSHV
fosA7.4,fosA7.4,fosA7
fosA7.3,fosA7.3,fosA7
blaOXA-672,blaOXA-672,blaOXA
blaSHV-26,blaSHV-26,blaSHV
blaHER-3,blaHER-3,blaHER
blaSHV-27,blaSHV-27,blaSHV
blaOKP-A-17,blaOKP-A-17,blaOKP-A
blaMIR-16,blaMIR-16,blaMIR
blaACT-15,blaACT-15,blaACT
blaLEN-16,blaLEN-16,blaLEN
blaACT-90,blaACT-90,blaACT
blaACT-2,blaACT-2,blaACT
blaACT-16,blaACT-16,blaACT
blaSHV-75,blaSHV-75,blaSHV
blaSHV-80,blaSHV-80,blaSHV
blaOKP-B-23,blaOKP-B-23,blaOKP-B
blaOXY-2-16,blaOXY-2-16,blaOXY
oqxB15,oqxB15,oqxB
blaSHV-33,blaSHV-33,blaSHV
blaMIR-11,blaMIR-11,blaMIR
blaOXY-2-2,blaOXY-2-2,blaOXY
blaACT-28,blaACT-28,blaACT
mcr-10.1,mcr-10.1,mcr-10
blaLEN-2,blaLEN-2,blaLEN
blaSHV-211,blaSHV-211,blaSHV
oqxB32,oqxB32,oqxB
blaMIR-17,blaMIR-17,blaMIR
blaNDM-5,blaNDM-5,blaNDM
aacA-STR-13,aac(6'),aac(6')
rmtF2,rmtF2,rmtF
blaVIM-17,blaVIM-17,blaVIM
aacA-ENT4,aac(6')-I,aac(6')-I
aac(6')_Strep,aac(6'),aac(6')
aac(6')-IIa,aac(6')-IIa,aac(6')-IIa
blaCARB-17,blaCARB-17,blaCARB
blaP,blaP,blaP
blaPDC-19b,blaPDC-19b,blaPDC
blaPDC-98,blaPDC-98,blaPDC
tet(M),tet(M),tet(M)
blaOXA-114f,blaOXA-114f,blaOXA
mphN,mphN,mphN
mef(A),mef(A),mef(A)
aadA25,aadA25,aadA25
tet(X3),tet(X3),tet(X3)
cmlB1,cmlB1,cmlB1
dfrB4,dfrB4,dfrB4
farB,farB,farB
aadA22,aadA22,aadA22
qnrA3,qnrA3,qnrA
aac(6')-Iy,aac(6')-Iy,aac(6')
blaOXY-6-5,blaOXY-6-5,blaOXY
tet(40),tet(40),tet(40)
blaOXA-104,blaOXA-104,blaOXA
blaADC-156,blaADC-156,blaADC
aacA35,aacA35,aac(6')-II
aacA43,aacA43,aacA43
blaOXA-383,blaOXA-383,blaOXA
blaDHA-32,blaDHA-32,blaDHA
blaFONA-8,blaFONA-8,blaFONA
blaSFC-1,blaSFC-1,blaSFC
blaGOB-21,blaGOB-21,blaGOB
aac(6')_E657,aac(6')-E657,aac(6')-E657
blaGOB-26,blaGOB-26,blaGOB
aacA-ENT1,aac(6')-I,aac(6')-I
fosXCC,fosXCC,fosXCC
blaPDC-189,blaPDC-189,blaPDC
blaOXA-902,blaOXA-902,blaOXA
aac(6')-Iz,aac(6')-Iz,aac(6')-Iz
tet(W/N/W),tet(W/N/W),tet(W/N/W)
blaOXA-580,blaOXA-580,blaOXA
blaOXY-1-2,blaOXY-1-2,blaOXY
blaDHA-12,blaDHA-12,blaDHA
fosA2,fosA2,fosA
blaACT-12,blaACT-12,blaACT
aac(2')-I(A267),aac(2')-I(A267),aac(2')-I(A267)
aac(6')_Serra,aac(6'),aac(6')
blaPDC-195,blaPDC-195,blaPDC
cmlA4,cmlA4,cmlA4
blaCTX-M-2,blaCTX-M-2,blaCTX-M
rmtG,rmtG,rmtG
blaPEN-L,blaPEN-L,blaPEN-L
blaCARB-23,blaCARB-23,blaCARB
blaCARB-35,blaCARB-35,blaCARB
blaCARB-36,blaCARB-36,blaCARB
blaCARB-33,blaCARB-33,blaCARB
blaCARB-31,blaCARB-31,blaCARB
blaCARB-38,blaCARB-38,blaCARB
blaCARB-48,blaCARB-48,blaCARB
blaCARB-27,blaCARB-27,blaCARB
blaCARB-21,blaCARB-21,blaCARB
aadA15,aadA15,aadA15
blaLEN-26,blaLEN-26,blaLEN
blaFOX-10,blaFOX-10,blaFOX
blaCARB-41,blaCARB-41,blaCARB
blaCARB-43,blaCARB-43,blaCARB
erm(D),erm(D),erm(D)
blaCARB-40,blaCARB-40,blaCARB
qnrA7,qnrA7,qnrA
blaOXA-964,blaOXA-964,blaOXA
aadA10,aadA10,aadA10
blaALI-1,blaALI-1,blaALI
aacA-STR-10,aac(6'),aac(6')
mexX,mexX,mexX
blaOXA-114i,blaOXA-114i,blaOXA
blaOXA-816,blaOXA-816,blaOXA
aac(6')_E141,aac(6')-E141,aac(6')-E141
blaIND-15,blaIND-15,blaIND
blaCIA-4,blaCIA-4,blaCIA
tmexD2,tmexD2,tmexD
blaPEN-bcc,blaPEN-bcc,blaPEN-bcc
aacA38,aacA38,aacA38
blaRCP,blaRCP,blaRCP
vanS-D,vanS-D,vanS-D
vanH-D,vanH-D,vanH-D
vanD,vanD,vanD
vanX-D,vanX-D,vanX-D
blaPEN-H,blaPEN-H,blaPEN-H
blaOXA-950,blaOXA-950,blaOXA
blaOCH,blaOCH,blaOCH
aacA-STR-10,aac(6'),aac(6')
dfrA25,dfrA25,dfrA25
blaOXA-94,blaOXA-94,blaOXA
blaADC-80,blaADC-80,blaADC
vanC1,vanC1,vanC1
blaPDC-109,blaPDC-109,blaPDC
blaCARB-7,blaCARB-7,blaPSE
blaB-21,blaB-21,blaB
blaB-1,blaB-1,blaB
blaCARB-26,blaCARB-26,blaCARB
blaCARB-34,blaCARB-34,blaCARB
blaCARB-29,blaCARB-29,blaCARB
blaCARB-32,blaCARB-32,blaCARB
blaCARB-28,blaCARB-28,blaCARB
oqxB6,oqxB6,oqxB
blaOCH-7,blaOCH-7,blaOCH
aph(3')-VIIIa,aph(3')-VIIIa,aph(3')-VIIIa
vph,vph,vph
aacA-STR-7,aac(6'),aac(6')
aacA-STR-13,aac(6'),aac(6')
oleI,oleI,oleI
blaL,blaL,blaL
blaL,blaL,blaL
aacA-STR-7,aac(6'),aac(6')
aph(3')-Va,aph(3')-Va,aph(3')-Va
aac(3)-VIII,aac(3)-VIII,aac(3)-VIII
aadA31,aadA31,aadA31
tet(31),tet(31),tet(31)
blaGOB-39,blaGOB-39,blaGOB
catB,catB,catB
aadA12,aadA12,aadA12
blaADC-315,blaADC-315,blaADC
dfrA44,dfrA44,dfrA44
blaCARB-24,blaCARB-24,blaCARB
emhC,emhC,emhC
blaPDC-71,blaPDC-71,blaPDC
cmlA_floR,cml,cml
blaPDC-361,blaPDC-361,blaPDC
blaPDC-117,blaPDC-117,blaPDC
blaPDC-103,blaPDC-103,blaPDC
blaOXA-913,blaOXA-913,blaOXA
blaPDC-115,blaPDC-115,blaPDC
blaOXA-908,blaOXA-908,blaOXA
blaOXA-901,blaOXA-901,blaOXA
dfrK,dfrK,dfrK
vga(E),vga(E),vga(E)
blaCARB-47,blaCARB-47,blaCARB
blaCARB-46,blaCARB-46,blaCARB
erm(54),erm(54),erm(54)
str,str,str
blaCTX-M-123,blaCTX-M-123,blaCTX-M
tet(A),tet(A),tet(A)
blaLAP-1,blaLAP-1,blaLAP
tet(B),tet(B),tet(B)
aadA1,aadA1,aadA1
blaIMP-31,blaIMP-31,blaIMP
blaOXA-1321,blaOXA-1321,blaOXA
blaADC-233,blaADC-233,blaADC
blaOXA-95,blaOXA-95,blaOXA
blaADC-222,blaADC-222,blaADC
blaADC-171,blaADC-171,blaADC
blaOXA-106,blaOXA-106,blaOXA
blaADC-50,blaADC-50,blaADC
blaADC-56,blaADC-56,blaADC
blaADC-212,blaADC-212,blaADC
blaADC-246,blaADC-246,blaADC
blaOXA-314,blaOXA-314,blaOXA
blaOXA-217,blaOXA-217,blaOXA
blaADC-162,blaADC-162,blaADC
blaADC-239,blaADC-239,blaADC
blaADC-254,blaADC-254,blaADC
blaOXA-716,blaOXA-716,blaOXA
blaOXA-70,blaOXA-70,blaOXA
blaADC-203,blaADC-203,blaADC
blaOXA-502,blaOXA-502,blaOXA
blaADC-245,blaADC-245,blaADC
blaOXA-506,blaOXA-506,blaOXA
blaADC-244,blaADC-244,blaADC
blaOXA-717,blaOXA-717,blaOXA
blaOXA-337,blaOXA-337,blaOXA
blaADC-269,blaADC-269,blaADC
blaADC-172,blaADC-172,blaADC
blaADC-310,blaADC-310,blaADC
blaOXA-132,blaOXA-132,blaOXA
blaOXA-1222,blaOXA-1222,blaOXA
blaADC-343,blaADC-343,blaADC
blaOXA-441,blaOXA-441,blaOXA
blaADC-160,blaADC-160,blaADC
blaADC-139,blaADC-139,blaADC
blaOXA-374,blaOXA-374,blaOXA
blaOXA-819,blaOXA-819,blaOXA
blaADC-43,blaADC-43,blaADC
blaOXA-820,blaOXA-820,blaOXA
blaOXA-378,blaOXA-378,blaOXA
blaADC-247,blaADC-247,blaADC
blaOXA-855,blaOXA-855,blaOXA
blaADC-141,blaADC-141,blaADC
blaADC-164,blaADC-164,blaADC
blaADC-173,blaADC-173,blaADC
blaFOX-7,blaFOX-7,blaFOX
blaTEM-210,blaTEM-210,blaTEM
blaCTX-M-5,blaCTX-M-5,blaCTX-M
dfrA32,dfrA32,dfrA32
ere(A),ere(A),ere(A)
blaDHA-4,blaDHA-4,blaDHA
blaTEM-105,blaTEM-105,blaTEM
blaCTX-M-27,blaCTX-M-27,blaCTX-M
blaOXA-663,blaOXA-663,blaOXA
blaOKP-A-2,blaOKP-A-2,blaOKP-A
blaOKP-B-1,blaOKP-B-1,blaOKP-B
ant(4')-Ia,aadD1,aadD1
erm(X),erm(X),erm(X)
ere(B),ere(B),ere(B)
tet(L),tet(L),tet(L)
blaSHV-2A,blaSHV-2A,blaSHV
blaTEM-3,blaTEM-3,blaTEM
catA7,catA,catA
catA7,catA,catA
fosB,fosB,fosB
blaLCR-1,blaLCR-1,blaLCR
blaOXA-5,blaOXA-5,blaOXA
erm(F),erm(F),erm(F)
cmlA1,cmlA1,cmlA1
catA14,catA,catA
tet(G),tet(G),tet(G)
aac(6')-Ib3,aac(6')-Ib3,aac(6')-Ib
nimA,nimA,nimA
dfrA14,dfrA14,dfrA14
blaCMY-1,blaCMY-1,blaMOX
cat-TC,cat-TC,cat-TC
blaSHV-9,blaSHV-9,blaSHV
erm(C),erm(C),erm(C)
erm(C),erm(C),erm(C)
erm(C),erm(C),erm(C)
erm(C),erm(C),erm(C)
blaCTX-M-4,blaCTX-M-4,blaCTX-M
blaLAT-3,blaLAT-3,blaLAT
blaFOX-2,blaFOX-2,blaFOX
blaTEM-60,blaTEM-60,blaTEM
blaCARB-4,blaCARB-4,blaPSE
blaCTX-M-6,blaCTX-M-6,blaCTX-M
blaCTX-M-7,blaCTX-M-7,blaCTX-M
aac(6')-Iq,aac(6')-Iq,aac(6')-Iq
catB3,catB3,catB3
aadA1,aadA1,aadA1
vgb(B),vgb(B),vgb(B)
vat(C),vat(C),vat(C)
blaMIR-1,blaMIR-1,blaMIR
tet(G),tet(G),tet(G)
blaSFO-1,blaSFO-1,blaFONA
blaCTX-M-8,blaCTX-M-8,blaCTX-M
blaTEM-72,blaTEM-72,blaTEM
vat(A),vat(A),vat(A)
vgb(A),vgb(A),vgb(A)
vga(A),vga(A),vga(A)
vat(E),vat(E),vat(E)
erm(B),erm(B),erm(B)
blaFOX-4,blaFOX-4,blaFOX
blaTEM-68,blaTEM-68,blaTEM
vanR-B,vanR-B,vanR-B
vanW-B,vanW-B,vanW-B
vanH-B,vanH-B,vanH-B
vanB,vanB,vanB
vanX-B,vanX-B,vanX-B
blaOXA-28,blaOXA-28,blaOXA
blaMOX-1,blaMOX-1,blaMOX
blaTEM-87,blaTEM-87,blaTEM
aac(6')-Ia,aac(6')-Ia,aac(6')-Ia
cmlA5,cmlA5,cmlA5
blaCTX-M-9,blaCTX-M-9,blaCTX-M
blaCTX-M-13,blaCTX-M-13,blaCTX-M
blaTEM-88,blaTEM-88,blaTEM
blaTEM-90,blaTEM-90,blaTEM
blaOXA-31,blaOXA-31,blaOXA
blaTEM-85,blaTEM-85,blaTEM
blaTEM-86,blaTEM-86,blaTEM
blaTEM-29,blaTEM-29,blaTEM
tet(B),tet(B),tet(B)
blaTEM-71,blaTEM-71,blaTEM
vga(B),vga(B),vga(B)
dfrA16,dfrA16,dfrA16
tet(E),tet(E),tet(E)
blaIMP-10,blaIMP-10,blaIMP
blaCMY-9,blaCMY-9,blaMOX
aph(3'')-Ib,aph(3'')-Ib,aph(3'')-Ib
dfrA19,dfrA19,dfrA19
blaSHV-43,blaSHV-43,blaSHV
blaTEM-93,blaTEM-93,blaTEM
blaTEM-94,blaTEM-94,blaTEM
catA9,catA,catA
aadA2,aadA2,aadA2
aac(6')-Ib11,aac(6')-Ib11,aac(6')-Ib11
aadA1,aadA1,aadA1
aadA1,aadA1,aadA1
aadA5,aadA5,aadA5
blaOXA-119,blaOXA-119,blaOXA
ant(2'')-Ia,ant(2'')-Ia,ant(2'')-Ia
blaOXA-392,blaOXA-392,blaOXA
aadA1,aadA1,aadA1
blaTEM-67,blaTEM-67,blaTEM
ere(A),ere(A),ere(A)
ere(A2),ere(A2),ere(A)
tet(O),tet(O),tet(O)
blaSHV-57,blaSHV-57,blaSHV
blaCTX-M-33,blaCTX-M-33,blaCTX-M
blaGES-7,blaGES-7,blaGES
blaCFE-1,blaCFE-1,blaCFE
aac(6')-Ie,aac(6')-Ie/aph(2'')-Ia,aac(6')-Ie/aph(2'')-Ia
aph(2'')-Ia,aac(6')-Ie/aph(2'')-Ia,aac(6')-Ie/aph(2'')-Ia
blaCTX-M-30,blaCTX-M-30,blaCTX-M
blaOXA-45,blaOXA-45,blaOXA
blaCMY-7,blaCMY-7,blaCMY
sul2,sul2,sul2
tet(H),tet(H),tet(H)
sul1,sul1,sul1
catA2,catA2,catA2
blaTEM-132,blaTEM-132,blaTEM
blaDHA-3,blaDHA-3,blaDHA
blaTEM-127,blaTEM-127,blaTEM
blaTEM-128,blaTEM-128,blaTEM
blaGES-6,blaGES-6,blaGES
sul1,sul1,sul1
lnu(A),lnu(A),lnu(A)
blaCTX-M-10,blaCTX-M-10,blaCTX-M
blaSHV-30,blaSHV-30,blaSHV
dfrA20,dfrA20,dfrA20
sul1,sul1,sul1
blaIMI-2,blaIMI-2,blaIMI
blaCTX-M-72,blaCTX-M-72,blaCTX-M
blaTEM-138,blaTEM-138,blaTEM
blaOXA-4,blaOXA-4,blaOXA
dfrA3b,dfrA3b,dfrA3b
dfrA16,dfrA16,dfrA16
aac(3)-Ia,aac(3)-Ia,aac(3)-Ia
aph(2'')-Ie,aph(2'')-Ie,aph(2'')-Ie
blaTEM-141,blaTEM-141,blaTEM
blaCTX-M-22,blaCTX-M-22,blaCTX-M
blaVIM-5,blaVIM-5,blaVIM
blaSHV-70,blaSHV-70,blaSHV
blaTEM-139,blaTEM-139,blaTEM
cfr,cfr,cfr
aadA8,aadA8,aadA8
sul1,sul1,sul1
fexA,fexA,fexA
blaSHV-89,blaSHV-89,blaSHV
blaZ,blaZ,blaZ
blaOXA-87,blaOXA-87,blaOXA
blaCTX-M-12,blaCTX-M-12,blaCTX-M
ant(6)-Ia,ant(6)-Ia,ant(6)-Ia
aph(3')-IIIa,aph(3')-IIIa,aph(3')-IIIa
blaSHV-92,blaSHV-92,blaSHV
blaOXA-17,blaOXA-17,blaOXA
aadA22,aadA22,aadA22
blaIMP-19,blaIMP-19,blaIMP
blaKLUC-2,blaKLUC-2,blaKLUC
fexA,fexA,fexA
blaPER-2,blaPER-2,blaPER
blaCMY-24,blaCMY-24,blaCMY
blaCTX-M-66,blaCTX-M-66,blaCTX-M
blaACC-1,blaACC-1,blaACC
aadA1,aadA1,aadA1
aadA2,aadA2,aadA2
sul1,sul1,sul1
aac(6')-32,aac(6')-32,aac(6')
blaVIM-4,blaVIM-4,blaVIM
sul1,sul1,sul1
blaCTX-M-64,blaCTX-M-64,blaCTX-M
blaCTX-M-67,blaCTX-M-67,blaCTX-M
npmA,npmA,npmA
blaIMP-6,blaIMP-6,blaIMP
blaMIR-4,blaMIR-4,blaMIR
cmlA8,cmlA8,cmlA
blaTEM-15,blaTEM-15,blaTEM
blaTEM-164,blaTEM-164,blaTEM
blaSHV-104,blaSHV-104,blaSHV
blaOXA-129,blaOXA-129,blaOXA
aph(3')-Ia,aph(3')-Ia,aph(3')-Ia
blaCTX-M-87,blaCTX-M-87,blaCTX-M
catB3,catB3,catB3
aac(3)-Ia,aac(3)-Ia,aac(3)-Ia
aadA16,aadA16,aadA16
qepA2,qepA2,qepA
blaACT-6,blaACT-6,blaACT
cmlB,cmlB,cmlB
blaTEM-57,blaTEM-57,blaTEM
mef(B),mef(B),mef(B)
qnrC,qnrC,qnrC
erm(C),erm(C),erm(C)
blaKHM-1,blaKHM-1,blaKHM
blaCMY-10,blaCMY-10,blaMOX
dfrA12,dfrA12,dfrA12
blaCMY-11,blaCMY-11,blaMOX
qnrB10,qnrB10,qnrB
blaVIM-19,blaVIM-19,blaVIM
aadA1,aadA1,aadA1
blaCTX-M-71,blaCTX-M-71,blaCTX-M
vga(A),vga(A),vga(A)
aph(3')-XV,aph(3')-XV,aph(3')-XV
aadA1,aadA1,aadA1
fosC2,fosC2,fosC2
blaIMP-34,blaIMP-34,blaIMP
blaNDM-8,blaNDM-8,blaNDM
blaNDM-3,blaNDM-3,blaNDM
catB3,catB3,catB3
blaCTX-M-62,blaCTX-M-62,blaCTX-M
apmA,apmA,apmA
blaCTX-M-100,blaCTX-M-100,blaCTX-M
blaTEM-110,blaTEM-110,blaTEM
blaCMY-107,blaCMY-107,blaCMY
blaTLA-1,blaTLA-1,blaTLA
blaSHV-129,blaSHV-129,blaSHV
blaKPC-11,blaKPC-11,blaKPC
blaTEM-187,blaTEM-187,blaTEM
blaVEB-9,blaVEB-9,blaVEB
qnrB27,qnrB27,qnrB
qnrB28,qnrB28,qnrB
blaFOX-8,blaFOX-8,blaFOX
blaCTX-M-93,blaCTX-M-93,blaCTX-M
qnrB25,qnrB25,qnrB
blaCMY-58,blaCMY-58,blaCMY
aacA43,aacA43,aacA43
blaCMY-53,blaCMY-53,blaCMY
qnrS5,qnrS5,qnrS
blaVIM-27,blaVIM-27,blaVIM
blaCTX-M-116,blaCTX-M-116,blaCTX-M
blaCTX-M-117,blaCTX-M-117,blaCTX-M
blaCTX-M-121,blaCTX-M-121,blaCTX-M
aadA11,aadA11,aadA11
blaNDM-6,blaNDM-6,blaNDM
blaPER-7,blaPER-7,blaPER
oqxB2,oqxB2,oqxB
blaOXA-204,blaOXA-204,blaOXA
blaKLUC-3,blaKLUC-3,blaKLUC
blaKLUC-4,blaKLUC-4,blaKLUC
blaOXA-244,blaOXA-244,blaOXA
blaOXA-245,blaOXA-245,blaOXA
lnu(B),lnu(B),lnu(B)
blaOXA-247,blaOXA-247,blaOXA
qnrVC6,qnrVC6,qnrVC
blaNDM-7,blaNDM-7,blaNDM
blaNDM-9,blaNDM-9,blaNDM
qnrD2,qnrD2,qnrD
vga(E),vga(E),vga(E)
blaOXA-253,blaOXA-253,blaOXA
blaCTX-M-144,blaCTX-M-144,blaCTX-M
blaCTX-M-148,blaCTX-M-148,blaCTX-M
blaOXA-370,blaOXA-370,blaOXA
blaCTX-M-98,blaCTX-M-98,blaCTX-M
ant(4')-Ia,aadD1,aadD1
cepA-44,cepA-44,cepA
blaACT-45,blaACT-45,blaACT
blaACT-66,blaACT-66,blaACT
blaACT-141,blaACT-141,blaACT
rmtB4,rmtB4,rmtB
blaACT-142,blaACT-142,blaACT
blaACT-53,blaACT-53,blaACT
blaACT-74,blaACT-74,blaACT
dfrA22,dfrA22,dfrA22
blaMIR-9,blaMIR-9,blaMIR
blaPLA-4,blaPLA-4,blaPLA
blaPLA-3,blaPLA-3,blaPLA
blaPLA-1,blaPLA-1,blaPLA
blaOXY-2-1,blaOXY-2-1,blaOXY
blaLEN-9,blaLEN-9,blaLEN
blaOXY-1-8,blaOXY-1-8,blaOXY
blaOXA-85,blaOXA-85,blaOXA
blaOXA-287,blaOXA-287,blaOXA
aacA-ACI5,aac(6')-I,aac(6')-I
aacA-ACI5,aac(6')-I,aac(6')-I
blaOXA-293,blaOXA-293,blaOXA
blaOXA-307,blaOXA-307,blaOXA
aacA-ACI5,aac(6')-I,aac(6')-I
blaCMY-152,blaCMY-152,blaCMY
blaCMY-72,blaCMY-72,blaCMY
qnrB18,qnrB18,qnrB
blaCMY-86,blaCMY-86,blaCMY
qnrB30,qnrB30,qnrB
cfxA5,cfxA5,cfxA5
blaCMY-109,blaCMY-109,blaCMY
blaL1,blaL1,blaL1
blaCMA-1,blaCMA-1,blaCMA
aac(3)-IIb,aac(3)-IIb,aac(3)-IIb
blaFOX-3,blaFOX-3,blaFOX
fomB,fomB,fomB
aac(6')_Strep,aac(6'),aac(6')
blaACT-56,blaACT-56,blaACT
tet(W),tet(W),tet(W)
blaADC-143,blaADC-143,blaADC
blaADC-61,blaADC-61,blaADC
catC,catC,catC
blaTEM-19,blaTEM-19,blaTEM
aac(6')_Serra,aac(6'),aac(6')
aac(6')_Serra,aac(6'),aac(6')
aac(6')_Serra,aac(6'),aac(6')
blaSRT-3,blaSRT-3,blaSRT
aac(6')_Serra,aac(6'),aac(6')
aac(6')-Ic,aac(6')-Ic,aac(6')
aac(6')_Serra,aac(6'),aac(6')
aac(6')_Serra,aac(6'),aac(6')
blaOXA-254,blaOXA-254,blaOXA
blaADC-159,blaADC-159,blaADC
blaOXA-1034,blaOXA-1034,blaOXA
blaOXA-1033,blaOXA-1033,blaOXA
blaPDC-65,blaPDC-65,blaPDC
blaPDC-55,blaPDC-55,blaPDC
blaOXA-1288,blaOXA-1288,blaOXA
blaOXA-485,blaOXA-485,blaOXA
blaOXA-1125,blaOXA-1125,blaOXA
blaPDC-68,blaPDC-68,blaPDC
arr-4,arr-4,arr
blaPDC-70,blaPDC-70,blaPDC
blaOXA-1133,blaOXA-1133,blaOXA
blaPDC-63,blaPDC-63,blaPDC
blaPDC-57,blaPDC-57,blaPDC
blaPDC-66,blaPDC-66,blaPDC
blaOXA-1135,blaOXA-1135,blaOXA
blaPDC-14,blaPDC-14,blaPDC
blaOXA-1270,blaOXA-1270,blaOXA
blaPDC-47,blaPDC-47,blaPDC
blaPDC-51,blaPDC-51,blaPDC
blaOXA-846,blaOXA-846,blaOXA
blaPDC-11,blaPDC-11,blaPDC
blaPDC-62,blaPDC-62,blaPDC
blaPDC-43,blaPDC-43,blaPDC
aac(3)-C1264,aac(3)-C1264,aac(3)-C1264
blaOXA-1245,blaOXA-1245,blaOXA
blaPDC-54,blaPDC-54,blaPDC
blaOXA-906,blaOXA-906,blaOXA
blaPDC-59,blaPDC-59,blaPDC
aac(3)-Ic,aac(3)-Ic,aac(3)-Ic
blaOXA-850,blaOXA-850,blaOXA
blaOXA-1289,blaOXA-1289,blaOXA
blaPDC-67,blaPDC-67,blaPDC
blaOXA-1199,blaOXA-1199,blaOXA
blaOXA-1276,blaOXA-1276,blaOXA
aph(3')-H48,aph(3')-H48,aph(3')-H48
blaOXA-1025,blaOXA-1025,blaOXA
blaOXA-1022,blaOXA-1022,blaOXA
blaPDC-56,blaPDC-56,blaPDC
blaPDC-52,blaPDC-52,blaPDC
blaPDC-44,blaPDC-44,blaPDC
blaOXA-415,blaOXA-415,blaOXA
blaOXA-1023,blaOXA-1023,blaOXA
blaPDC-240,blaPDC-240,blaPDC
blaPDC-61,blaPDC-61,blaPDC
tmexC3,tmexC3,tmexC
blaPDC-45,blaPDC-45,blaPDC
blaPDC-49,blaPDC-49,blaPDC
blaOXA-1281,blaOXA-1281,blaOXA
blaPDC-50,blaPDC-50,blaPDC
blaPDC-48,blaPDC-48,blaPDC
blaPAC-1,blaPAC-1,blaPAC
blaPDC-53,blaPDC-53,blaPDC
blaPDC-72,blaPDC-72,blaPDC
tmexD3,tmexD3,tmexD
blaPDC-69,blaPDC-69,blaPDC
aph(3')-XV,aph(3')-XV,aph(3')-XV
blaPDC-23,blaPDC-23,blaPDC
dfrA47,dfrA47,dfrA47
blaOXA-1253,blaOXA-1253,blaOXA
blaPDC-28,blaPDC-28,blaPDC
blaVIM-11,blaVIM-11,blaVIM
blaOXA-1294,blaOXA-1294,blaOXA
blaPDC-41,blaPDC-41,blaPDC
blaOXA-937,blaOXA-937,blaOXA
catB10,catB10,catB10
mcr-1.26,mcr-1.26,mcr-1
fosA4,fosA4,fosA
blaOXA-668,blaOXA-668,blaOXA
blaOXA-818,blaOXA-818,blaOXA
blaOXA-812,blaOXA-812,blaOXA
aacA-ENT4,aac(6')-I,aac(6')-I
aacA-ENT2,aac(6')-I,aac(6')-I
dfrA40,dfrA40,dfrA40
blaCIA-1,blaCIA-1,blaCIA
blaIND-2,blaIND-2,blaIND
blaGOB-40,blaGOB-40,blaGOB
aac(6')_Entco,aac(6')-I,aac(6')-I
blaGOB-7,blaGOB-7,blaGOB
vanS-C,vanS-C,vanS-C
vanR-C,vanR-C,vanR-C
ant(4')-Ib,aadD2,aadD2
catA10,catA,catA
blaCTX-M-115,blaCTX-M-115,blaCTX-M
blaEC-5,blaEC-5,blaEC
blaEC-8,blaEC-8,blaEC
sulR,sulR,sulR
erm(40),erm(40),erm(40)
blaOXA-1039,blaOXA-1039,blaOXA
blaOXA-252,blaOXA-252,blaOXA
blaEBR-2,blaEBR-2,blaEBR
blaADC-279,blaADC-279,blaADC
blaOXA-424,blaOXA-424,blaOXA
blaOXA-426,blaOXA-426,blaOXA
blaOXA-425,blaOXA-425,blaOXA
blaOXA-234,blaOXA-234,blaOXA
aph(3')-Ib,aph(3')-Ib,aph(3')-Ib
aac(3)-Id,aac(3)-Id,aac(3)-Id
blaADC-5,blaADC-5,blaADC
fosA,fosA,fosA
oqxB21,oqxB21,oqxB
erm(39),erm(39),erm(39)
qnrB12,qnrB12,qnrB
dfrA49,dfrA49,dfrA49
aac(6')-III,aac(6')-III,aac(6')-III
aac(6')-III,aac(6')-III,aac(6')-III
blaOXA-461,blaOXA-461,blaOXA
aph(9)-Ia,aph(9)-Ia,aph(9)-Ia
blaOXA-453,blaOXA-453,blaOXA
aac(6')_Serra,aac(6'),aac(6')
blaTEM-176,blaTEM-176,blaTEM
blaCMH-14,blaCMH-14,blaCMH
blaCMY-42,blaCMY-42,blaCMY
mcr-3.1,mcr-3.1,mcr-3
qnrA2,qnrA2,qnrA
mcr-3.38,mcr-3.38,mcr-3
blaADC-215,blaADC-215,blaADC
blaOXA-172,blaOXA-172,blaOXA
blaLEN-17,blaLEN-17,blaLEN
aac(6')-29,aac(6')-29,aac(6')-29
catA9,catA,catA
blaACC-1a,blaACC-1a,blaACC
blaOXA-407,blaOXA-407,blaOXA
blaADC-216,blaADC-216,blaADC
blaADC-219,blaADC-219,blaADC
blaPEN-A31,blaPEN-A31,blaPEN-A
blaADC-148,blaADC-148,blaADC
blaADC-146,blaADC-146,blaADC
blaACT-93,blaACT-93,blaACT
blaADC-145,blaADC-145,blaADC
blaACT-37,blaACT-37,blaACT
aac(6')_Serra,aac(6'),aac(6')
aac(6')_Strep,aac(6'),aac(6')
blaIMP-14,blaIMP-14,blaIMP
blaOXA-646,blaOXA-646,blaOXA
vanC1,vanC1,vanC1
blaCMH-15,blaCMH-15,blaCMH
blaOXA-912,blaOXA-912,blaOXA
blaACT-42,blaACT-42,blaACT
aadA1,aadA1,aadA1
blaOCH-1,blaOCH-1,blaOCH
blaPDC-74,blaPDC-74,blaPDC
blaTEM-206,blaTEM-206,blaTEM
dfrA50,dfrA50,dfrA50
oqxB27,oqxB27,oqxB
catA13,catA13,catA13
aac(6')_Serra,aac(6'),aac(6')
erm(44)v,erm(44)v,erm(44)v
erm(B),erm(B),erm(B)
tet(M),tet(M),tet(M)
vanI,vanI,vanI
blaFIA-1,blaFIA-1,blaFIA
blaSGM-2,blaSGM-2,blaSGM
blaANA-1,blaANA-1,blaANA
aacA47,aacA47,aac(6')
bla-C,ampC,ampC
blaBPU-1,blaBPU-1,blaBPU
blaLUS-1,blaLUS-1,blaLUS
blaPLN-1,blaPLN-1,blaPLN
blaCTX-M-104,blaCTX-M-104,blaCTX-M
blaOXA-1163,blaOXA-1163,blaOXA
blaTRU-1,blaTRU-1,blaTRU
blaFOX-21,blaFOX-21,blaFOX
blaTEM-12,blaTEM-12,blaTEM
blaOXA-1001,blaOXA-1001,blaOXA
qnrB69,qnrB69,qnrB
mcr-3_set,mcr-3,mcr-3
mcr-3.6,mcr-3.6,mcr-3
blaMOX-9,blaMOX-9,blaMOX
blaCARB-44,blaCARB-44,blaCARB
blaCARB-25,blaCARB-25,blaCARB
aac(6')_Serra,aac(6'),aac(6')
tet(59),tet(59),tet(59)
ant(2'')-Ia,ant(2'')-Ia,ant(2'')-Ia
blaIMP-13,blaIMP-13,blaIMP
cmlA10,cmlA10,cmlA
blaAQU-1,blaAQU-1,blaAQU
vanB,vanB,vanB
blaOXA-450,blaOXA-450,blaOXA
tet(M),tet(M),tet(M)
blaPDC-46,blaPDC-46,blaPDC
blaPDC-60,blaPDC-60,blaPDC
blaOXA-1275,blaOXA-1275,blaOXA
blaPDC-64,blaPDC-64,blaPDC
blaMOX-12,blaMOX-12,blaMOX
blaPAM-1,blaPAM-1,blaPAM
erm(32),erm(32),erm(32)
blaCRH-1,blaCRH-1,blaCRH
blaCRP-1,blaCRP-1,blaCRP
catA13,catA13,catA13
blaLEN-32,blaLEN-32,blaLEN
blaOXA-232,blaOXA-232,blaOXA
aac(6')_Strep,aac(6'),aac(6')
blaPST-1,blaPST-1,blaPST
aac(6')_Serra,aac(6'),aac(6')
arr-7,arr-7,arr
aac(3)-C322,aac(3)-C322,aac(3)-C322
aadA6,aadA6,aadA6
blaVEB-21,blaVEB-21,blaVEB
blaPOM-1,blaPOM-1,blaPOM
aac(6')-31,aac(6')-31,aac(6')-31
blaOKP-A-3,blaOKP-A-3,blaOKP-A
blaMIR-20,blaMIR-20,blaMIR
blaOXA-594,blaOXA-594,blaOXA
blaLEN-8,blaLEN-8,blaLEN
tet(O),tet(O),tet(O)
blaCMY-48,blaCMY-48,blaCMY
blaCTX-M-39,blaCTX-M-39,blaCTX-M
blaADC-147,blaADC-147,blaADC
qnrA10,qnrA10,qnrA
blaOXA-638,blaOXA-638,blaOXA
blaGOB-49,blaGOB-49,blaGOB
blaOXA-443,blaOXA-443,blaOXA
blaOXA-444,blaOXA-444,blaOXA
blaACT-49,blaACT-49,blaACT
blaACT-51,blaACT-51,blaACT
blaACT-143,blaACT-143,blaACT
blaACT-50,blaACT-50,blaACT
blaCMH-3,blaCMH-3,blaCMH
blaACT-47,blaACT-47,blaACT
blaACT-40,blaACT-40,blaACT
blaACT-48,blaACT-48,blaACT
blaACT-41,blaACT-41,blaACT
aac(6')-IIc,aac(6')-IIc,aac(6')-IIc
blaACT-46,blaACT-46,blaACT
blaACT-44,blaACT-44,blaACT
blaACT-75,blaACT-75,blaACT
blaACT-25,blaACT-25,blaACT
blaMIR-19,blaMIR-19,blaMIR
blaMIR-21,blaMIR-21,blaMIR
qnrE7,qnrE7,qnrE
blaMIR-7,blaMIR-7,blaMIR
blaMIR-3,blaMIR-3,blaMIR
dfrA42,dfrA42,dfrA42
blaACT-23,blaACT-23,blaACT
cxpE,cxpE,cxpE
aacA56,aacA56,aac(6')
blaACT-72,blaACT-72,blaACT
dfrA29,dfrA29,dfrA29
blaCMH-16,blaCMH-16,blaCMH
blaGES-2,blaGES-2,blaGES
aac(3)-XI,aac(3)-XI,aac(3)-XI
cplR,cplR,cplR
blaCMY-70,blaCMY-70,blaCMY
erm(55),erm(55),erm(55)
blaL1,blaL1,blaL1
aac(6')_Strep,aac(6'),aac(6')
blaLEN-7,blaLEN-7,blaLEN
aadA1,aadA1,aadA1
blaOXA-107,blaOXA-107,blaOXA
rmtH,rmtH,rmtH
blaCMY-189,blaCMY-189,blaCMY
aac(6')_Serra,aac(6'),aac(6')
blaADC-181,blaADC-181,blaADC
blaOXA-1144,blaOXA-1144,blaOXA
blaFONA-1,blaFONA-1,blaFONA
blaOXA-1045,blaOXA-1045,blaOXA
blaADC-259,blaADC-259,blaADC
blaCMH-5,blaCMH-5,blaCMH
aac(6')_Serra,aac(6'),aac(6')
aacA-STR-15,aac(6'),aac(6')
aac(6')_Strep,aac(6'),aac(6')
blaOXA-464,blaOXA-464,blaOXA
aac(6')_Serra,aac(6'),aac(6')
blaTEM-26,blaTEM-26,blaTEM
blaGOB-42,blaGOB-42,blaGOB
blaACT-55,blaACT-55,blaACT
blaACT-144,blaACT-144,blaACT
aacA-STR-13,aac(6'),aac(6')
qnrE4,qnrE4,qnrE
vat(B),vat(B),vat(B)
blaACT-19,blaACT-19,blaACT
blaACT-70,blaACT-70,blaACT
aacA-ACI5,aac(6')-I,aac(6')-I
aacA-STR-13,aac(6'),aac(6')
blaOXA-927,blaOXA-927,blaOXA
blaADC-242,blaADC-242,blaADC
blaSRT,blaSRT,blaSRT
aac(6')_Serra,aac(6'),aac(6')
blaPLA-2a,blaPLA-2a,blaPLA
blaKPC-6,blaKPC-6,blaKPC
oqxA6,oqxA6,oqxA
blaCARB-45,blaCARB-45,blaCARB
blaACT-65,blaACT-65,blaACT
aac(6')_Serra,aac(6'),aac(6')
qnrB3,qnrB3,qnrB
aadA2,aadA2,aadA2
blaACT-69,blaACT-69,blaACT
blaCMY-183,blaCMY-183,blaCMY
qnrB17,qnrB17,qnrB
aac(6')-If,aac(6')-If,aac(6')-If
aac(6')_Serra,aac(6'),aac(6')
blaTEM-148,blaTEM-148,blaTEM
qnrB85,qnrB85,qnrB
blaCMY-41,blaCMY-41,blaCMY
rmtB3,rmtB3,rmtB
blaSRT-2,blaSRT-2,blaSRT
blaOKP-B-45,blaOKP-B-45,blaOKP-B
aac(6')_Serra,aac(6'),aac(6')
thfT,thfT,thfT
blaLEN-22,blaLEN-22,blaLEN
blaOKP-A-8,blaOKP-A-8,blaOKP-A
mecA1,mecA1,mecA1
aac(6')_Entco,aac(6')-I,aac(6')-I
aadA11,aadA11,aadA11
catB8,catB8,catB8
blaOXA-153,blaOXA-153,blaOXA
tetB(46),tetB(46),tetB(46)
blaPEN-A8,blaPEN-A8,blaPEN-A
blaOXA-151,blaOXA-151,blaOXA
smfY,smfY,smfY
blaOXA-360,blaOXA-360,blaOXA
blaACT-145,blaACT-145,blaACT
blaOKP-B-41,blaOKP-B-41,blaOKP-B
aac(6')-set_A,aac(6'),aac(6')
blaGOB-5,blaGOB-5,blaGOB
blaOXA-953,blaOXA-953,blaOXA
blaOXA-114e,blaOXA-114e,blaOXA
blaOXA-111,blaOXA-111,blaOXA
blaOXY-5-3,blaOXY-5-3,blaOXY
blaOXY-1-10,blaOXY-1-10,blaOXY
blaOXY-1-11,blaOXY-1-11,blaOXY
blaOXY-6-6,blaOXY-6-6,blaOXY
blaOXY-1-4,blaOXY-1-4,blaOXY
blaMIR-10,blaMIR-10,blaMIR
blaOXY-2-21,blaOXY-2-21,blaOXY
blaACT-89,blaACT-89,blaACT
blaACT-146,blaACT-146,blaACT
pbp2m,pbp2m,pbp2m
blaLEN-11,blaLEN-11,blaLEN
aac(6')_Serra,aac(6'),aac(6')
aac(6')_Serra,aac(6'),aac(6')
aac(6')_Serra,aac(6'),aac(6')
aac(6')_Serra,aac(6'),aac(6')
aac(6')_Serra,aac(6'),aac(6')
blaPDC-124,blaPDC-124,blaPDC
aac(6')_Serra,aac(6'),aac(6')
blaDHA-9,blaDHA-9,blaDHA
aac(6')_Serra,aac(6'),aac(6')
blaPDC-172,blaPDC-172,blaPDC
blaOXA-1014,blaOXA-1014,blaOXA
blaPDC-442,blaPDC-442,blaPDC
blaPDC-123,blaPDC-123,blaPDC
aac(6')-Iz,aac(6')-Iz,aac(6')-Iz
aac(6')_Steno,aac(6'),aac(6')
aac(6')-Iak,aac(6')-Iak,aac(6')-Iak
tetB(60),tetB(60),tetB(60)
dfrA45,dfrA45,dfrA45
blaOXA-144,blaOXA-144,blaOXA
mcr-1.1,mcr-1.1,mcr-1
blaOXA-780,blaOXA-780,blaOXA
blaPER-3,blaPER-3,blaPER
aac(6')_Yersi,aac(6'),aac(6')
aac(6')_Yersi,aac(6'),aac(6')
vanY-D,vanY-D,vanY-D
aadA27,aadA27,aadA27
aac(6')_Yersi,aac(6'),aac(6')
blaTEM-215,blaTEM-215,blaTEM
tet(M),tet(M),tet(M)
erm(N),erm(N),erm(N)
tet(63),tet(63),tet(63)
aac(6')_Yersi,aac(6'),aac(6')
tet(W),tet(W),tet(W)
blaNMC-A,blaNMC-A,blaIMI
tet(O),tet(O),tet(O)
blaCMH-17,blaCMH-17,blaCMH
blaACT-64,blaACT-64,blaACT
cat86,cat86,cat86
lnu(H),lnu(H),lnu(H)
aac(6')-Ian,aac(6')-Ian,aac(6')-Ian
aac(6')_Ia_fam,aac(6'),aac(6')
blaSFC-3,blaSFC-3,blaSFC
aacA8,aacA8,aacA8
blaOXA-1090,blaOXA-1090,blaOXA
aac(6')-30,aac(6')-30,aac(6')-30
blaFIM-1,blaFIM-1,blaFIM
arr-5,arr-5,arr
blaOXA-962,blaOXA-962,blaOXA
erm(42),erm(42),erm(42)
blaOXA-156,blaOXA-156,blaOXA
aacA34,aacA34,aacA34
aph(6)-Ib,aph(6)-Ib,aph(6)-Ib
tcmA,tcmA,tcmA
tet(W),tet(W),tet(W)
blaIND-16,blaIND-16,blaIND
aph(2'')-Ii,aph(2'')-Ii,aph(2'')-Ii
blaOXA-583,blaOXA-583,blaOXA
blaOXA-611,blaOXA-611,blaOXA
blaOXA-581,blaOXA-581,blaOXA
blaOXA-465,blaOXA-465,blaOXA
blaOXA-625,blaOXA-625,blaOXA
blaOXA-609,blaOXA-609,blaOXA
blaOXA-597,blaOXA-597,blaOXA
blaOXA-601,blaOXA-601,blaOXA
blaOXA-451,blaOXA-451,blaOXA
blaOXA-1159,blaOXA-1159,blaOXA
blaOXA-637,blaOXA-637,blaOXA
grdA,grdA,grdA
blaTEM-32,blaTEM-32,blaTEM
catB8,catB8,catB8
fosB4,fosB4,fosB
blaOXY-2-8,blaOXY-2-8,blaOXY
blaIMI-1,blaIMI-1,blaIMI
srm(B),srm(B),srm(B)
erm(O),erm(O),erm(O)
mgt,mgt,mgt
blaCMY-137,blaCMY-137,blaCMY
blaCTX-M-165,blaCTX-M-165,blaCTX-M
aac(6')-Iak,aac(6')-Iak,aac(6')-Iak
blaOXA-114h,blaOXA-114h,blaOXA
aac(6')_Steno,aac(6'),aac(6')
aacA-STR-7,aac(6'),aac(6')
aacA-ENT2,aac(6')-I,aac(6')-I
blaPDC-125,blaPDC-125,blaPDC
blaOXA-1284,blaOXA-1284,blaOXA
blaPDC-151,blaPDC-151,blaPDC
mcr-5.1,mcr-5.1,mcr-5
blaOXA-639,blaOXA-639,blaOXA
blaOXA-603,blaOXA-603,blaOXA
tet(O/W/O),tet(O/W/O),tet(O/W/O)
blaPDC-168,blaPDC-168,blaPDC
blaOXA-455,blaOXA-455,blaOXA
blaOXA-114j,blaOXA-114j,blaOXA
blaOXA-114c,blaOXA-114c,blaOXA
blaOXA-114m,blaOXA-114m,blaOXA
blaOXA-789,blaOXA-789,blaOXA
blaOXA-114a,blaOXA-114a,blaOXA
blaOXA-114l,blaOXA-114l,blaOXA
fosE,fosE,fosE
fosK,fosK,fosK
aac(6')-31,aac(6')-31,aac(6')-31
blaTEM-63,blaTEM-63,blaTEM
blaTEM-213,blaTEM-213,blaTEM
blaMIR-5,blaMIR-5,blaMIR
aac(6')-sk,aac(6')-kana,aac(6')-kana
erm(30),erm(30),erm(30)
blaOXA-669,blaOXA-669,blaOXA
blaPFM-2,blaPFM-2,blaPFM
blaOXA-629,blaOXA-629,blaOXA
aph(2'')-IIa,aph(2'')-IIa,aph(2'')-IIa
aac(6')-Im,aac(6')-Im,aac(6')-Im
blaOXA-83,blaOXA-83,blaOXA
blaOXA-340,blaOXA-340,blaOXA
blaOXA-821,blaOXA-821,blaOXA
blaOXA-241,blaOXA-241,blaOXA
blaOXA-417,blaOXA-417,blaOXA
blaADC-163,blaADC-163,blaADC
blaOXA-121,blaOXA-121,blaOXA
aac(6')-Ie2,aac(6')-Ie/aph(2'')-If2,aac(6')-Ie/aph(2'')-If2
aph(2'')-If2,aac(6')-Ie/aph(2'')-If2,aac(6')-Ie/aph(2'')-If2
aph(2'')-Ih,aph(2'')-Ih,aph(2'')-Ih
blaOXA-1320,blaOXA-1320,blaOXA
blaOXY-1-12,blaOXY-1-12,blaOXY
blaOKP-B-7,blaOKP-B-7,blaOKP-B
cfxA4,cfxA4,cfxA4
blaOXA-1174,blaOXA-1174,blaOXA
blaOXA-1129,blaOXA-1129,blaOXA
blaPDC-197,blaPDC-197,blaPDC
aac(6')-Iak,aac(6')-Iak,aac(6')-Iak
mecA-ceftar,mecA,mecA
mexE,mexE,mexE
blaOXA-207,blaOXA-207,blaOXA
blaADC-336,blaADC-336,blaADC
blaADC-78,blaADC-78,blaADC
blaADC-182,blaADC-182,blaADC
blaMCA,blaMCA,blaMCA
blaOXA-1132,blaOXA-1132,blaOXA
blaOXA-958,blaOXA-958,blaOXA
blaOXA-497,blaOXA-497,blaOXA
aac(6')-31,aac(6')-31,aac(6')-31
blaPDC-119,blaPDC-119,blaPDC
blaPDC-104,blaPDC-104,blaPDC
blaOXA-543,blaOXA-543,blaOXA
ant(2'')-Ia,ant(2'')-Ia,ant(2'')-Ia
blaPDC-636,blaPDC-636,blaPDC
blaPDC-455,blaPDC-455,blaPDC
blaOXA-1027,blaOXA-1027,blaOXA
blaOXA-1290,blaOXA-1290,blaOXA
blaPDC-271,blaPDC-271,blaPDC
blaPDC-207,blaPDC-207,blaPDC
blaPDC-80,blaPDC-80,blaPDC
blaPDC-225,blaPDC-225,blaPDC
blaPDC-250,blaPDC-250,blaPDC
blaOXA-1268,blaOXA-1268,blaOXA
blaPDC-100,blaPDC-100,blaPDC
blaOXA-141,blaOXA-141,blaOXA
aac(3)-IIIb,aac(3)-IIIb,aac(3)-IIIb
blaPDC-171,blaPDC-171,blaPDC
blaPDC-86,blaPDC-86,blaPDC
blaOXA-1274,blaOXA-1274,blaOXA
blaOXA-1024,blaOXA-1024,blaOXA
blaOXA-157,blaOXA-157,blaOXA
blaFEZ-1,blaFEZ-1,blaFEZ
vanI,vanI,vanI
mecA1,mecA1,mecA1
mef(A),mef(A),mef(A)
blaDHA-7,blaDHA-7,blaDHA
blaCMH-9,blaCMH-9,blaCMH
dfrA34,dfrA34,dfrA34
blaACT-115,blaACT-115,blaACT
fosA7.7,fosA7.7,fosA7
blaCMH-18,blaCMH-18,blaCMH
aadA1,aadA1,aadA1
blaCTX-M-96,blaCTX-M-96,blaCTX-M
aac(6')-Ia,aac(6')-Ia,aac(6')-Ia
blaCMH-19,blaCMH-19,blaCMH
blaCMH-20,blaCMH-20,blaCMH
blaCMH-21,blaCMH-21,blaCMH
sul1,sul1,sul1
blaACT-102,blaACT-102,blaACT
aac(6')_E550,aac(6')-E550,aac(6')-E550
blaOXA-436,blaOXA-436,blaOXA
blaOXA-651,blaOXA-651,blaOXA
aac(6')-D292,aac(6')-D292,aac(6')-D292
blaGOB-38,blaGOB-38,blaGOB
blaOXA-652,blaOXA-652,blaOXA
blaOXA-1191,blaOXA-1191,blaOXA
blaGOB-13,blaGOB-13,blaGOB
blaADC-184,blaADC-184,blaADC
blaOXA-92,blaOXA-92,blaOXA
blaADC-81,blaADC-81,blaADC
blaACT-131,blaACT-131,blaACT
blaGOB-37,blaGOB-37,blaGOB
blaCME-1,blaCME-1,blaCME
blaGOB-25,blaGOB-25,blaGOB
blaACT-4,blaACT-4,blaACT
blaGES-24,blaGES-24,blaGES
blaTLA-3,blaTLA-3,blaTLA
blaPEN-N,blaPEN-N,blaPEN-N
blaADC-214,blaADC-214,blaADC
blaADC-217,blaADC-217,blaADC
aadA5,aadA5,aadA5
aac(6')_Serra,aac(6'),aac(6')
blaIMI-9,blaIMI-9,blaIMI
blaACT-77,blaACT-77,blaACT
blaVIM-29,blaVIM-29,blaVIM
blaOKP-A-6,blaOKP-A-6,blaOKP-A
blaOXA-162,blaOXA-162,blaOXA
blaIMP-26,blaIMP-26,blaIMP
blaTEM-169,blaTEM-169,blaTEM
blaOKP-B-36,blaOKP-B-36,blaOKP-B
blaCMY-49,blaCMY-49,blaCMY
aac(6')_Serra,aac(6'),aac(6')
vanB,vanB,vanB
vanC2/3,vanC,vanC
vanXY-c2/3,vanXY-C,vanXY-C
blaCMY-180,blaCMY-180,blaCMY
blaMOC-1,blaMOC-1,blaMOC
