EAC44688931_FEATURES_NDARO_QuaternaryAmmonium_emrC_Lis,emrC_Lis
MBO41754061_FEATURES_NDARO_Colistin_mcr-92,mcr-9.2
WP_0611546651_FEATURES_NDARO_Beta-Lactam_blaLEN-42,blaLEN-42
WP_0611580391_FEATURES_NDARO_Beta-Lactam_blaTEM-156,blaTEM-156
WP_0611893061_FEATURES_NDARO_Beta-Lactam_blaPDC-114,blaPDC-114
WP_0611903381_FEATURES_NDARO_Beta-Lactam_blaPDC-226,blaPDC-226
WP_0611930231_FEATURES_NDARO_Beta-Lactam_blaPDC-116,blaPDC-116
WP_0611934311_FEATURES_NDARO_Beta-Lactam_blaPDC-298,blaPDC-298
WP_0611961391_FEATURES_NDARO_Beta-Lactam_blaPDC-97,blaPDC-97
WP_0611999901_FEATURES_NDARO_Beta-Lactam_blaPDC-184,blaPDC-184
WP_0612849841_FEATURES_NDARO_Beta-Lactam_blaKLUC-1,blaKLUC-1
WP_0613455841_FEATURES_NDARO_Phenicol_cml_Ochro,cml_Ochro
WP_0613771471_FEATURES_NDARO_Fosfomycin_fosA76,fosA7.6
WP_0615475901_FEATURES_NDARO_Beta-Lactam_blaCMY-84,blaCMY-84
WP_0615865121_FEATURES_NDARO_Quinolone_qnrE1,qnrE1
WP_0616597051_FEATURES_NDARO_Beta-Lactam_blaTEM-95,blaTEM-95
WP_0617100741_FEATURES_NDARO_Beta-Lactam_blaRAA-1,blaRAA-1
WP_0627432041_FEATURES_NDARO_Beta-Lactam_blaERP-1,blaERP-1
WP_0627718951_FEATURES_NDARO_Beta-Lactam_blaDHA-22,blaDHA-22
WP_0629324871_FEATURES_NDARO_Beta-Lactam_blaACT-147,blaACT-147
WP_0630993181_FEATURES_NDARO_Beta-Lactam_blaADC-151,blaADC-151
WP_0631086441_FEATURES_NDARO_Beta-Lactam_blaCTX-M-140,blaCTX-M-140
WP_0631319341_FEATURES_NDARO_Beta-Lactam_blaOXA-163,blaOXA-163
WP_0631380001_FEATURES_NDARO_Beta-Lactam_blaACT-14,blaACT-14
WP_0631385601_FEATURES_NDARO_Beta-Lactam_blaACT-148,blaACT-148
WP_0631471481_FEATURES_NDARO_Beta-Lactam_blaACT-67,blaACT-67
WP_0631570391_FEATURES_NDARO_Beta-Lactam_blaACT-109,blaACT-109
WP_0632668391_FEATURES_NDARO_Beta-Lactam_blaLEN-25,blaLEN-25
WP_0632779051_FEATURES_NDARO_Fosfomycin_fosA8,fosA8
WP_0634069241_FEATURES_NDARO_Beta-Lactam_ampC_Kaer,ampC_Kaer
WP_0634172731_FEATURES_NDARO_Beta-Lactam_blaMIR-15,blaMIR-15
WP_0634343561_FEATURES_NDARO_Beta-Lactam_blaACT-95,blaACT-95
WP_0634545691_FEATURES_NDARO_Beta-Lactam_blaOXA-498,blaOXA-498
WP_0635016361_FEATURES_NDARO_Phenicol_Quinolone_oqxB29,oqxB29
WP_0635534251_FEATURES_NDARO_Beta-Lactam_blaCMY-38,blaCMY-38
CZR786711_FEATURES_NDARO_Glycopeptide_vanT-Cd,vanT-Cd
WP_0635699091_FEATURES_NDARO_Beta-Lactam_blaOXA-258,blaOXA-258
WP_0636109301_FEATURES_NDARO_Beta-Lactam_blaEC-15,blaEC-15
WP_0636120621_FEATURES_NDARO_Aminoglycoside_aac(6_)-Ib-AKT,aac(6')-Ib-AKT
WP_0637967901_FEATURES_NDARO_Lincosamide_Macrolide_Streptogramin_erm(Z),erm(Z)
WP_0638388521_FEATURES_NDARO_Aminoglycoside_aac(3)-Ib,aac(3)-Ib
WP_0638388521_FEATURES_NDARO_Aminoglycoside_aac(6_)-Ib__,aac(6')-Ib''
WP_0638388531_FEATURES_NDARO_Aminoglycoside_aac(6_)-30,aac(6')-30
WP_0638388531_FEATURES_NDARO_Aminoglycoside_aac(6_)-Ib_,aac(6')-Ib'
WP_0638398751_FEATURES_NDARO_Aminoglycoside_ant(3__)-Ij,ant(3'')-Ij
WP_0638398751_FEATURES_NDARO_Aminoglycoside_aac(6_)-Ib-G,aac(6')-Ib-G
WP_0638398771_FEATURES_NDARO_Beta-Lactam_blaOXA-PR,blaOXA-PR
WP_0638398771_FEATURES_NDARO_Beta-Lactam_blaLRA-13,blaLRA-13
WP_0638398781_FEATURES_NDARO_Aminoglycoside_ant(3__)-Ih,ant(3'')-Ih
WP_0638398781_FEATURES_NDARO_Aminoglycoside_aac(6_)-IId,aac(6')-IId
WP_0638398791_FEATURES_NDARO_Beta-Lactam_BcII,BcII
WP_0638398801_FEATURES_NDARO_Beta-Lactam_BcII,BcII
WP_0638398811_FEATURES_NDARO_Aminoglycoside_aac(2_)-IIa,aac(2')-IIa
WP_0638402561_FEATURES_NDARO_Aminoglycoside_aac(3)-I,aac(3)-I
WP_0638402571_FEATURES_NDARO_Aminoglycoside_aac(3)-Ia,aac(3)-Ia
WP_0638402581_FEATURES_NDARO_Aminoglycoside_aac(3)-Ia,aac(3)-Ia
WP_0638402591_FEATURES_NDARO_Aminoglycoside_aac(3)-Ia,aac(3)-Ia
WP_0638402601_FEATURES_NDARO_Aminoglycoside_aac(3)-I,aac(3)-I
WP_0638402611_FEATURES_NDARO_Aminoglycoside_aac(3)-IIIa,aac(3)-IIIa
WP_0638402631_FEATURES_NDARO_Aminoglycoside_aac(3)-IIIc,aac(3)-IIIc
WP_0638402641_FEATURES_NDARO_Aminoglycoside_aac(3)-IIa,aac(3)-IIa
WP_0638402651_FEATURES_NDARO_Aminoglycoside_aac(3)-IId,aac(3)-IId
WP_0638402661_FEATURES_NDARO_Aminoglycoside_aac(3)-IIc,aac(3)-IIc
WP_0638402671_FEATURES_NDARO_Aminoglycoside_aac(3)-IIe,aac(3)-IIe
WP_0638402691_FEATURES_NDARO_Aminoglycoside_aac(3)-IXa,aac(3)-IXa
WP_0638402701_FEATURES_NDARO_Aminoglycoside_aac(3)-VIII,aac(3)-VIII
WP_0638402711_FEATURES_NDARO_Aminoglycoside_aac(3)-VIII,aac(3)-VIII
WP_0638402721_FEATURES_NDARO_Aminoglycoside_aac(3)-VIIa,aac(3)-VIIa
WP_0638402731_FEATURES_NDARO_Aminoglycoside_aac(3)-VIa,aac(3)-VIa
WP_0638402741_FEATURES_NDARO_Aminoglycoside_aac(6_)-I30,aac(6')-I30
WP_0638402751_FEATURES_NDARO_Aminoglycoside_aacA40,aacA40
WP_0638402761_FEATURES_NDARO_Aminoglycoside_aac(6_)-IIb,aac(6')-IIb
WP_0638402771_FEATURES_NDARO_Aminoglycoside_aac(6_)-Iad,aac(6')-Iad
WP_0638402781_FEATURES_NDARO_Aminoglycoside_aac(6_)-Iaf,aac(6')-Iaf
WP_0638402791_FEATURES_NDARO_Aminoglycoside_aac(6_)-Iai,aac(6')-Iai
WP_0638402801_FEATURES_NDARO_Aminoglycoside_aac(6_)-Ib-AKT,aac(6')-Ib-AKT
WP_0638402811_FEATURES_NDARO_Aminoglycoside_aac(6_)-Ib-AKT,aac(6')-Ib-AKT
WP_0638402821_FEATURES_NDARO_Aminoglycoside_aac(6_)-Ib-K,aac(6')-Ib-K
WP_0638402831_FEATURES_NDARO_Aminoglycoside_aac(6_)-Ib-AKT,aac(6')-Ib-AKT
WP_0638403191_FEATURES_NDARO_Aminoglycoside_aac(6_)-Ib-AKT,aac(6')-Ib-AKT
WP_0638403201_FEATURES_NDARO_Aminoglycoside_Quinolone_aac(6_)-Ib-cr6,aac(6')-Ib-cr6
WP_0638403211_FEATURES_NDARO_Aminoglycoside_Quinolone_aac(6_)-Ib-cr5,aac(6')-Ib-cr5
WP_0638403231_FEATURES_NDARO_Aminoglycoside_aac(6_)-Ik,aac(6')-Ik
WP_0638403241_FEATURES_NDARO_Aminoglycoside_aac(6_)-Il,aac(6')-Il
WP_0638403251_FEATURES_NDARO_Aminoglycoside_aac(6_)-Il,aac(6')-Il
WP_0638403271_FEATURES_NDARO_Aminoglycoside_aac(6_)-Ir,aac(6')-Ir
WP_0638403281_FEATURES_NDARO_Aminoglycoside_aac(6_)-Is,aac(6')-Is
WP_0638403291_FEATURES_NDARO_Aminoglycoside_aac(6_)-It,aac(6')-It
WP_0638403301_FEATURES_NDARO_Aminoglycoside_aac(6_)-Ix,aac(6')-Ix
WP_0638403321_FEATURES_NDARO_Aminoglycoside_aacA37,aacA37
WP_0638404151_FEATURES_NDARO_Aminoglycoside_aadA11,aadA11
WP_0638404161_FEATURES_NDARO_Aminoglycoside_aadA17,aadA17
WP_0638404351_FEATURES_NDARO_Aminoglycoside_aadA21,aadA21
WP_0638404361_FEATURES_NDARO_Aminoglycoside_aadA21,aadA21
WP_0638404411_FEATURES_NDARO_Aminoglycoside_aadA3,aadA3
WP_0638404421_FEATURES_NDARO_Aminoglycoside_aadA3,aadA3
WP_0638404431_FEATURES_NDARO_Aminoglycoside_aadA4,aadA4
WP_0638404441_FEATURES_NDARO_Aminoglycoside_aadA4,aadA4
WP_0638404541_FEATURES_NDARO_Aminoglycoside_aadA6,aadA6
WP_0638404551_FEATURES_NDARO_Aminoglycoside_aadA7,aadA7
WP_0638404561_FEATURES_NDARO_Aminoglycoside_aadA7,aadA7
WP_0638404571_FEATURES_NDARO_Aminoglycoside_aadA8,aadA8
WP_0638404581_FEATURES_NDARO_Aminoglycoside_aadA9,aadA9
WP_0638404591_FEATURES_NDARO_Aminoglycoside_aadA9,aadA9
WP_0638404601_FEATURES_NDARO_Aminoglycoside_ant(4_)-Ia,ant(4')-Ia
WP_0638404611_FEATURES_NDARO_Aminoglycoside_ant(4_)-Ia,ant(4')-Ia
WP_0638404631_FEATURES_NDARO_Beta-Lactam_ampC_Asob-1,ampC_Asob-1
WP_0638404651_FEATURES_NDARO_Beta-Lactam_blaSRT,blaSRT
WP_0638404661_FEATURES_NDARO_Beta-Lactam_ampC_Sliq-1,ampC_Sliq-1
WP_0638405071_FEATURES_NDARO_Aminoglycoside_ant(2__)-Ia,ant(2'')-Ia
WP_0638405081_FEATURES_NDARO_Aminoglycoside_ant(4_)-IIa,ant(4')-IIa
WP_0638405091_FEATURES_NDARO_Aminoglycoside_ant(4_)-IIb,ant(4')-IIb
WP_0638406731_FEATURES_NDARO_Aminoglycoside_ant(9)-Ib,ant(9)-Ib
WP_0638406741_FEATURES_NDARO_Aminoglycoside_aph(2__)-IIa,aph(2'')-IIa
WP_0638406751_FEATURES_NDARO_Aminoglycoside_aph(2__)-If,aph(2'')-If
WP_0638406761_FEATURES_NDARO_Aminoglycoside_aph(3__)-Ia,aph(3'')-Ia
WP_0638406771_FEATURES_NDARO_Aminoglycoside_aph(3__)-Ia,aph(3'')-Ia
WP_0638410151_FEATURES_NDARO_Aminoglycoside_aph(3__)-Ic,aph(3'')-Ic
WP_0638414951_FEATURES_NDARO_Aminoglycoside_aph(3_)-IIIa,aph(3')-IIIa
WP_0638415071_FEATURES_NDARO_Aminoglycoside_aph(3_)-IIIa,aph(3')-IIIa
WP_0638416611_FEATURES_NDARO_Aminoglycoside_aph(3_)-IIc,aph(3')-IIc
WP_0638416661_FEATURES_NDARO_Aminoglycoside_aph(6)-Smalt,aph(6)-Smalt
WP_0638416741_FEATURES_NDARO_Aminoglycoside_aph(3_)-IVa,aph(3')-IVa
WP_0638416831_FEATURES_NDARO_Aminoglycoside_aph(3_)-Ia,aph(3')-Ia
WP_0638420981_FEATURES_NDARO_Aminoglycoside_aph(3_)-Ia,aph(3')-Ia
WP_0638421481_FEATURES_NDARO_Aminoglycoside_aph(3_)-Ia,aph(3')-Ia
WP_0638421751_FEATURES_NDARO_Aminoglycoside_aph(3_)-VIIa,aph(3')-VIIa
WP_0638421761_FEATURES_NDARO_Aminoglycoside_aph(3_)-Va,aph(3')-Va
WP_0638421771_FEATURES_NDARO_Aminoglycoside_aph(3_)-Vb,aph(3')-Vb
WP_0638421781_FEATURES_NDARO_Aminoglycoside_aph(3_)-Vb,aph(3')-Vb
WP_0638421791_FEATURES_NDARO_Aminoglycoside_aph(3_)-Vc,aph(3')-Vc
WP_0638421811_FEATURES_NDARO_Aminoglycoside_aph(6)-Ia,aph(6)-Ia
WP_0638421831_FEATURES_NDARO_Aminoglycoside_aph(6)-Id,aph(6)-Id
WP_0638421841_FEATURES_NDARO_Aminoglycoside_aph(6)-Id,aph(6)-Id
WP_0638421851_FEATURES_NDARO_Aminoglycoside_aph(7__)-Ia,aph(7'')-Ia
WP_0638421861_FEATURES_NDARO_Aminoglycoside_aph(9)-Ib,aph(9)-Ib
WP_0638422021_FEATURES_NDARO_Rifamycin_arr-Msmeg,arr-Msmeg
WP_0638422071_FEATURES_NDARO_Rifamycin_arr,arr
WP_0638422141_FEATURES_NDARO_Rifamycin_arr-6,arr-6
WP_0638422391_FEATURES_NDARO_Beta-Lactam_bla2a,bla2a
WP_0638422481_FEATURES_NDARO_Beta-Lactam_bla1,bla1
WP_0638422631_FEATURES_NDARO_Beta-Lactam_blaLRA-1,blaLRA-1
WP_0638422681_FEATURES_NDARO_Beta-Lactam_blaLRA-5,blaLRA-5
WP_0638422721_FEATURES_NDARO_Beta-Lactam_bla-A2,bla-A2
WP_0638422771_FEATURES_NDARO_Beta-Lactam_bla-A,bla-A
WP_0638426281_FEATURES_NDARO_Beta-Lactam_blaF,blaF
WP_0638426691_FEATURES_NDARO_Beta-Lactam_blaL1,blaL1
WP_0638426761_FEATURES_NDARO_Beta-Lactam_blaL1,blaL1
WP_0638426821_FEATURES_NDARO_Beta-Lactam_blaL1,blaL1
WP_0638426881_FEATURES_NDARO_Beta-Lactam_blaL1,blaL1
WP_0638426891_FEATURES_NDARO_Beta-Lactam_blaL1,blaL1
WP_0638426901_FEATURES_NDARO_Beta-Lactam_blaL1,blaL1
WP_0638426911_FEATURES_NDARO_Beta-Lactam_blaL1,blaL1
WP_0638426921_FEATURES_NDARO_Beta-Lactam_blaL1,blaL1
WP_0638426931_FEATURES_NDARO_Beta-Lactam_blaL1,blaL1
WP_0638426941_FEATURES_NDARO_Beta-Lactam_blaL1,blaL1
WP_0638426951_FEATURES_NDARO_Beta-Lactam_blaL1,blaL1
WP_0638426961_FEATURES_NDARO_Beta-Lactam_blaL1,blaL1
WP_0638426971_FEATURES_NDARO_Beta-Lactam_blaL1,blaL1
WP_0638426981_FEATURES_NDARO_Beta-Lactam_blaL1,blaL1
WP_0638426991_FEATURES_NDARO_Beta-Lactam_blaL1,blaL1
WP_0638427001_FEATURES_NDARO_Beta-Lactam_blaL2,blaL2
WP_0638427011_FEATURES_NDARO_Beta-Lactam_blaLRA-2,blaLRA-2
WP_0638427021_FEATURES_NDARO_Beta-Lactam_blaLRA-3,blaLRA-3
WP_0638427031_FEATURES_NDARO_Beta-Lactam_blaLRA-8,blaLRA-8
WP_0638427041_FEATURES_NDARO_Beta-Lactam_blaLRA-9,blaLRA-9
WP_0638427071_FEATURES_NDARO_Beta-Lactam_blaLRA-12,blaLRA-12
WP_0638427121_FEATURES_NDARO_Beta-Lactam_blaLRA-17,blaLRA-17
WP_0638427171_FEATURES_NDARO_Beta-Lactam_blaLRA-19,blaLRA-19
WP_0638427241_FEATURES_NDARO_Beta-Lactam_blaM-1,blaM-1
WP_0638427301_FEATURES_NDARO_Beta-Lactam_blaOCH,blaOCH
WP_0638427451_FEATURES_NDARO_Beta-Lactam_blaOKP-B,blaOKP-B
WP_0638427521_FEATURES_NDARO_Beta-Lactam_blaOXY-2-14,blaOXY-2-14
WP_0638427591_FEATURES_NDARO_Beta-Lactam_blaOXY-2-5,blaOXY-2-5
WP_0638428621_FEATURES_NDARO_Beta-Lactam_blaZ-mecC,blaZ-mecC
WP_0638428691_FEATURES_NDARO_Beta-Lactam_blaR1,blaR1
WP_0638428961_FEATURES_NDARO_Beta-Lactam_blaR39,blaR39
WP_0638429051_FEATURES_NDARO_Beta-Lactam_blaSED,blaSED
WP_0638429111_FEATURES_NDARO_Beta-Lactam_blaSFB-1,blaSFB-1
WP_0638429151_FEATURES_NDARO_Beta-Lactam_blaSLB-1,blaSLB-1
WP_0638429391_FEATURES_NDARO_Beta-Lactam_blaSRT,blaSRT
WP_0638429441_FEATURES_NDARO_Beta-Lactam_blaSRT,blaSRT
WP_0638429481_FEATURES_NDARO_Beta-Lactam_blaTHIN-B,blaTHIN-B
WP_0638429621_FEATURES_NDARO_Bleomycin_ble-Sv,ble-Sv
WP_0638429671_FEATURES_NDARO_Bleomycin_ble-Sv,ble-Sv
WP_0638429981_FEATURES_NDARO_Bleomycin_ble-Sh,ble-Sh
WP_0638432061_FEATURES_NDARO_Bleomycin_blmB,blmB
WP_0638432071_FEATURES_NDARO_Macrolide_car(A),car(A)
WP_0638432081_FEATURES_NDARO_Phenicol_catA4,catA4
WP_0638432091_FEATURES_NDARO_Phenicol_catA8,catA8
WP_0638432101_FEATURES_NDARO_Phenicol_catA8,catA8
WP_0638432111_FEATURES_NDARO_Phenicol_catA7,catA7
WP_0638432121_FEATURES_NDARO_Phenicol_catA5,catA5
WP_0638432171_FEATURES_NDARO_Phenicol_catA1,catA1
WP_0638432181_FEATURES_NDARO_Phenicol_catA1,catA1
WP_0638432191_FEATURES_NDARO_Phenicol_catA15,catA15
WP_0638432201_FEATURES_NDARO_Phenicol_catA16,catA16
WP_0638432211_FEATURES_NDARO_Phenicol_catA16,catA16
WP_0638432221_FEATURES_NDARO_Phenicol_catA2,catA2
WP_0638432231_FEATURES_NDARO_Phenicol_catB10,catB10
WP_0638432241_FEATURES_NDARO_Phenicol_catB3,catB3
WP_0638432251_FEATURES_NDARO_Phenicol_catB3,catB3
WP_0638432261_FEATURES_NDARO_Phenicol_catB3,catB3
WP_0638432271_FEATURES_NDARO_Phenicol_catB3,catB3
WP_0638432281_FEATURES_NDARO_Phenicol_catB3,catB3
WP_0638432291_FEATURES_NDARO_Phenicol_catB6,catB6
WP_0638432301_FEATURES_NDARO_Phenicol_catB8,catB8
WP_0638432311_FEATURES_NDARO_Phenicol_catB8,catB8
WP_0638432321_FEATURES_NDARO_Phenicol_catB8,catB8
WP_0638432331_FEATURES_NDARO_Phenicol_catD,catD
WP_0638432341_FEATURES_NDARO_Beta-Lactam_cepH,cepH
WP_0638432351_FEATURES_NDARO_Beta-Lactam_cepS,cepS
WP_0638432361_FEATURES_NDARO_Beta-Lactam_cfiA11,cfiA11
WP_0638432371_FEATURES_NDARO_Beta-Lactam_cfxA,cfxA
WP_0638432381_FEATURES_NDARO_Beta-Lactam_cfxA_fam,cfxA_fam
WP_0638432391_FEATURES_NDARO_Beta-Lactam_cfxA_fam,cfxA_fam
WP_0638432401_FEATURES_NDARO_Beta-Lactam_cfxA_fam,cfxA_fam
WP_0638432411_FEATURES_NDARO_Beta-Lactam_cfxA_fam,cfxA_fam
WP_0638432421_FEATURES_NDARO_Beta-Lactam_cfxA2,cfxA2
WP_0638432431_FEATURES_NDARO_Beta-Lactam_cfxA2,cfxA2
WP_0638432451_FEATURES_NDARO_Macrolide_chrB_rRNA_meth,chrB_rRNA_meth
WP_0638432461_FEATURES_NDARO_Phenicol_cmlA4,cmlA4
WP_0638432471_FEATURES_NDARO_Phenicol_cmlA4,cmlA4
WP_0638442291_FEATURES_NDARO_Phenicol_cmlV,cmlV
WP_0638442341_FEATURES_NDARO_Phenicol_cmrA,cmrA
WP_0638442431_FEATURES_NDARO_Phenicol_cmrA,cmrA
WP_0638442811_FEATURES_NDARO_Beta-Lactam_cphA3,cphA3
WP_0638442821_FEATURES_NDARO_Beta-Lactam_cphA1,cphA1
WP_0638442831_FEATURES_NDARO_Beta-Lactam_cphA1,cphA1
WP_0638442841_FEATURES_NDARO_Beta-Lactam_cphA1,cphA1
WP_0638442851_FEATURES_NDARO_Beta-Lactam_cphA1,cphA1
WP_0638442861_FEATURES_NDARO_Beta-Lactam_cphA1,cphA1
WP_0638442871_FEATURES_NDARO_Phenicol_cpt,cpt
WP_0638442881_FEATURES_NDARO_Trimethoprim_dfr1_rpt,dfr1_rpt
WP_0638442891_FEATURES_NDARO_Trimethoprim_dfrA1,dfrA1
WP_0638442901_FEATURES_NDARO_Trimethoprim_dfrA1,dfrA1
WP_0638442911_FEATURES_NDARO_Trimethoprim_dfrA1,dfrA1
WP_0638442921_FEATURES_NDARO_Trimethoprim_dfrA1,dfrA1
WP_0638442931_FEATURES_NDARO_Trimethoprim_dfrA1,dfrA1
WP_0638442941_FEATURES_NDARO_Trimethoprim_dfrA1,dfrA1
WP_0638442951_FEATURES_NDARO_Trimethoprim_dfrA1,dfrA1
WP_0638442961_FEATURES_NDARO_Trimethoprim_dfrA1,dfrA1
WP_0638442971_FEATURES_NDARO_Trimethoprim_dfrA12,dfrA12
WP_0638442981_FEATURES_NDARO_Trimethoprim_dfrA12,dfrA12
WP_0638443151_FEATURES_NDARO_Trimethoprim_dfrA12,dfrA12
WP_0638443211_FEATURES_NDARO_Trimethoprim_dfrA12,dfrA12
WP_0638443291_FEATURES_NDARO_Trimethoprim_dfrA12,dfrA12
WP_0638443341_FEATURES_NDARO_Trimethoprim_dfrA13,dfrA13
WP_0638443401_FEATURES_NDARO_Trimethoprim_dfrA14,dfrA14
WP_0638443621_FEATURES_NDARO_Trimethoprim_dfrA15,dfrA15
WP_0638443631_FEATURES_NDARO_Trimethoprim_dfrA15,dfrA15
WP_0638443641_FEATURES_NDARO_Trimethoprim_dfrA16,dfrA16
WP_0638443651_FEATURES_NDARO_Trimethoprim_dfrA16,dfrA16
WP_0638443661_FEATURES_NDARO_Trimethoprim_dfrA17,dfrA17
WP_0638443671_FEATURES_NDARO_Trimethoprim_dfrA17,dfrA17
WP_0638443681_FEATURES_NDARO_Trimethoprim_dfrA17,dfrA17
WP_0638443691_FEATURES_NDARO_Trimethoprim_dfrA17,dfrA17
WP_0638443701_FEATURES_NDARO_Trimethoprim_dfrA22,dfrA22
WP_0638443711_FEATURES_NDARO_Trimethoprim_dfrA33,dfrA33
WP_0638443761_FEATURES_NDARO_Trimethoprim_dfrA24,dfrA24
WP_0638443811_FEATURES_NDARO_Trimethoprim_dfrA26,dfrA26
WP_0638443921_FEATURES_NDARO_Trimethoprim_dfrA28,dfrA28
WP_0638444031_FEATURES_NDARO_Trimethoprim_dfrA3,dfrA3
WP_0638444081_FEATURES_NDARO_Trimethoprim_dfrA30,dfrA30
WP_0638444451_FEATURES_NDARO_Trimethoprim_dfrA5,dfrA5
WP_0638444581_FEATURES_NDARO_Trimethoprim_dfrA6,dfrA6
WP_0638444611_FEATURES_NDARO_Trimethoprim_dfrA46,dfrA46
WP_0638444721_FEATURES_NDARO_Trimethoprim_dfrA7,dfrA7
WP_0638444731_FEATURES_NDARO_Trimethoprim_dfrA7,dfrA7
WP_0638444741_FEATURES_NDARO_Trimethoprim_dfrA7,dfrA7
WP_0638444751_FEATURES_NDARO_Trimethoprim_dfrA9,dfrA9
WP_0638444761_FEATURES_NDARO_Trimethoprim_dfrB1,dfrB1
WP_0638444771_FEATURES_NDARO_Trimethoprim_dfrB2,dfrB2
WP_0638444781_FEATURES_NDARO_Trimethoprim_dfrB4,dfrB4
WP_0638444791_FEATURES_NDARO_Trimethoprim_dfrB6,dfrB6
WP_0638444801_FEATURES_NDARO_Trimethoprim_dfrB8,dfrB8
WP_0638444811_FEATURES_NDARO_Trimethoprim_dfrD,dfrD
WP_0638444821_FEATURES_NDARO_Trimethoprim_dfrB5,dfrB5
WP_0638444831_FEATURES_NDARO_Trimethoprim_dfrK,dfrK
WP_0638444841_FEATURES_NDARO_Macrolide_ere(A),ere(A)
WP_0638444851_FEATURES_NDARO_Macrolide_ere(A),ere(A)
WP_0638444861_FEATURES_NDARO_Macrolide_ere(B),ere(B)
WP_0638444921_FEATURES_NDARO_Lincosamide_Macrolide_Streptogramin_erm(31),erm(31)
WP_0638444961_FEATURES_NDARO_Lincosamide_Streptogramin_erm(32),erm(32)
WP_0638445041_FEATURES_NDARO_Lincosamide_Macrolide_erm(34),erm(34)
WP_0638445181_FEATURES_NDARO_Lincosamide_Macrolide_erm(38),erm(38)
WP_0638445201_FEATURES_NDARO_Lincosamide_Macrolide_Streptogramin_erm(43),erm(43)
WP_0638445211_FEATURES_NDARO_Lincosamide_Macrolide_Streptogramin_erm(44),erm(44)
WP_0638445221_FEATURES_NDARO_Lincosamide_Macrolide_Streptogramin_erm(45),erm(45)
WP_0638445981_FEATURES_NDARO_Lincosamide_Macrolide_Streptogramin_erm(B),erm(B)
WP_0638446011_FEATURES_NDARO_Lincosamide_Macrolide_Streptogramin_erm(B),erm(B)
WP_0638446141_FEATURES_NDARO_Lincosamide_Macrolide_Streptogramin_erm(B),erm(B)
WP_0638446191_FEATURES_NDARO_Lincosamide_Macrolide_Streptogramin_erm(B),erm(B)
WP_0638447681_FEATURES_NDARO_Lincosamide_Macrolide_Streptogramin_erm(C),erm(C)
WP_0638447691_FEATURES_NDARO_Lincosamide_Macrolide_Streptogramin_erm(D),erm(D)
WP_0638447701_FEATURES_NDARO_Lincosamide_Macrolide_Streptogramin_erm(E),erm(E)
WP_0638447711_FEATURES_NDARO_Lincosamide_Macrolide_Streptogramin_erm(F),erm(F)
WP_0638447731_FEATURES_NDARO_Lincosamide_Macrolide_Streptogramin_erm(F),erm(F)
WP_0638447871_FEATURES_NDARO_Lincosamide_Macrolide_Streptogramin_erm(G),erm(G)
WP_0638447911_FEATURES_NDARO_Lincosamide_Macrolide_Streptogramin_erm(G),erm(G)
WP_0638447941_FEATURES_NDARO_Lincosamide_Macrolide_Streptogramin_erm(H),erm(H)
WP_0638448151_FEATURES_NDARO_Macrolide_erm(R),erm(R)
WP_0638448191_FEATURES_NDARO_Lincosamide_Macrolide_Streptogramin_erm(S),erm(S)
WP_0638448251_FEATURES_NDARO_Lincosamide_Macrolide_Streptogramin_erm(T),erm(T)
WP_0638448501_FEATURES_NDARO_Lincosamide_Macrolide_Streptogramin_erm(B),erm(B)
WP_0638448541_FEATURES_NDARO_Lincosamide_Macrolide_Streptogramin_erm(U),erm(U)
WP_0638448611_FEATURES_NDARO_Lincosamide_Macrolide_Streptogramin_erm(U),erm(U)
WP_0638448681_FEATURES_NDARO_Lincosamide_Macrolide_Streptogramin_erm(V),erm(V)
WP_0638448711_FEATURES_NDARO_Lincosamide_Macrolide_Streptogramin_erm(W),erm(W)
WP_0638448791_FEATURES_NDARO_Lincosamide_Macrolide_Streptogramin_erm(X),erm(X)
WP_0638448891_FEATURES_NDARO_Lincosamide_Macrolide_Streptogramin_erm(X),erm(X)
WP_0638448941_FEATURES_NDARO_Lincosamide_Macrolide_Streptogramin_erm(X),erm(X)
WP_0638449221_FEATURES_NDARO_Lincosamide_Macrolide_Streptogramin_erm(X),erm(X)
WP_0638449321_FEATURES_NDARO_Lincosamide_Macrolide_Streptogramin_erm(Y),erm(Y)
WP_0638449731_FEATURES_NDARO_Phenicol_floR,floR
WP_0638450371_FEATURES_NDARO_Phenicol_floR,floR
WP_0638450651_FEATURES_NDARO_Phenicol_floR,floR
WP_0638450731_FEATURES_NDARO_Phenicol_floR,floR
WP_0638451181_FEATURES_NDARO_Phenicol_floR,floR
WP_0638451191_FEATURES_NDARO_Phenicol_floR,floR
WP_0638451201_FEATURES_NDARO_Fosfomycin_fomA,fomA
WP_0638486091_FEATURES_NDARO_Beta-Lactam_blaIMP-18,blaIMP-18
WP_0638512291_FEATURES_NDARO_Fosfomycin_fosB-Bcer,fosB-Bcer
WP_0638512301_FEATURES_NDARO_Fosfomycin_fosC,fosC
WP_0638512311_FEATURES_NDARO_Fosfomycin_fosF,fosF
WP_0638512321_FEATURES_NDARO_Fosfomycin_fosG,fosG
WP_0638512331_FEATURES_NDARO_Fosfomycin_fosH,fosH
WP_0638512551_FEATURES_NDARO_FusidicAcid_fusB,fusB
WP_0638512621_FEATURES_NDARO_FusidicAcid_fusF,fusF
WP_0638512671_FEATURES_NDARO_FusidicAcid_fusF,fusF
WP_0638512771_FEATURES_NDARO_FusidicAcid_fusH,fusH
WP_0638512831_FEATURES_NDARO_Aminoglycoside_grm,grm
WP_0638512881_FEATURES_NDARO_Beta-Lactam_hugA,hugA
WP_0638513011_FEATURES_NDARO_Beta-Lactam_hugA,hugA
WP_0638513111_FEATURES_NDARO_Beta-Lactam_hugA,hugA
WP_0638513181_FEATURES_NDARO_Rifamycin_iri,iri
WP_0638513401_FEATURES_NDARO_Lincosamide_lnu(A),lnu(A)
WP_0638513411_FEATURES_NDARO_Lincosamide_lnu(C),lnu(C)
WP_0638513421_FEATURES_NDARO_Lincosamide_lnu(D),lnu(D)
WP_0638513431_FEATURES_NDARO_Lincosamide_lnu(E),lnu(E)
WP_0638513441_FEATURES_NDARO_Lincosamide_lnu(F),lnu(F)
WP_0638513471_FEATURES_NDARO_Lincosamide_Streptogramin_lsa(C),lsa(C)
WP_0638513481_FEATURES_NDARO_Beta-Lactam_mecA,mecA
WP_0638526171_FEATURES_NDARO_Beta-Lactam_mecA,mecA
WP_0638526261_FEATURES_NDARO_Beta-Lactam_mecA,mecA
WP_0638526701_FEATURES_NDARO_Beta-Lactam_mecA-ceftar,mecA-ceftar
WP_0638526771_FEATURES_NDARO_Beta-Lactam_mecA-ceftar,mecA-ceftar
WP_0638526831_FEATURES_NDARO_Beta-Lactam_mecA-ceftar,mecA-ceftar
WP_0638526941_FEATURES_NDARO_Beta-Lactam_mecA2,mecA2
WP_0638527001_FEATURES_NDARO_Beta-Lactam_mecA2,mecA2
WP_0638527101_FEATURES_NDARO_Beta-Lactam_mecB,mecB
WP_0638535541_FEATURES_NDARO_Macrolide_mef(A),mef(A)
WP_0638535631_FEATURES_NDARO_Macrolide_mef(A),mef(A)
WP_0638535741_FEATURES_NDARO_Macrolide_mef(A),mef(A)
WP_0638535911_FEATURES_NDARO_Macrolide_mef(A),mef(A)
WP_0638536021_FEATURES_NDARO_Macrolide_mef(A),mef(A)
WP_0638536251_FEATURES_NDARO_Macrolide_mef(A),mef(A)
WP_0638536321_FEATURES_NDARO_Macrolide_mef(A),mef(A)
WP_0638536381_FEATURES_NDARO_Macrolide_mef(A),mef(A)
WP_0638536481_FEATURES_NDARO_Macrolide_mef(A),mef(A)
WP_0638536821_FEATURES_NDARO_Macrolide_mef(A),mef(A)
WP_0638536891_FEATURES_NDARO_Macrolide_mef(A),mef(A)
WP_0638536981_FEATURES_NDARO_Macrolide_mef(A),mef(A)
WP_0638537051_FEATURES_NDARO_Macrolide_mef(A),mef(A)
WP_0638537131_FEATURES_NDARO_Macrolide_mef(A),mef(A)
WP_0638537291_FEATURES_NDARO_Macrolide_mef(En2),mef(En2)
WP_0638537401_FEATURES_NDARO_Macrolide_mgt,mgt
WP_0638538541_FEATURES_NDARO_Macrolide_mph(A),mph(A)
WP_0638538661_FEATURES_NDARO_Macrolide_mph(A),mph(A)
WP_0638538811_FEATURES_NDARO_Macrolide_mph(C),mph(C)
WP_0638538921_FEATURES_NDARO_Macrolide_mph(C),mph(C)
WP_0638541311_FEATURES_NDARO_Macrolide_mph(C),mph(C)
WP_0638541371_FEATURES_NDARO_Macrolide_mph(C),mph(C)
WP_0638541501_FEATURES_NDARO_Macrolide_mph(C),mph(C)
WP_0638543121_FEATURES_NDARO_Macrolide_Streptogramin_msr(A),msr(A)
WP_0638543171_FEATURES_NDARO_Macrolide_Streptogramin_msr(A),msr(A)
WP_0638543411_FEATURES_NDARO_Macrolide_Streptogramin_msr(A),msr(A)
WP_0638543491_FEATURES_NDARO_Macrolide_Streptogramin_msr(C),msr(C)
WP_0638544881_FEATURES_NDARO_Mupirocin_mupB,mupB
WP_0638544891_FEATURES_NDARO_Macrolide_myrA,myrA
WP_0638544901_FEATURES_NDARO_Nitroimidazole_nimB,nimB
WP_0638544911_FEATURES_NDARO_Nitroimidazole_nimC,nimC
WP_0638544921_FEATURES_NDARO_Nitroimidazole_nimD,nimD
WP_0638544931_FEATURES_NDARO_Thiostrepton_nshR,nshR
WP_0638544941_FEATURES_NDARO_Macrolide_ole(B),ole(B)
WP_0638544951_FEATURES_NDARO_Macrolide_oleD,oleD
WP_0638544961_FEATURES_NDARO_Phenicol_Oxazolidinone_optrA,optrA
WP_0638544971_FEATURES_NDARO_Tetracycline_otr(A),otr(A)
WP_0638544981_FEATURES_NDARO_Tetracycline_otr(A),otr(A)
WP_0638545001_FEATURES_NDARO_Tetracycline_otr(B),otr(B)
WP_0638545011_FEATURES_NDARO_Beta-Lactam_blaPEN-I,blaPEN-I
WP_0638545021_FEATURES_NDARO_Phenicol_pexA,pexA
WP_0638547781_FEATURES_NDARO_Quinolone_qepA5,qepA5
WP_0638548081_FEATURES_NDARO_Quinolone_qnrS10,qnrS10
WP_0638548151_FEATURES_NDARO_Rifamycin_rgt1438,rgt1438
WP_0638548241_FEATURES_NDARO_Aminoglycoside_rmtA,rmtA
WP_0638548541_FEATURES_NDARO_Aminoglycoside_rmtB2,rmtB2
WP_0638549101_FEATURES_NDARO_Rifamycin_rph,rph
WP_0638549201_FEATURES_NDARO_Lincosamide_Pleuromutilin_Streptogramin_sal(A),sal(A)
WP_0638549341_FEATURES_NDARO_Streptothricin_sat4,sat4
WP_0638549351_FEATURES_NDARO_Streptothricin_sat4,sat4
WP_0638549361_FEATURES_NDARO_Streptothricin_sta,sta
WP_0638550371_FEATURES_NDARO_Sulfonamide_sul1,sul1
WP_0638550461_FEATURES_NDARO_Sulfonamide_sul1,sul1
WP_0638550661_FEATURES_NDARO_Sulfonamide_sul1,sul1
WP_0638550741_FEATURES_NDARO_Sulfonamide_sul1,sul1
WP_0638550911_FEATURES_NDARO_Sulfonamide_sul1,sul1
WP_0638551031_FEATURES_NDARO_Sulfonamide_sul1,sul1
WP_0638551061_FEATURES_NDARO_Sulfonamide_sul1,sul1
WP_0638551151_FEATURES_NDARO_Sulfonamide_sul1,sul1
WP_0638551291_FEATURES_NDARO_Sulfonamide_sul1,sul1
WP_0638555401_FEATURES_NDARO_Sulfonamide_sul2,sul2
WP_0638555571_FEATURES_NDARO_Sulfonamide_sul2,sul2
WP_0638555691_FEATURES_NDARO_Sulfonamide_sul2,sul2
WP_0638557131_FEATURES_NDARO_Tetracycline_tet(37),tet(37)
WP_0638558801_FEATURES_NDARO_Tetracycline_tet(40),tet(40)
WP_0638558811_FEATURES_NDARO_Tetracycline_tet(41),tet(41)
WP_0638558821_FEATURES_NDARO_Tetracycline_tet(42),tet(42)
WP_0638558841_FEATURES_NDARO_Tetracycline_tet(44),tet(44)
WP_0638558851_FEATURES_NDARO_Tetracycline_tet(45),tet(45)
WP_0638558861_FEATURES_NDARO_Tetracycline_tet(A),tet(A)
WP_0638558871_FEATURES_NDARO_Tetracycline_tet(A),tet(A)
WP_0638558881_FEATURES_NDARO_Tetracycline_tet(A),tet(A)
WP_0638559821_FEATURES_NDARO_Tetracycline_tet(A),tet(A)
WP_0638559831_FEATURES_NDARO_Tetracycline_tet(A),tet(A)
WP_0638560661_FEATURES_NDARO_Tetracycline_tet(B),tet(B)
WP_0638560671_FEATURES_NDARO_Tetracycline_tet(B),tet(B)
WP_0638560681_FEATURES_NDARO_Tetracycline_tet(B),tet(B)
WP_0638560701_FEATURES_NDARO_Tetracycline_tet(B),tet(B)
WP_0638560711_FEATURES_NDARO_Tetracycline_tet(C),tet(C)
WP_0638560721_FEATURES_NDARO_Tetracycline_tet(C),tet(C)
WP_0638560731_FEATURES_NDARO_Tetracycline_tet(D),tet(D)
WP_0638560741_FEATURES_NDARO_Tetracycline_tet(D),tet(D)
WP_0638560751_FEATURES_NDARO_Tetracycline_tet(D),tet(D)
WP_0638560761_FEATURES_NDARO_Tetracycline_tet(E),tet(E)
WP_0638560771_FEATURES_NDARO_Tetracycline_tet(G),tet(G)
WP_0638560781_FEATURES_NDARO_Tetracycline_tet(H),tet(H)
WP_0638560791_FEATURES_NDARO_Tetracycline_tet(J),tet(J)
WP_0638560801_FEATURES_NDARO_Tetracycline_tet(L),tet(L)
WP_0638560811_FEATURES_NDARO_Tetracycline_tet(L),tet(L)
WP_0638561071_FEATURES_NDARO_Tetracycline_tet(M),tet(M)
WP_0638561081_FEATURES_NDARO_Tetracycline_tet(M),tet(M)
WP_0638561091_FEATURES_NDARO_Tetracycline_tet(M),tet(M)
WP_0638561101_FEATURES_NDARO_Tetracycline_tet(M),tet(M)
WP_0638561111_FEATURES_NDARO_Tetracycline_tet(M),tet(M)
WP_0638561121_FEATURES_NDARO_Tetracycline_tet(M),tet(M)
WP_0638561131_FEATURES_NDARO_Tetracycline_tet(M),tet(M)
WP_0638561141_FEATURES_NDARO_Tetracycline_tet(M),tet(M)
WP_0638561151_FEATURES_NDARO_Tetracycline_tet(M),tet(M)
WP_0638563901_FEATURES_NDARO_Tetracycline_tet(M),tet(M)
WP_0638563911_FEATURES_NDARO_Tetracycline_tet(M),tet(M)
WP_0638563921_FEATURES_NDARO_Tetracycline_tet(M),tet(M)
WP_0638563931_FEATURES_NDARO_Tetracycline_tet(M),tet(M)
WP_0638563941_FEATURES_NDARO_Tetracycline_tet(M),tet(M)
WP_0638563951_FEATURES_NDARO_Tetracycline_tet(M),tet(M)
WP_0638563961_FEATURES_NDARO_Tetracycline_tet(M),tet(M)
WP_0638563971_FEATURES_NDARO_Tetracycline_tet(M),tet(M)
WP_0638563981_FEATURES_NDARO_Tetracycline_tet(M),tet(M)
WP_0638563991_FEATURES_NDARO_Tetracycline_tet(M),tet(M)
WP_0638564001_FEATURES_NDARO_Tetracycline_tet(M),tet(M)
WP_0638564011_FEATURES_NDARO_Tetracycline_tet(M),tet(M)
WP_0638564021_FEATURES_NDARO_Tetracycline_tet(M),tet(M)
WP_0638564031_FEATURES_NDARO_Tetracycline_tet(M),tet(M)
WP_0638564041_FEATURES_NDARO_Tetracycline_tet(O),tet(O)
WP_0638564051_FEATURES_NDARO_Tetracycline_tet(O),tet(O)
WP_0638564061_FEATURES_NDARO_Tetracycline_tet(O),tet(O)
WP_0638564071_FEATURES_NDARO_Tetracycline_tet(Q),tet(Q)
WP_0638564081_FEATURES_NDARO_Tetracycline_tet(Q),tet(Q)
WP_0638564091_FEATURES_NDARO_Tetracycline_tet(Q),tet(Q)
WP_0638564111_FEATURES_NDARO_Tetracycline_tet(S),tet(S)
WP_0638564121_FEATURES_NDARO_Tetracycline_tet(T),tet(T)
WP_0638564131_FEATURES_NDARO_Tetracycline_tet(T),tet(T)
WP_0638564141_FEATURES_NDARO_Tetracycline_tet(W),tet(W)
WP_0638564151_FEATURES_NDARO_Tetracycline_tet(W),tet(W)
WP_0638564161_FEATURES_NDARO_Tetracycline_tet(W),tet(W)
WP_0638564171_FEATURES_NDARO_Tetracycline_tet(W),tet(W)
WP_0638564181_FEATURES_NDARO_Tetracycline_tet(W),tet(W)
WP_0638564191_FEATURES_NDARO_Tetracycline_tet(O_W_32_O),tet(O/W/32/O)
WP_0638564201_FEATURES_NDARO_Tetracycline_tet(O_W_32_O),tet(O/W/32/O)
WP_0638564211_FEATURES_NDARO_Tetracycline_tet(O_W_O),tet(O/W/O)
WP_0638564221_FEATURES_NDARO_Tetracycline_tet(W),tet(W)
WP_0638564231_FEATURES_NDARO_Tetracycline_tet(W),tet(W)
WP_0638564241_FEATURES_NDARO_Tetracycline_tet(W),tet(W)
WP_0638564251_FEATURES_NDARO_Tetracycline_tet(W),tet(W)
WP_0638564361_FEATURES_NDARO_Tetracycline_tet(X2),tet(X2)
WP_0638564441_FEATURES_NDARO_Tetracycline_tet(X5),tet(X5)
WP_0638564591_FEATURES_NDARO_Tetracycline_tet(Y),tet(Y)
WP_0638564691_FEATURES_NDARO_Tetracycline_tetA(46),tetA(46)
WP_0638564901_FEATURES_NDARO_Bleomycin_tlmB,tlmB
WP_0638564911_FEATURES_NDARO_Macrolide_tlr(C),tlr(C)
WP_0638564921_FEATURES_NDARO_Thiostrepton_tsnR,tsnR
WP_0638565161_FEATURES_NDARO_Glycopeptide_vanA,vanA
WP_0638565211_FEATURES_NDARO_Glycopeptide_vanA,vanA
WP_0638565261_FEATURES_NDARO_Glycopeptide_vanA-Pa,vanA-Pa
WP_0638565311_FEATURES_NDARO_Glycopeptide_vanA-Pt,vanA-Pt
WP_0638565361_FEATURES_NDARO_Glycopeptide_vanA-Pt2,vanA-Pt2
WP_0638565591_FEATURES_NDARO_Glycopeptide_vanB,vanB
WP_0638565651_FEATURES_NDARO_Glycopeptide_vanB,vanB
WP_0638565801_FEATURES_NDARO_Glycopeptide_vanB,vanB
WP_0638565901_FEATURES_NDARO_Glycopeptide_vanB,vanB
WP_0638565931_FEATURES_NDARO_Glycopeptide_vanB,vanB
WP_0638565971_FEATURES_NDARO_Glycopeptide_vanB,vanB
WP_0638566251_FEATURES_NDARO_Glycopeptide_vanB,vanB
WP_0638566351_FEATURES_NDARO_Glycopeptide_vanC2_3,vanC2/3
WP_0638566451_FEATURES_NDARO_Glycopeptide_vanC1,vanC1
WP_0638566521_FEATURES_NDARO_Glycopeptide_vanC2_3,vanC2/3
WP_0638566571_FEATURES_NDARO_Glycopeptide_vanC2_3,vanC2/3
WP_0638566661_FEATURES_NDARO_Glycopeptide_vanC2_3,vanC2/3
WP_0638566701_FEATURES_NDARO_Glycopeptide_vanC2_3,vanC2/3
WP_0638566781_FEATURES_NDARO_Glycopeptide_vanC2_3,vanC2/3
WP_0638566811_FEATURES_NDARO_Glycopeptide_vanC2_3,vanC2/3
WP_0638566861_FEATURES_NDARO_Glycopeptide_vanC1,vanC1
WP_0638566871_FEATURES_NDARO_Glycopeptide_vanC1,vanC1
WP_0638566881_FEATURES_NDARO_Glycopeptide_vanC1,vanC1
WP_0638566891_FEATURES_NDARO_Glycopeptide_vanD,vanD
WP_0638566901_FEATURES_NDARO_Glycopeptide_vanD,vanD
WP_0638566911_FEATURES_NDARO_Glycopeptide_vanD,vanD
WP_0638566921_FEATURES_NDARO_Glycopeptide_vanD,vanD
WP_0638566931_FEATURES_NDARO_Glycopeptide_vanD,vanD
WP_0638566941_FEATURES_NDARO_Glycopeptide_vanE,vanE
WP_0638566951_FEATURES_NDARO_Glycopeptide_vanG,vanG
WP_0638566961_FEATURES_NDARO_Glycopeptide_vanG2,vanG2
WP_0638566971_FEATURES_NDARO_Glycopeptide_vanH-A,vanH-A
WP_0638566981_FEATURES_NDARO_Glycopeptide_vanH-Ac1,vanH-Ac1
WP_0638566991_FEATURES_NDARO_Glycopeptide_vanH-Ao1,vanH-Ao1
WP_0638567001_FEATURES_NDARO_Glycopeptide_vanH-Ao2,vanH-Ao2
WP_0638567011_FEATURES_NDARO_Glycopeptide_vanH-B,vanH-B
WP_0638567021_FEATURES_NDARO_Glycopeptide_vanH-D,vanH-D
WP_0638567031_FEATURES_NDARO_Glycopeptide_vanH-D,vanH-D
WP_0638567041_FEATURES_NDARO_Glycopeptide_vanH-D,vanH-D
WP_0638567051_FEATURES_NDARO_Glycopeptide_vanH-D,vanH-D
WP_0638567061_FEATURES_NDARO_Glycopeptide_vanH-M,vanH-M
WP_0638567071_FEATURES_NDARO_Glycopeptide_vanH-O,vanH-O
WP_0638567081_FEATURES_NDARO_Glycopeptide_vanH-Pt,vanH-Pt
WP_0638567091_FEATURES_NDARO_Glycopeptide_vanH,vanH
WP_0638567101_FEATURES_NDARO_Glycopeptide_vanH-Pt2,vanH-Pt2
WP_0638567111_FEATURES_NDARO_Glycopeptide_vanL,vanL
WP_0638567121_FEATURES_NDARO_Glycopeptide_vanM,vanM
WP_0638567131_FEATURES_NDARO_Glycopeptide_vanN,vanN
WP_0638567141_FEATURES_NDARO_Glycopeptide_vanO,vanO
WP_0638567151_FEATURES_NDARO_Glycopeptide_vanR-D,vanR-D
WP_0638567161_FEATURES_NDARO_Glycopeptide_vanR-A,vanR-A
WP_0638567181_FEATURES_NDARO_Glycopeptide_vanR-E,vanR-E
WP_0638567191_FEATURES_NDARO_Glycopeptide_vanR-B,vanR-B
WP_0638567201_FEATURES_NDARO_Glycopeptide_vanR-A,vanR-A
WP_0638567211_FEATURES_NDARO_Glycopeptide_vanR-A,vanR-A
WP_0638567221_FEATURES_NDARO_Glycopeptide_vanR-D,vanR-D
WP_0638567231_FEATURES_NDARO_Glycopeptide_vanR-B,vanR-B
WP_0638567241_FEATURES_NDARO_Glycopeptide_vanR-L,vanR-L
WP_0638567251_FEATURES_NDARO_Glycopeptide_vanR-C,vanR-C
WP_0638567261_FEATURES_NDARO_Glycopeptide_vanR-M,vanR-M
WP_0638567271_FEATURES_NDARO_Glycopeptide_vanR-D,vanR-D
WP_0638567281_FEATURES_NDARO_Glycopeptide_vanR-N,vanR-N
WP_0638567291_FEATURES_NDARO_Glycopeptide_vanR-O,vanR-O
WP_0638567301_FEATURES_NDARO_Glycopeptide_vanS-D,vanS-D
WP_0638567311_FEATURES_NDARO_Glycopeptide_vanS-A,vanS-A
WP_0638567321_FEATURES_NDARO_Glycopeptide_vanS-G,vanS-G
WP_0638567331_FEATURES_NDARO_Glycopeptide_vanS-C,vanS-C
WP_0638567341_FEATURES_NDARO_Glycopeptide_vanS-E,vanS-E
WP_0638567371_FEATURES_NDARO_Glycopeptide_vanS-B-Delta,vanS-B-Delta
WP_0638567381_FEATURES_NDARO_Glycopeptide_vanS-D,vanS-D
WP_0638567391_FEATURES_NDARO_Glycopeptide_vanS-B,vanS-B
WP_0638567401_FEATURES_NDARO_Glycopeptide_vanS-Pt2,vanS-Pt2
WP_0638567411_FEATURES_NDARO_Glycopeptide_vanS-Pt,vanS-Pt
WP_0638567421_FEATURES_NDARO_Glycopeptide_vanS-Pt,vanS-Pt
WP_0638567431_FEATURES_NDARO_Glycopeptide_vanS-C,vanS-C
WP_0638567441_FEATURES_NDARO_Glycopeptide_vanS-D,vanS-D
WP_0638567451_FEATURES_NDARO_Glycopeptide_vanS-L,vanS-L
WP_0638567481_FEATURES_NDARO_Glycopeptide_vanS-M,vanS-M
WP_0638567491_FEATURES_NDARO_Glycopeptide_vanS-N,vanS-N
WP_0638567511_FEATURES_NDARO_Glycopeptide_vanS-B,vanS-B
WP_0638567521_FEATURES_NDARO_Glycopeptide_vanT-G,vanT-G
WP_0638567531_FEATURES_NDARO_Glycopeptide_vanT-E,vanT-E
WP_0638567541_FEATURES_NDARO_Glycopeptide_vanT-C,vanT-C
WP_0638567551_FEATURES_NDARO_Glycopeptide_vanT-C,vanT-C
WP_0638567561_FEATURES_NDARO_Glycopeptide_vanT-C,vanT-C
WP_0638567571_FEATURES_NDARO_Glycopeptide_vanT-N,vanT-N
WP_0638567581_FEATURES_NDARO_Glycopeptide_vanTc2,vanTc2
WP_0638567591_FEATURES_NDARO_Glycopeptide_vanTc3,vanTc3
WP_0638567601_FEATURES_NDARO_Glycopeptide_vanTm-L,vanTm-L
WP_0638567611_FEATURES_NDARO_Glycopeptide_vanTr-L,vanTr-L
WP_0638567621_FEATURES_NDARO_Glycopeptide_vanW-G,vanW-G
WP_0638567631_FEATURES_NDARO_Glycopeptide_vanW-B,vanW-B
WP_0638567641_FEATURES_NDARO_Glycopeptide_vanW-Pt,vanW-Pt
WP_0638567651_FEATURES_NDARO_Glycopeptide_vanW-B,vanW-B
WP_0638567661_FEATURES_NDARO_Glycopeptide_vanW-B,vanW-B
WP_0638567671_FEATURES_NDARO_Glycopeptide_vanX-A,vanX-A
WP_0638567681_FEATURES_NDARO_Glycopeptide_vanX-Ac1,vanX-Ac1
WP_0638567691_FEATURES_NDARO_Glycopeptide_vanX-Ao1,vanX-Ao1
WP_0638567701_FEATURES_NDARO_Glycopeptide_vanX-B,vanX-B
WP_0638567711_FEATURES_NDARO_Glycopeptide_vanX-B,vanX-B
WP_0638567721_FEATURES_NDARO_Glycopeptide_vanX-B,vanX-B
WP_0638567731_FEATURES_NDARO_Glycopeptide_vanX-D,vanX-D
WP_0638567741_FEATURES_NDARO_Glycopeptide_vanX-D,vanX-D
WP_0638567751_FEATURES_NDARO_Glycopeptide_vanX-D,vanX-D
WP_0638567761_FEATURES_NDARO_Glycopeptide_vanX-D,vanX-D
WP_0638567771_FEATURES_NDARO_Glycopeptide_vanX-M,vanX-M
WP_0638567781_FEATURES_NDARO_Glycopeptide_vanX-O,vanX-O
WP_0638567791_FEATURES_NDARO_Glycopeptide_vanX-Pt,vanX-Pt
WP_0638567801_FEATURES_NDARO_Glycopeptide_vanX-Pt,vanX-Pt
WP_0638567811_FEATURES_NDARO_Glycopeptide_vanX-Pt,vanX-Pt
WP_0638567821_FEATURES_NDARO_Glycopeptide_vanXY-G,vanXY-G
WP_0638567831_FEATURES_NDARO_Glycopeptide_vanXY-G2,vanXY-G2
WP_0638567881_FEATURES_NDARO_Glycopeptide_vanXY-C,vanXY-C
WP_0638567951_FEATURES_NDARO_Glycopeptide_vanXY-c4,vanXY-c4
WP_0638567991_FEATURES_NDARO_Glycopeptide_vanXY-c4,vanXY-c4
WP_0638568051_FEATURES_NDARO_Glycopeptide_vanXY-C,vanXY-C
WP_0638568131_FEATURES_NDARO_Glycopeptide_vanXY-E,vanXY-E
WP_0638568171_FEATURES_NDARO_Glycopeptide_vanXY-L,vanXY-L
WP_0638568201_FEATURES_NDARO_Glycopeptide_vanXY-N,vanXY-N
WP_0638568251_FEATURES_NDARO_Glycopeptide_vanY-N,vanY-N
WP_0638568411_FEATURES_NDARO_Glycopeptide_vanY-A,vanY-A
WP_0638568541_FEATURES_NDARO_Glycopeptide_vanY-D,vanY-D
WP_0638568621_FEATURES_NDARO_Glycopeptide_vanY-D,vanY-D
WP_0638568711_FEATURES_NDARO_Glycopeptide_vanY-D,vanY-D
WP_0638568811_FEATURES_NDARO_Glycopeptide_vanY-D,vanY-D
WP_0638568941_FEATURES_NDARO_Glycopeptide_vanY-G,vanY-G
WP_0638569101_FEATURES_NDARO_Glycopeptide_vanY-Pt,vanY-Pt
WP_0638569161_FEATURES_NDARO_Glycopeptide_vanY-Pt,vanY-Pt
WP_0638569201_FEATURES_NDARO_Glycopeptide_vanY-Pt,vanY-Pt
WP_0638569251_FEATURES_NDARO_Glycopeptide_vanZ-A,vanZ-A
WP_0638569271_FEATURES_NDARO_Glycopeptide_vanZ-Pt,vanZ-Pt
WP_0638569291_FEATURES_NDARO_Streptogramin_vat(E),vat(E)
WP_0638569301_FEATURES_NDARO_Streptogramin_vat(E),vat(E)
WP_0638569311_FEATURES_NDARO_Streptogramin_vat(E),vat(E)
WP_0638569321_FEATURES_NDARO_Streptogramin_vat(E),vat(E)
WP_0638569331_FEATURES_NDARO_Streptogramin_vat(E),vat(E)
WP_0638569341_FEATURES_NDARO_Streptogramin_vat(E),vat(E)
WP_0638569351_FEATURES_NDARO_Streptogramin_vat(H),vat(H)
WP_0638569361_FEATURES_NDARO_Lincosamide_vga(A),vga(A)
WP_0638569371_FEATURES_NDARO_Lincosamide_vga(A),vga(A)
WP_0638569381_FEATURES_NDARO_Lincosamide_vga(D),vga(D)
WP_0638569391_FEATURES_NDARO_Streptogramin_vgb(A),vgb(A)
WP_0638569411_FEATURES_NDARO_Bleomycin_zbmA,zbmA
WP_0638569421_FEATURES_NDARO_Aminoglycoside_aac(3)-If,aac(3)-If
WP_0638569431_FEATURES_NDARO_Aminoglycoside_aac(3)-VIIIa,aac(3)-VIIIa
WP_0638576931_FEATURES_NDARO_Aminoglycoside_aadA8,aadA8
WP_0638576941_FEATURES_NDARO_Rifamycin_arr-6,arr-6
WP_0638576951_FEATURES_NDARO_Rifamycin_arr-8,arr-8
WP_0638576961_FEATURES_NDARO_Beta-Lactam_blaCPS-1,blaCPS-1
WP_0638576971_FEATURES_NDARO_Beta-Lactam_blaACC-1b,blaACC-1b
WP_0638576981_FEATURES_NDARO_Beta-Lactam_blaACC-1c,blaACC-1c
WP_0638577021_FEATURES_NDARO_Beta-Lactam_blaACC-2,blaACC-2
WP_0638577081_FEATURES_NDARO_Beta-Lactam_blaACC-4,blaACC-4
WP_0638577271_FEATURES_NDARO_Beta-Lactam_blaACT-1,blaACT-1
WP_0638577301_FEATURES_NDARO_Beta-Lactam_blaACT-10,blaACT-10
WP_0638577351_FEATURES_NDARO_Beta-Lactam_blaACT-13,blaACT-13
WP_0638577681_FEATURES_NDARO_Beta-Lactam_blaACT-18,blaACT-18
WP_0638577691_FEATURES_NDARO_Beta-Lactam_blaACT-20,blaACT-20
WP_0638577701_FEATURES_NDARO_Beta-Lactam_blaACT-21,blaACT-21
WP_0638577711_FEATURES_NDARO_Beta-Lactam_blaACT-22,blaACT-22
WP_0638577721_FEATURES_NDARO_Beta-Lactam_blaACT-29,blaACT-29
WP_0638577731_FEATURES_NDARO_Beta-Lactam_blaACT-3,blaACT-3
WP_0638577741_FEATURES_NDARO_Beta-Lactam_blaACT-30,blaACT-30
WP_0638577751_FEATURES_NDARO_Beta-Lactam_blaACT-31,blaACT-31
WP_0638577761_FEATURES_NDARO_Beta-Lactam_blaACT-32,blaACT-32
WP_0638577771_FEATURES_NDARO_Beta-Lactam_blaACT-33,blaACT-33
WP_0638577781_FEATURES_NDARO_Beta-Lactam_blaACT-34,blaACT-34
WP_0638577791_FEATURES_NDARO_Beta-Lactam_blaACT-35,blaACT-35
WP_0638577801_FEATURES_NDARO_Beta-Lactam_blaACT-36,blaACT-36
WP_0638577811_FEATURES_NDARO_Beta-Lactam_blaACT-38,blaACT-38
WP_0638577821_FEATURES_NDARO_Beta-Lactam_blaACT-39,blaACT-39
WP_0638577831_FEATURES_NDARO_Beta-Lactam_blaACT-5,blaACT-5
WP_0638577841_FEATURES_NDARO_Beta-Lactam_blaACT-7,blaACT-7
WP_0638577851_FEATURES_NDARO_Beta-Lactam_blaACT-8,blaACT-8
WP_0638577861_FEATURES_NDARO_Beta-Lactam_blaADC-10,blaADC-10
WP_0638577871_FEATURES_NDARO_Beta-Lactam_blaADC-12,blaADC-12
WP_0638577881_FEATURES_NDARO_Beta-Lactam_blaADC-13,blaADC-13
WP_0638577891_FEATURES_NDARO_Beta-Lactam_blaADC-14,blaADC-14
WP_0638577901_FEATURES_NDARO_Beta-Lactam_blaADC-15,blaADC-15
WP_0638577911_FEATURES_NDARO_Beta-Lactam_blaADC-16,blaADC-16
WP_0638577921_FEATURES_NDARO_Beta-Lactam_blaADC-17,blaADC-17
WP_0638577931_FEATURES_NDARO_Beta-Lactam_blaADC-19,blaADC-19
WP_0638577941_FEATURES_NDARO_Beta-Lactam_blaADC-20,blaADC-20
WP_0638577951_FEATURES_NDARO_Beta-Lactam_blaADC-21,blaADC-21
WP_0638577961_FEATURES_NDARO_Beta-Lactam_blaADC-22,blaADC-22
WP_0638577971_FEATURES_NDARO_Beta-Lactam_blaADC-23,blaADC-23
WP_0638577981_FEATURES_NDARO_Beta-Lactam_blaADC-3,blaADC-3
WP_0638577991_FEATURES_NDARO_Beta-Lactam_blaADC-38,blaADC-38
WP_0638578001_FEATURES_NDARO_Beta-Lactam_blaADC-39,blaADC-39
WP_0638578011_FEATURES_NDARO_Beta-Lactam_blaADC-4,blaADC-4
WP_0638578021_FEATURES_NDARO_Beta-Lactam_blaADC-41,blaADC-41
WP_0638578031_FEATURES_NDARO_Beta-Lactam_blaADC-42,blaADC-42
WP_0638578041_FEATURES_NDARO_Beta-Lactam_blaADC-44,blaADC-44
WP_0638578051_FEATURES_NDARO_Beta-Lactam_blaADC-51,blaADC-51
WP_0638578061_FEATURES_NDARO_Beta-Lactam_blaADC-53,blaADC-53
WP_0638578071_FEATURES_NDARO_Beta-Lactam_blaADC-54,blaADC-54
WP_0638578081_FEATURES_NDARO_Beta-Lactam_blaADC-58,blaADC-58
WP_0638578091_FEATURES_NDARO_Beta-Lactam_blaADC-59,blaADC-59
WP_0638578101_FEATURES_NDARO_Beta-Lactam_blaADC-60,blaADC-60
WP_0638578111_FEATURES_NDARO_Beta-Lactam_blaADC-62,blaADC-62
WP_0638578121_FEATURES_NDARO_Beta-Lactam_blaADC-63,blaADC-63
WP_0638578141_FEATURES_NDARO_Beta-Lactam_blaADC-67,blaADC-67
WP_0638578151_FEATURES_NDARO_Beta-Lactam_blaADC-68,blaADC-68
WP_0638578161_FEATURES_NDARO_Beta-Lactam_blaADC-7,blaADC-7
WP_0638578171_FEATURES_NDARO_Beta-Lactam_blaADC-75,blaADC-75
WP_0638578181_FEATURES_NDARO_Beta-Lactam_blaADC-77,blaADC-77
WP_0638578191_FEATURES_NDARO_Beta-Lactam_blaAER-1,blaAER-1
WP_0638578201_FEATURES_NDARO_Beta-Lactam_blaAIM-1,blaAIM-1
WP_0638578211_FEATURES_NDARO_Beta-Lactam_blaAST-1,blaAST-1
WP_0638578231_FEATURES_NDARO_Beta-Lactam_blaB-11,blaB-11
WP_0638578241_FEATURES_NDARO_Beta-Lactam_blaB-12,blaB-12
WP_0638578251_FEATURES_NDARO_Beta-Lactam_blaB-13,blaB-13
WP_0638578261_FEATURES_NDARO_Beta-Lactam_blaB-2,blaB-2
WP_0638578271_FEATURES_NDARO_Beta-Lactam_blaB-3,blaB-3
WP_0638578281_FEATURES_NDARO_Beta-Lactam_blaB-5,blaB-5
WP_0638578301_FEATURES_NDARO_Beta-Lactam_blaBEL-1,blaBEL-1
WP_0638578311_FEATURES_NDARO_Beta-Lactam_blaBEL-2,blaBEL-2
WP_0638578321_FEATURES_NDARO_Beta-Lactam_blaBEL-3,blaBEL-3
WP_0638578331_FEATURES_NDARO_Beta-Lactam_blaBIC-1,blaBIC-1
WP_0638578341_FEATURES_NDARO_Beta-Lactam_blaBKC-1,blaBKC-1
WP_0638578351_FEATURES_NDARO_Beta-Lactam_blaCARB-1,blaCARB-1
WP_0638578361_FEATURES_NDARO_Beta-Lactam_blaCARB-10,blaCARB-10
WP_0638578381_FEATURES_NDARO_Beta-Lactam_blaCARB-11,blaCARB-11
WP_0638578391_FEATURES_NDARO_Beta-Lactam_blaCARB-12,blaCARB-12
WP_0638578431_FEATURES_NDARO_Beta-Lactam_blaCARB-14,blaCARB-14
WP_0638578701_FEATURES_NDARO_Beta-Lactam_blaCARB-19,blaCARB-19
WP_0638591051_FEATURES_NDARO_Beta-Lactam_blaCARB-3,blaCARB-3
WP_0638593411_FEATURES_NDARO_Beta-Lactam_blaCARB-5,blaCARB-5
WP_0638593481_FEATURES_NDARO_Beta-Lactam_blaCARB-6,blaCARB-6
WP_0638593631_FEATURES_NDARO_Beta-Lactam_blaCARB-8,blaCARB-8
WP_0638593901_FEATURES_NDARO_Beta-Lactam_blaCAU-1,blaCAU-1
WP_0638594651_FEATURES_NDARO_Beta-Lactam_blaCIA-2,blaCIA-2
WP_0638594781_FEATURES_NDARO_Beta-Lactam_blaCIA-3,blaCIA-3
WP_0638595421_FEATURES_NDARO_Beta-Lactam_blaCKO-1,blaCKO-1
WP_0638595701_FEATURES_NDARO_Beta-Lactam_blaCME-2,blaCME-2
WP_0638595801_FEATURES_NDARO_Beta-Lactam_blaCMH-1,blaCMH-1
WP_0638595881_FEATURES_NDARO_Beta-Lactam_blaCMH-2,blaCMH-2
WP_0638596131_FEATURES_NDARO_Beta-Lactam_blaCMY-100,blaCMY-100
WP_0638596251_FEATURES_NDARO_Beta-Lactam_blaCMY-102,blaCMY-102
WP_0638596321_FEATURES_NDARO_Beta-Lactam_blaCMY-103,blaCMY-103
WP_0638596401_FEATURES_NDARO_Beta-Lactam_blaCMY-104,blaCMY-104
WP_0638596471_FEATURES_NDARO_Beta-Lactam_blaCMY-105,blaCMY-105
WP_0638596541_FEATURES_NDARO_Beta-Lactam_blaCMY-106,blaCMY-106
WP_0638596731_FEATURES_NDARO_Beta-Lactam_blaCMY-108,blaCMY-108
WP_0638596881_FEATURES_NDARO_Beta-Lactam_blaCMY-110,blaCMY-110
WP_0638596981_FEATURES_NDARO_Beta-Lactam_blaCMY-111,blaCMY-111
WP_0638597021_FEATURES_NDARO_Beta-Lactam_blaCMY-112,blaCMY-112
WP_0638597041_FEATURES_NDARO_Beta-Lactam_blaCMY-113,blaCMY-113
WP_0638597101_FEATURES_NDARO_Beta-Lactam_blaCMY-114,blaCMY-114
WP_0638597131_FEATURES_NDARO_Beta-Lactam_blaCMY-115,blaCMY-115
WP_0638597181_FEATURES_NDARO_Beta-Lactam_blaCMY-116,blaCMY-116
WP_0638597221_FEATURES_NDARO_Beta-Lactam_blaCMY-117,blaCMY-117
WP_0638597281_FEATURES_NDARO_Beta-Lactam_blaCMY-118,blaCMY-118
WP_0638597341_FEATURES_NDARO_Beta-Lactam_blaCMY-119,blaCMY-119
WP_0638597431_FEATURES_NDARO_Beta-Lactam_blaCMY-12,blaCMY-12
WP_0638597501_FEATURES_NDARO_Beta-Lactam_blaCMY-121,blaCMY-121
WP_0638597571_FEATURES_NDARO_Beta-Lactam_blaCMY-122,blaCMY-122
WP_0638597631_FEATURES_NDARO_Beta-Lactam_blaCMY-124,blaCMY-124
WP_0638597681_FEATURES_NDARO_Beta-Lactam_blaCMY-125,blaCMY-125
WP_0638597701_FEATURES_NDARO_Beta-Lactam_blaCMY-127,blaCMY-127
WP_0638597721_FEATURES_NDARO_Beta-Lactam_blaCMY-128,blaCMY-128
WP_0638597771_FEATURES_NDARO_Beta-Lactam_blaCMY-129,blaCMY-129
WP_0638597841_FEATURES_NDARO_Beta-Lactam_blaCMY-130,blaCMY-130
WP_0638597881_FEATURES_NDARO_Beta-Lactam_blaCMY-131,blaCMY-131
WP_0638597931_FEATURES_NDARO_Beta-Lactam_blaCMY-132,blaCMY-132
WP_0638597981_FEATURES_NDARO_Beta-Lactam_blaCMY-133,blaCMY-133
WP_0638598021_FEATURES_NDARO_Beta-Lactam_blaCMY-134,blaCMY-134
WP_0638598091_FEATURES_NDARO_Beta-Lactam_blaCMY-135,blaCMY-135
WP_0638598141_FEATURES_NDARO_Beta-Lactam_blaCMY-138,blaCMY-138
WP_0638598151_FEATURES_NDARO_Beta-Lactam_blaCMY-139,blaCMY-139
WP_0638598161_FEATURES_NDARO_Beta-Lactam_blaCMY-14,blaCMY-14
WP_0638598171_FEATURES_NDARO_Beta-Lactam_blaCMY-15,blaCMY-15
WP_0638598181_FEATURES_NDARO_Beta-Lactam_blaCMY-17,blaCMY-17
WP_0638598241_FEATURES_NDARO_Beta-Lactam_blaCMY-18,blaCMY-18
WP_0638598261_FEATURES_NDARO_Beta-Lactam_blaCMY-19,blaCMY-19
WP_0638598271_FEATURES_NDARO_Beta-Lactam_blaCMY-20,blaCMY-20
WP_0638598281_FEATURES_NDARO_Beta-Lactam_blaCMY-21,blaCMY-21
WP_0638598291_FEATURES_NDARO_Beta-Lactam_blaCMY-22,blaCMY-22
WP_0638598301_FEATURES_NDARO_Beta-Lactam_blaCMY-26,blaCMY-26
WP_0638598311_FEATURES_NDARO_Beta-Lactam_blaCMY-27,blaCMY-27
WP_0638598321_FEATURES_NDARO_Beta-Lactam_blaCMY-28,blaCMY-28
WP_0638598331_FEATURES_NDARO_Beta-Lactam_blaCMY-29,blaCMY-29
WP_0638598341_FEATURES_NDARO_Beta-Lactam_blaCMY-32,blaCMY-32
WP_0638598351_FEATURES_NDARO_Beta-Lactam_blaCMY-33,blaCMY-33
WP_0638598361_FEATURES_NDARO_Beta-Lactam_blaCMY-34,blaCMY-34
WP_0638598371_FEATURES_NDARO_Beta-Lactam_blaCMY-35,blaCMY-35
WP_0638598381_FEATURES_NDARO_Beta-Lactam_blaCMY-37,blaCMY-37
WP_0638598391_FEATURES_NDARO_Beta-Lactam_blaCMY-39,blaCMY-39
WP_0638598401_FEATURES_NDARO_Beta-Lactam_blaCMY-40,blaCMY-40
WP_0638598411_FEATURES_NDARO_Beta-Lactam_blaCMY-43,blaCMY-43
WP_0638598421_FEATURES_NDARO_Beta-Lactam_blaCMY-44,blaCMY-44
WP_0638598431_FEATURES_NDARO_Beta-Lactam_blaCMY-45,blaCMY-45
WP_0638598441_FEATURES_NDARO_Beta-Lactam_blaCMY-46,blaCMY-46
WP_0638598451_FEATURES_NDARO_Beta-Lactam_blaCMY-47,blaCMY-47
WP_0638598461_FEATURES_NDARO_Beta-Lactam_blaCMY-50,blaCMY-50
WP_0638598471_FEATURES_NDARO_Beta-Lactam_blaCMY-51,blaCMY-51
WP_0638598481_FEATURES_NDARO_Beta-Lactam_blaCMY-54,blaCMY-54
WP_0638598491_FEATURES_NDARO_Beta-Lactam_blaCMY-55,blaCMY-55
WP_0638598501_FEATURES_NDARO_Beta-Lactam_blaCMY-56,blaCMY-56
WP_0638598511_FEATURES_NDARO_Beta-Lactam_blaCMY-57,blaCMY-57
WP_0638598521_FEATURES_NDARO_Beta-Lactam_blaCMY-59,blaCMY-59
WP_0638598531_FEATURES_NDARO_Beta-Lactam_blaCMY-60,blaCMY-60
WP_0638598541_FEATURES_NDARO_Beta-Lactam_blaCMY-61,blaCMY-61
WP_0638598551_FEATURES_NDARO_Beta-Lactam_blaCMY-62,blaCMY-62
WP_0638598561_FEATURES_NDARO_Beta-Lactam_blaCMY-63,blaCMY-63
WP_0638598571_FEATURES_NDARO_Beta-Lactam_blaCMY-64,blaCMY-64
WP_0638598581_FEATURES_NDARO_Beta-Lactam_blaCMY-66,blaCMY-66
WP_0638598591_FEATURES_NDARO_Beta-Lactam_blaCMY-67,blaCMY-67
WP_0638598601_FEATURES_NDARO_Beta-Lactam_blaCMY-68,blaCMY-68
WP_0638598611_FEATURES_NDARO_Beta-Lactam_blaCMY-69,blaCMY-69
WP_0638598621_FEATURES_NDARO_Beta-Lactam_blaCMY-71,blaCMY-71
WP_0638598631_FEATURES_NDARO_Beta-Lactam_blaCMY-73,blaCMY-73
WP_0638598641_FEATURES_NDARO_Beta-Lactam_blaCMY-74,blaCMY-74
WP_0638598651_FEATURES_NDARO_Beta-Lactam_blaCMY-75,blaCMY-75
WP_0638598661_FEATURES_NDARO_Beta-Lactam_blaCMY-76,blaCMY-76
WP_0638598671_FEATURES_NDARO_Beta-Lactam_blaCMY-77,blaCMY-77
WP_0638598681_FEATURES_NDARO_Beta-Lactam_blaCMY-78,blaCMY-78
WP_0638598691_FEATURES_NDARO_Beta-Lactam_blaCMY-79,blaCMY-79
WP_0638598701_FEATURES_NDARO_Beta-Lactam_blaCMY-80,blaCMY-80
WP_0638598711_FEATURES_NDARO_Beta-Lactam_blaCMY-81,blaCMY-81
WP_0638598721_FEATURES_NDARO_Beta-Lactam_blaCMY-82,blaCMY-82
WP_0638598731_FEATURES_NDARO_Beta-Lactam_blaCMY-83,blaCMY-83
WP_0638598771_FEATURES_NDARO_Beta-Lactam_blaCMY-85,blaCMY-85
WP_0638598881_FEATURES_NDARO_Beta-Lactam_blaCMY-87,blaCMY-87
WP_0638598911_FEATURES_NDARO_Beta-Lactam_blaCMY-89,blaCMY-89
WP_0638598971_FEATURES_NDARO_Beta-Lactam_blaCMY-8b,blaCMY-8b
WP_0638599091_FEATURES_NDARO_Beta-Lactam_blaCMY-90,blaCMY-90
WP_0638599141_FEATURES_NDARO_Beta-Lactam_blaCMY-93,blaCMY-93
WP_0638599151_FEATURES_NDARO_Beta-Lactam_blaCMY-94,blaCMY-94
WP_0638599161_FEATURES_NDARO_Beta-Lactam_blaCMY-95,blaCMY-95
WP_0638599171_FEATURES_NDARO_Beta-Lactam_blaCMY-96,blaCMY-96
WP_0638599181_FEATURES_NDARO_Beta-Lactam_blaCMY-97,blaCMY-97
WP_0638599191_FEATURES_NDARO_Beta-Lactam_blaCMY-99,blaCMY-99
WP_0638599201_FEATURES_NDARO_Beta-Lactam_blaCSP-1,blaCSP-1
WP_0638599211_FEATURES_NDARO_Beta-Lactam_blaCTX-M-101,blaCTX-M-101
WP_0638599221_FEATURES_NDARO_Beta-Lactam_blaCTX-M-102,blaCTX-M-102
WP_0638599231_FEATURES_NDARO_Beta-Lactam_blaCTX-M-103,blaCTX-M-103
WP_0638599241_FEATURES_NDARO_Beta-Lactam_blaCTX-M-110,blaCTX-M-110
WP_0638599251_FEATURES_NDARO_Beta-Lactam_blaCTX-M-111,blaCTX-M-111
WP_0638599261_FEATURES_NDARO_Beta-Lactam_blaCTX-M-112,blaCTX-M-112
WP_0638599271_FEATURES_NDARO_Beta-Lactam_blaCTX-M-113,blaCTX-M-113
WP_0638599281_FEATURES_NDARO_Beta-Lactam_blaCTX-M-114,blaCTX-M-114
WP_0638599321_FEATURES_NDARO_Beta-Lactam_blaCTX-M-122,blaCTX-M-122
WP_0638599451_FEATURES_NDARO_Beta-Lactam_blaCTX-M-124,blaCTX-M-124
WP_0638599461_FEATURES_NDARO_Beta-Lactam_blaCTX-M-125,blaCTX-M-125
WP_0638599471_FEATURES_NDARO_Beta-Lactam_blaCTX-M-126,blaCTX-M-126
WP_0638599481_FEATURES_NDARO_Beta-Lactam_blaCTX-M-129,blaCTX-M-129
WP_0638599491_FEATURES_NDARO_Beta-Lactam_blaCTX-M-130,blaCTX-M-130
WP_0638599501_FEATURES_NDARO_Beta-Lactam_blaCTX-M-131,blaCTX-M-131
WP_0638599511_FEATURES_NDARO_Beta-Lactam_blaCTX-M-132,blaCTX-M-132
WP_0638599521_FEATURES_NDARO_Beta-Lactam_blaCTX-M-134,blaCTX-M-134
WP_0638599531_FEATURES_NDARO_Beta-Lactam_blaCTX-M-136,blaCTX-M-136
WP_0638599541_FEATURES_NDARO_Beta-Lactam_blaCTX-M-137,blaCTX-M-137
WP_0638599551_FEATURES_NDARO_Beta-Lactam_blaCTX-M-139,blaCTX-M-139
WP_0638599561_FEATURES_NDARO_Beta-Lactam_blaCTX-M-141,blaCTX-M-141
WP_0638599571_FEATURES_NDARO_Beta-Lactam_blaCTX-M-142,blaCTX-M-142
WP_0638599581_FEATURES_NDARO_Beta-Lactam_blaCTX-M-147,blaCTX-M-147
WP_0638599591_FEATURES_NDARO_Beta-Lactam_blaCTX-M-150,blaCTX-M-150
WP_0638599601_FEATURES_NDARO_Beta-Lactam_blaCTX-M-151,blaCTX-M-151
WP_0638599621_FEATURES_NDARO_Beta-Lactam_blaCTX-M-155,blaCTX-M-155
WP_0638599631_FEATURES_NDARO_Beta-Lactam_blaCTX-M-156,blaCTX-M-156
WP_0638599641_FEATURES_NDARO_Beta-Lactam_blaCTX-M-157,blaCTX-M-157
WP_0638599651_FEATURES_NDARO_Beta-Lactam_blaCTX-M-158,blaCTX-M-158
WP_0638599661_FEATURES_NDARO_Beta-Lactam_blaCTX-M-159,blaCTX-M-159
WP_0638599671_FEATURES_NDARO_Beta-Lactam_blaCTX-M-16,blaCTX-M-16
WP_0638599681_FEATURES_NDARO_Beta-Lactam_blaCTX-M-160,blaCTX-M-160
WP_0638599691_FEATURES_NDARO_Beta-Lactam_blaCTX-M-161,blaCTX-M-161
WP_0638599701_FEATURES_NDARO_Beta-Lactam_blaCTX-M-162,blaCTX-M-162
WP_0638599711_FEATURES_NDARO_Beta-Lactam_blaCTX-M-163,blaCTX-M-163
WP_0638599721_FEATURES_NDARO_Beta-Lactam_blaCTX-M-164,blaCTX-M-164
WP_0638599731_FEATURES_NDARO_Beta-Lactam_blaCTX-M-166,blaCTX-M-166
WP_0638599741_FEATURES_NDARO_Beta-Lactam_blaCTX-M-167,blaCTX-M-167
WP_0638599751_FEATURES_NDARO_Beta-Lactam_blaCTX-M-168,blaCTX-M-168
WP_0638599761_FEATURES_NDARO_Beta-Lactam_blaCTX-M-169,blaCTX-M-169
WP_0638599841_FEATURES_NDARO_Beta-Lactam_blaCTX-M-170,blaCTX-M-170
WP_0638599931_FEATURES_NDARO_Beta-Lactam_blaCTX-M-172,blaCTX-M-172
WP_0638599981_FEATURES_NDARO_Beta-Lactam_blaCTX-M-173,blaCTX-M-173
WP_0638600051_FEATURES_NDARO_Beta-Lactam_blaCTX-M-174,blaCTX-M-174
WP_0638600091_FEATURES_NDARO_Beta-Lactam_blaCTX-M-175,blaCTX-M-175
WP_0638600141_FEATURES_NDARO_Beta-Lactam_blaCTX-M-176,blaCTX-M-176
WP_0638600191_FEATURES_NDARO_Beta-Lactam_blaCTX-M-177,blaCTX-M-177
WP_0638600251_FEATURES_NDARO_Beta-Lactam_blaCTX-M-179,blaCTX-M-179
WP_0638600341_FEATURES_NDARO_Beta-Lactam_blaCTX-M-180,blaCTX-M-180
WP_0638600351_FEATURES_NDARO_Beta-Lactam_blaCTX-M-181,blaCTX-M-181
WP_0638600361_FEATURES_NDARO_Beta-Lactam_blaCTX-M-182,blaCTX-M-182
WP_0638600371_FEATURES_NDARO_Beta-Lactam_blaCTX-M-19,blaCTX-M-19
WP_0638600381_FEATURES_NDARO_Beta-Lactam_blaCTX-M-20,blaCTX-M-20
WP_0638600391_FEATURES_NDARO_Beta-Lactam_blaCTX-M-21,blaCTX-M-21
WP_0638600401_FEATURES_NDARO_Beta-Lactam_blaCTX-M-23,blaCTX-M-23
WP_0638600411_FEATURES_NDARO_Beta-Lactam_blaCTX-M-26,blaCTX-M-26
WP_0638600421_FEATURES_NDARO_Beta-Lactam_blaCTX-M-28,blaCTX-M-28
WP_0638600431_FEATURES_NDARO_Beta-Lactam_blaCTX-M-29,blaCTX-M-29
WP_0638600441_FEATURES_NDARO_Beta-Lactam_blaCTX-M-31,blaCTX-M-31
WP_0638600451_FEATURES_NDARO_Beta-Lactam_blaCTX-M-34,blaCTX-M-34
WP_0638600461_FEATURES_NDARO_Beta-Lactam_blaCTX-M-35,blaCTX-M-35
WP_0638600471_FEATURES_NDARO_Beta-Lactam_blaCTX-M-36,blaCTX-M-36
WP_0638600481_FEATURES_NDARO_Beta-Lactam_blaCTX-M-37,blaCTX-M-37
WP_0638600491_FEATURES_NDARO_Beta-Lactam_blaCTX-M-38,blaCTX-M-38
WP_0638600501_FEATURES_NDARO_Beta-Lactam_blaCTX-M-40,blaCTX-M-40
WP_0638600511_FEATURES_NDARO_Beta-Lactam_blaCTX-M-41,blaCTX-M-41
WP_0638600521_FEATURES_NDARO_Beta-Lactam_blaCTX-M-42,blaCTX-M-42
WP_0638600531_FEATURES_NDARO_Beta-Lactam_blaCTX-M-43,blaCTX-M-43
WP_0638600541_FEATURES_NDARO_Beta-Lactam_blaCTX-M-44,blaCTX-M-44
WP_0638600551_FEATURES_NDARO_Beta-Lactam_blaCTX-M-46,blaCTX-M-46
WP_0638600561_FEATURES_NDARO_Beta-Lactam_blaCTX-M-47,blaCTX-M-47
WP_0638600571_FEATURES_NDARO_Beta-Lactam_blaCTX-M-48,blaCTX-M-48
WP_0638600581_FEATURES_NDARO_Beta-Lactam_blaCTX-M-49,blaCTX-M-49
WP_0638600591_FEATURES_NDARO_Beta-Lactam_blaCTX-M-50,blaCTX-M-50
WP_0638600601_FEATURES_NDARO_Beta-Lactam_blaCTX-M-51,blaCTX-M-51
WP_0638600611_FEATURES_NDARO_Beta-Lactam_blaCTX-M-52,blaCTX-M-52
WP_0638600621_FEATURES_NDARO_Beta-Lactam_blaCTX-M-54,blaCTX-M-54
WP_0638600631_FEATURES_NDARO_Beta-Lactam_blaCTX-M-56,blaCTX-M-56
WP_0638600641_FEATURES_NDARO_Beta-Lactam_blaCTX-M-58,blaCTX-M-58
WP_0638600651_FEATURES_NDARO_Beta-Lactam_blaCTX-M-59,blaCTX-M-59
WP_0638600661_FEATURES_NDARO_Beta-Lactam_blaCTX-M-60,blaCTX-M-60
WP_0638600671_FEATURES_NDARO_Beta-Lactam_blaCTX-M-61,blaCTX-M-61
WP_0638600681_FEATURES_NDARO_Beta-Lactam_blaCTX-M-63,blaCTX-M-63
WP_0638600691_FEATURES_NDARO_Beta-Lactam_blaCTX-M-68,blaCTX-M-68
WP_0638600701_FEATURES_NDARO_Beta-Lactam_blaCTX-M-69,blaCTX-M-69
WP_0638600711_FEATURES_NDARO_Beta-Lactam_blaCTX-M-70,blaCTX-M-70
WP_0638600721_FEATURES_NDARO_Beta-Lactam_blaCTX-M-73,blaCTX-M-73
WP_0638600731_FEATURES_NDARO_Beta-Lactam_blaCTX-M-74,blaCTX-M-74
WP_0638600741_FEATURES_NDARO_Beta-Lactam_blaCTX-M-75,blaCTX-M-75
WP_0638600751_FEATURES_NDARO_Beta-Lactam_blaCTX-M-76,blaCTX-M-76
WP_0638600761_FEATURES_NDARO_Beta-Lactam_blaCTX-M-77,blaCTX-M-77
WP_0638600771_FEATURES_NDARO_Beta-Lactam_blaCTX-M-78,blaCTX-M-78
WP_0638600781_FEATURES_NDARO_Beta-Lactam_blaCTX-M-79,blaCTX-M-79
WP_0638600791_FEATURES_NDARO_Beta-Lactam_blaCTX-M-80,blaCTX-M-80
WP_0638600801_FEATURES_NDARO_Beta-Lactam_blaCTX-M-81,blaCTX-M-81
WP_0638600811_FEATURES_NDARO_Beta-Lactam_blaCTX-M-82,blaCTX-M-82
WP_0638600821_FEATURES_NDARO_Beta-Lactam_blaCTX-M-83,blaCTX-M-83
WP_0638600831_FEATURES_NDARO_Beta-Lactam_blaCTX-M-84,blaCTX-M-84
WP_0638600841_FEATURES_NDARO_Beta-Lactam_blaCTX-M-85,blaCTX-M-85
WP_0638600851_FEATURES_NDARO_Beta-Lactam_blaCTX-M-86,blaCTX-M-86
WP_0638600861_FEATURES_NDARO_Beta-Lactam_blaCTX-M-88,blaCTX-M-88
WP_0638600871_FEATURES_NDARO_Beta-Lactam_blaCTX-M-89,blaCTX-M-89
WP_0638600881_FEATURES_NDARO_Beta-Lactam_blaCTX-M-90,blaCTX-M-90
WP_0638600891_FEATURES_NDARO_Beta-Lactam_blaCTX-M-91,blaCTX-M-91
WP_0638600901_FEATURES_NDARO_Beta-Lactam_blaCTX-M-92,blaCTX-M-92
WP_0638600911_FEATURES_NDARO_Beta-Lactam_blaCTX-M-94,blaCTX-M-94
WP_0638600921_FEATURES_NDARO_Beta-Lactam_blaCTX-M-95,blaCTX-M-95
WP_0638600931_FEATURES_NDARO_Beta-Lactam_blaCTX-M-97,blaCTX-M-97
WP_0638600941_FEATURES_NDARO_Beta-Lactam_blaCTX-M-99,blaCTX-M-99
WP_0638600951_FEATURES_NDARO_Beta-Lactam_blaDES-1,blaDES-1
WP_0638600961_FEATURES_NDARO_Beta-Lactam_blaDHA-10,blaDHA-10
WP_0638600971_FEATURES_NDARO_Beta-Lactam_blaDHA-14,blaDHA-14
WP_0638600981_FEATURES_NDARO_Beta-Lactam_blaDHA-15,blaDHA-15
WP_0638600991_FEATURES_NDARO_Beta-Lactam_blaDHA-16,blaDHA-16
WP_0638601001_FEATURES_NDARO_Beta-Lactam_blaDHA-17,blaDHA-17
WP_0638601011_FEATURES_NDARO_Beta-Lactam_blaDHA-18,blaDHA-18
WP_0638601021_FEATURES_NDARO_Beta-Lactam_blaDHA-19,blaDHA-19
WP_0638601031_FEATURES_NDARO_Beta-Lactam_blaDHA-2,blaDHA-2
WP_0638601041_FEATURES_NDARO_Beta-Lactam_blaDHA-20,blaDHA-20
WP_0638601051_FEATURES_NDARO_Beta-Lactam_blaDHA-21,blaDHA-21
WP_0638601081_FEATURES_NDARO_Beta-Lactam_blaDHA-23,blaDHA-23
WP_0638601141_FEATURES_NDARO_Beta-Lactam_blaDHA-24,blaDHA-24
WP_0638601551_FEATURES_NDARO_Beta-Lactam_blaDHA-5,blaDHA-5
WP_0638601621_FEATURES_NDARO_Beta-Lactam_blaDHA-6,blaDHA-6
WP_0638602031_FEATURES_NDARO_Beta-Lactam_blaDIM-1,blaDIM-1
WP_0638602161_FEATURES_NDARO_Beta-Lactam_blaEBR-1,blaEBR-1
WP_0638602281_FEATURES_NDARO_Beta-Lactam_blaEC-13,blaEC-13
WP_0638602331_FEATURES_NDARO_Beta-Lactam_blaEC-14,blaEC-14
WP_0638602481_FEATURES_NDARO_Beta-Lactam_blaEC-16,blaEC-16
WP_0638602561_FEATURES_NDARO_Beta-Lactam_blaEC-18,blaEC-18
WP_0638602631_FEATURES_NDARO_Beta-Lactam_blaEC-19,blaEC-19
WP_0638604671_FEATURES_NDARO_Beta-Lactam_blaESP-1,blaESP-1
WP_0638604891_FEATURES_NDARO_Beta-Lactam_blaFONA-2,blaFONA-2
WP_0638604901_FEATURES_NDARO_Beta-Lactam_blaFONA-3,blaFONA-3
WP_0638604911_FEATURES_NDARO_Beta-Lactam_blaFONA-4,blaFONA-4
WP_0638604921_FEATURES_NDARO_Beta-Lactam_blaFONA-5,blaFONA-5
WP_0638604931_FEATURES_NDARO_Beta-Lactam_blaFONA-6,blaFONA-6
WP_0638604941_FEATURES_NDARO_Beta-Lactam_blaFOX-1,blaFOX-1
WP_0638604951_FEATURES_NDARO_Beta-Lactam_blaFOX-12,blaFOX-12
WP_0638604961_FEATURES_NDARO_Beta-Lactam_blaFOX-13,blaFOX-13
WP_0638604971_FEATURES_NDARO_Beta-Lactam_blaFOX-9,blaFOX-9
WP_0638604981_FEATURES_NDARO_Beta-Lactam_blaFRI-1,blaFRI-1
WP_0638604991_FEATURES_NDARO_Beta-Lactam_blaGES-10,blaGES-10
WP_0638605001_FEATURES_NDARO_Beta-Lactam_blaGES-12,blaGES-12
WP_0638605011_FEATURES_NDARO_Beta-Lactam_blaGES-13,blaGES-13
WP_0638605021_FEATURES_NDARO_Beta-Lactam_blaGES-14,blaGES-14
WP_0638605031_FEATURES_NDARO_Beta-Lactam_blaGES-15,blaGES-15
WP_0638605041_FEATURES_NDARO_Beta-Lactam_blaGES-16,blaGES-16
WP_0638605051_FEATURES_NDARO_Beta-Lactam_blaGES-17,blaGES-17
WP_0638605061_FEATURES_NDARO_Beta-Lactam_blaGES-18,blaGES-18
WP_0638605071_FEATURES_NDARO_Beta-Lactam_blaGES-21,blaGES-21
WP_0638605081_FEATURES_NDARO_Beta-Lactam_blaGES-22,blaGES-22
WP_0638605091_FEATURES_NDARO_Beta-Lactam_blaGES-23,blaGES-23
WP_0638605101_FEATURES_NDARO_Beta-Lactam_blaGES-25,blaGES-25
WP_0638605111_FEATURES_NDARO_Beta-Lactam_blaGES-26,blaGES-26
WP_0638605121_FEATURES_NDARO_Beta-Lactam_blaGES-27,blaGES-27
WP_0638605131_FEATURES_NDARO_Beta-Lactam_blaGES-28,blaGES-28
WP_0638605141_FEATURES_NDARO_Beta-Lactam_blaGES-29,blaGES-29
WP_0638605151_FEATURES_NDARO_Beta-Lactam_blaGES-3,blaGES-3
WP_0638605161_FEATURES_NDARO_Beta-Lactam_blaGES-30,blaGES-30
WP_0638605171_FEATURES_NDARO_Beta-Lactam_blaGES-31,blaGES-31
WP_0638605181_FEATURES_NDARO_Beta-Lactam_blaGES-4,blaGES-4
WP_0638605191_FEATURES_NDARO_Beta-Lactam_blaGES-8,blaGES-8
WP_0638605201_FEATURES_NDARO_Beta-Lactam_blaGES-9,blaGES-9
WP_0638605211_FEATURES_NDARO_Beta-Lactam_blaGIL-1,blaGIL-1
WP_0638605221_FEATURES_NDARO_Beta-Lactam_blaGIM-2,blaGIM-2
WP_0638605231_FEATURES_NDARO_Beta-Lactam_blaGOB-1,blaGOB-1
WP_0638605251_FEATURES_NDARO_Beta-Lactam_blaGOB-10,blaGOB-10
WP_0638605311_FEATURES_NDARO_Beta-Lactam_blaGOB-11,blaGOB-11
WP_0638605361_FEATURES_NDARO_Beta-Lactam_blaGOB-12,blaGOB-12
WP_0638605471_FEATURES_NDARO_Beta-Lactam_blaGOB-14,blaGOB-14
WP_0638605541_FEATURES_NDARO_Beta-Lactam_blaGOB-15,blaGOB-15
WP_0638605581_FEATURES_NDARO_Beta-Lactam_blaGOB-16,blaGOB-16
WP_0638605591_FEATURES_NDARO_Beta-Lactam_blaGOB-17,blaGOB-17
WP_0638605601_FEATURES_NDARO_Beta-Lactam_blaGOB-18,blaGOB-18
WP_0638605611_FEATURES_NDARO_Beta-Lactam_blaGOB-8,blaGOB-8
WP_0638605621_FEATURES_NDARO_Beta-Lactam_blaGOB-9,blaGOB-9
WP_0638605631_FEATURES_NDARO_Beta-Lactam_blaHER-2,blaHER-2
WP_0638605641_FEATURES_NDARO_Beta-Lactam_blaHER-4,blaHER-4
WP_0638605651_FEATURES_NDARO_Beta-Lactam_blaHER-5,blaHER-5
WP_0638605661_FEATURES_NDARO_Beta-Lactam_blaHER-6,blaHER-6
WP_0638605671_FEATURES_NDARO_Beta-Lactam_blaHER-8,blaHER-8
WP_0638605681_FEATURES_NDARO_Beta-Lactam_blaIMI-3,blaIMI-3
WP_0638605691_FEATURES_NDARO_Beta-Lactam_blaIMI-4,blaIMI-4
WP_0638605701_FEATURES_NDARO_Beta-Lactam_blaIMI-6,blaIMI-6
WP_0638605711_FEATURES_NDARO_Beta-Lactam_blaIMI-7,blaIMI-7
WP_0638605721_FEATURES_NDARO_Beta-Lactam_blaIMI-8,blaIMI-8
WP_0638605731_FEATURES_NDARO_Beta-Lactam_blaIMP-11,blaIMP-11
WP_0638605741_FEATURES_NDARO_Beta-Lactam_blaIMP-12,blaIMP-12
WP_0638605751_FEATURES_NDARO_Beta-Lactam_blaIMP-15,blaIMP-15
WP_0638605761_FEATURES_NDARO_Beta-Lactam_blaIMP-16,blaIMP-16
WP_0638605771_FEATURES_NDARO_Beta-Lactam_blaIMP-17,blaIMP-17
WP_0638605781_FEATURES_NDARO_Beta-Lactam_blaIMP-2,blaIMP-2
WP_0638605791_FEATURES_NDARO_Beta-Lactam_blaIMP-20,blaIMP-20
WP_0638605801_FEATURES_NDARO_Beta-Lactam_blaIMP-21,blaIMP-21
WP_0638605811_FEATURES_NDARO_Beta-Lactam_blaIMP-22,blaIMP-22
WP_0638605821_FEATURES_NDARO_Beta-Lactam_blaIMP-23,blaIMP-23
WP_0638605831_FEATURES_NDARO_Beta-Lactam_blaIMP-24,blaIMP-24
WP_0638605841_FEATURES_NDARO_Beta-Lactam_blaIMP-25,blaIMP-25
WP_0638605851_FEATURES_NDARO_Beta-Lactam_blaIMP-27,blaIMP-27
WP_0638605861_FEATURES_NDARO_Beta-Lactam_blaIMP-28,blaIMP-28
WP_0638605871_FEATURES_NDARO_Beta-Lactam_blaIMP-29,blaIMP-29
WP_0638605881_FEATURES_NDARO_Beta-Lactam_blaIMP-3,blaIMP-3
WP_0638605891_FEATURES_NDARO_Beta-Lactam_blaIMP-30,blaIMP-30
WP_0638605901_FEATURES_NDARO_Beta-Lactam_blaIMP-32,blaIMP-32
WP_0638605911_FEATURES_NDARO_Beta-Lactam_blaIMP-33,blaIMP-33
WP_0638605921_FEATURES_NDARO_Beta-Lactam_blaIMP-35,blaIMP-35
WP_0638605931_FEATURES_NDARO_Beta-Lactam_blaIMP-37,blaIMP-37
WP_0638605941_FEATURES_NDARO_Beta-Lactam_blaIMP-38,blaIMP-38
WP_0638605981_FEATURES_NDARO_Beta-Lactam_blaIMP-40,blaIMP-40
WP_0638606011_FEATURES_NDARO_Beta-Lactam_blaIMP-41,blaIMP-41
WP_0638606031_FEATURES_NDARO_Beta-Lactam_blaIMP-42,blaIMP-42
WP_0638606061_FEATURES_NDARO_Beta-Lactam_blaIMP-43,blaIMP-43
WP_0638606071_FEATURES_NDARO_Beta-Lactam_blaIMP-44,blaIMP-44
WP_0638606081_FEATURES_NDARO_Beta-Lactam_blaIMP-45,blaIMP-45
WP_0638606091_FEATURES_NDARO_Beta-Lactam_blaIMP-48,blaIMP-48
WP_0638606101_FEATURES_NDARO_Beta-Lactam_blaIMP-49,blaIMP-49
WP_0638606111_FEATURES_NDARO_Beta-Lactam_blaIMP-5,blaIMP-5
WP_0638606121_FEATURES_NDARO_Beta-Lactam_blaIMP-51,blaIMP-51
WP_0638606131_FEATURES_NDARO_Beta-Lactam_blaIMP-52,blaIMP-52
WP_0638606141_FEATURES_NDARO_Beta-Lactam_blaIMP-53,blaIMP-53
WP_0638606151_FEATURES_NDARO_Beta-Lactam_blaIMP-54,blaIMP-54
WP_0638606161_FEATURES_NDARO_Beta-Lactam_blaIMP-55,blaIMP-55
WP_0638606171_FEATURES_NDARO_Beta-Lactam_blaIMP-56,blaIMP-56
WP_0638606181_FEATURES_NDARO_Beta-Lactam_blaIMP-58,blaIMP-58
WP_0638606191_FEATURES_NDARO_Beta-Lactam_blaIMP-7,blaIMP-7
WP_0638606201_FEATURES_NDARO_Beta-Lactam_blaIND-1,blaIND-1
WP_0638606211_FEATURES_NDARO_Beta-Lactam_blaIND-10,blaIND-10
WP_0638606221_FEATURES_NDARO_Beta-Lactam_blaIND-11,blaIND-11
WP_0638606231_FEATURES_NDARO_Beta-Lactam_blaIND-12,blaIND-12
WP_0638606241_FEATURES_NDARO_Beta-Lactam_blaIND-14,blaIND-14
WP_0638606251_FEATURES_NDARO_Beta-Lactam_blaIND-2a,blaIND-2a
WP_0638606261_FEATURES_NDARO_Beta-Lactam_blaIND-3,blaIND-3
WP_0638606271_FEATURES_NDARO_Beta-Lactam_blaIND-4,blaIND-4
WP_0638606281_FEATURES_NDARO_Beta-Lactam_blaIND-5,blaIND-5
WP_0638606291_FEATURES_NDARO_Beta-Lactam_blaIND-6,blaIND-6
WP_0638606301_FEATURES_NDARO_Beta-Lactam_blaIND-7,blaIND-7
WP_0638606311_FEATURES_NDARO_Beta-Lactam_blaIND-8,blaIND-8
WP_0638606321_FEATURES_NDARO_Beta-Lactam_blaIND-9,blaIND-9
WP_0638606331_FEATURES_NDARO_Beta-Lactam_blaKPC-10,blaKPC-10
WP_0638606341_FEATURES_NDARO_Beta-Lactam_blaKPC-12,blaKPC-12
WP_0638606351_FEATURES_NDARO_Beta-Lactam_blaKPC-13,blaKPC-13
WP_0638606361_FEATURES_NDARO_Beta-Lactam_blaKPC-14,blaKPC-14
WP_0638606371_FEATURES_NDARO_Beta-Lactam_blaKPC-15,blaKPC-15
WP_0638606381_FEATURES_NDARO_Beta-Lactam_blaKPC-16,blaKPC-16
WP_0638606391_FEATURES_NDARO_Beta-Lactam_blaKPC-17,blaKPC-17
WP_0638606401_FEATURES_NDARO_Beta-Lactam_blaKPC-18,blaKPC-18
WP_0638606411_FEATURES_NDARO_Beta-Lactam_blaKPC-19,blaKPC-19
WP_0638607111_FEATURES_NDARO_Beta-Lactam_blaKPC-21,blaKPC-21
WP_0638607231_FEATURES_NDARO_Beta-Lactam_blaKPC-22,blaKPC-22
WP_0638607291_FEATURES_NDARO_Beta-Lactam_blaKPC-24,blaKPC-24
WP_0638607971_FEATURES_NDARO_Beta-Lactam_blaKPC-8,blaKPC-8
WP_0638607981_FEATURES_NDARO_Beta-Lactam_blaLAT-1,blaLAT-1
WP_0638607991_FEATURES_NDARO_Beta-Lactam_blaLEN-1,blaLEN-1
WP_0638608001_FEATURES_NDARO_Beta-Lactam_blaLEN-15,blaLEN-15
WP_0638608201_FEATURES_NDARO_Beta-Lactam_blaLEN-18,blaLEN-18
WP_0638608211_FEATURES_NDARO_Beta-Lactam_blaLEN-19,blaLEN-19
WP_0638608221_FEATURES_NDARO_Beta-Lactam_blaLEN-20,blaLEN-20
WP_0638608231_FEATURES_NDARO_Beta-Lactam_blaLEN-21,blaLEN-21
WP_0638608241_FEATURES_NDARO_Beta-Lactam_blaLEN-23,blaLEN-23
WP_0638608251_FEATURES_NDARO_Beta-Lactam_blaLEN-24,blaLEN-24
WP_0638608261_FEATURES_NDARO_Beta-Lactam_blaLEN-5,blaLEN-5
WP_0638608271_FEATURES_NDARO_Beta-Lactam_blaLRG-1,blaLRG-1
WP_0638608281_FEATURES_NDARO_Beta-Lactam_blaLUT-2,blaLUT-2
WP_0638608291_FEATURES_NDARO_Beta-Lactam_blaLUT-3,blaLUT-3
WP_0638608301_FEATURES_NDARO_Beta-Lactam_blaLUT-4,blaLUT-4
WP_0638608311_FEATURES_NDARO_Beta-Lactam_blaLUT-5,blaLUT-5
WP_0638608321_FEATURES_NDARO_Beta-Lactam_blaLUT-6,blaLUT-6
WP_0638608331_FEATURES_NDARO_Beta-Lactam_blaMAL-1,blaMAL-1
WP_0638608341_FEATURES_NDARO_Beta-Lactam_blaMAL-2,blaMAL-2
WP_0638608351_FEATURES_NDARO_Beta-Lactam_blaMBL1b,blaMBL1b
WP_0638608361_FEATURES_NDARO_Beta-Lactam_blaMIR-12,blaMIR-12
WP_0638608371_FEATURES_NDARO_Beta-Lactam_blaMIR-13,blaMIR-13
WP_0638608381_FEATURES_NDARO_Beta-Lactam_blaMIR-14,blaMIR-14
WP_0638608391_FEATURES_NDARO_Beta-Lactam_blaMIR-18,blaMIR-18
WP_0638608401_FEATURES_NDARO_Beta-Lactam_blaMIR-2,blaMIR-2
WP_0638608411_FEATURES_NDARO_Beta-Lactam_blaMIR-6,blaMIR-6
WP_0638608421_FEATURES_NDARO_Beta-Lactam_blaMOR-2,blaMOR-2
WP_0638608431_FEATURES_NDARO_Beta-Lactam_blaMOX-10,blaMOX-10
WP_0638608441_FEATURES_NDARO_Beta-Lactam_blaMOX-11,blaMOX-11
WP_0638608451_FEATURES_NDARO_Beta-Lactam_blaMOX-2,blaMOX-2
WP_0638608461_FEATURES_NDARO_Beta-Lactam_blaMOX-3,blaMOX-3
WP_0638608471_FEATURES_NDARO_Beta-Lactam_blaMOX-4,blaMOX-4
WP_0638608481_FEATURES_NDARO_Beta-Lactam_blaMOX-5,blaMOX-5
WP_0638608491_FEATURES_NDARO_Beta-Lactam_blaMOX-6,blaMOX-6
WP_0638608501_FEATURES_NDARO_Beta-Lactam_blaMOX-7,blaMOX-7
WP_0638608521_FEATURES_NDARO_Beta-Lactam_blaMUS-2,blaMUS-2
WP_0638608531_FEATURES_NDARO_Beta-Lactam_blaNDM-10,blaNDM-10
WP_0638608541_FEATURES_NDARO_Beta-Lactam_blaNDM-11,blaNDM-11
WP_0638608551_FEATURES_NDARO_Beta-Lactam_blaNDM-12,blaNDM-12
WP_0638608561_FEATURES_NDARO_Beta-Lactam_blaNDM-13,blaNDM-13
WP_0638608571_FEATURES_NDARO_Beta-Lactam_blaNDM-14,blaNDM-14
WP_0638608581_FEATURES_NDARO_Beta-Lactam_blaNDM-15,blaNDM-15
WP_0638608591_FEATURES_NDARO_Beta-Lactam_blaNDM-16a,blaNDM-16a
WP_0638608601_FEATURES_NDARO_Beta-Lactam_blaNDM-2,blaNDM-2
WP_0638608611_FEATURES_NDARO_Beta-Lactam_blaNDM-4,blaNDM-4
WP_0638608891_FEATURES_NDARO_Beta-Lactam_blaOCH-2,blaOCH-2
WP_0638608901_FEATURES_NDARO_Beta-Lactam_blaOCH-3,blaOCH-3
WP_0638608911_FEATURES_NDARO_Beta-Lactam_blaOCH-4,blaOCH-4
WP_0638608921_FEATURES_NDARO_Beta-Lactam_blaOCH-5,blaOCH-5
WP_0638608931_FEATURES_NDARO_Beta-Lactam_blaOCH-6,blaOCH-6
WP_0638608941_FEATURES_NDARO_Beta-Lactam_blaOCH-8,blaOCH-8
WP_0638608951_FEATURES_NDARO_Beta-Lactam_blaOHIO-1,blaOHIO-1
WP_0638608961_FEATURES_NDARO_Beta-Lactam_blaOKP-A-1,blaOKP-A-1
WP_0638608971_FEATURES_NDARO_Beta-Lactam_blaOKP-A-10,blaOKP-A-10
WP_0638608981_FEATURES_NDARO_Beta-Lactam_blaOKP-A-11,blaOKP-A-11
WP_0638608991_FEATURES_NDARO_Beta-Lactam_blaOKP-A-12,blaOKP-A-12
WP_0638609001_FEATURES_NDARO_Beta-Lactam_blaOKP-A-13,blaOKP-A-13
WP_0638609011_FEATURES_NDARO_Beta-Lactam_blaOKP-A-14,blaOKP-A-14
WP_0638609021_FEATURES_NDARO_Beta-Lactam_blaOKP-A-15,blaOKP-A-15
WP_0638609031_FEATURES_NDARO_Beta-Lactam_blaOKP-A-16,blaOKP-A-16
WP_0638609041_FEATURES_NDARO_Beta-Lactam_blaOKP-A-4,blaOKP-A-4
WP_0638609051_FEATURES_NDARO_Beta-Lactam_blaOKP-A-5,blaOKP-A-5
WP_0638609061_FEATURES_NDARO_Beta-Lactam_blaOKP-A-7,blaOKP-A-7
WP_0638609071_FEATURES_NDARO_Beta-Lactam_blaOKP-A-9,blaOKP-A-9
WP_0638609081_FEATURES_NDARO_Beta-Lactam_blaOKP-B-10,blaOKP-B-10
WP_0638609091_FEATURES_NDARO_Beta-Lactam_blaOKP-B-11,blaOKP-B-11
WP_0638609101_FEATURES_NDARO_Beta-Lactam_blaOKP-B-13,blaOKP-B-13
WP_0638609111_FEATURES_NDARO_Beta-Lactam_blaOKP-B-17,blaOKP-B-17
WP_0638609121_FEATURES_NDARO_Beta-Lactam_blaOKP-B-18,blaOKP-B-18
WP_0638609131_FEATURES_NDARO_Beta-Lactam_blaOKP-B-19,blaOKP-B-19
WP_0638609141_FEATURES_NDARO_Beta-Lactam_blaOKP-B-2,blaOKP-B-2
WP_0638609151_FEATURES_NDARO_Beta-Lactam_blaOKP-B-20,blaOKP-B-20
WP_0638609161_FEATURES_NDARO_Beta-Lactam_blaOKP-B-3,blaOKP-B-3
WP_0638609171_FEATURES_NDARO_Beta-Lactam_blaOKP-B-4,blaOKP-B-4
WP_0638609231_FEATURES_NDARO_Beta-Lactam_blaOKP-B-5,blaOKP-B-5
WP_0638609311_FEATURES_NDARO_Beta-Lactam_blaOKP-B-9,blaOKP-B-9
WP_0638609321_FEATURES_NDARO_Beta-Lactam_blaORN-2,blaORN-2
WP_0638609331_FEATURES_NDARO_Beta-Lactam_blaORN-3,blaORN-3
WP_0638609341_FEATURES_NDARO_Beta-Lactam_blaORN-4,blaORN-4
WP_0638609351_FEATURES_NDARO_Beta-Lactam_blaORN-5,blaORN-5
WP_0638609361_FEATURES_NDARO_Beta-Lactam_blaORN-6,blaORN-6
WP_0638609371_FEATURES_NDARO_Beta-Lactam_blaOXA-101,blaOXA-101
WP_0638609381_FEATURES_NDARO_Beta-Lactam_blaOXA-108,blaOXA-108
WP_0638609391_FEATURES_NDARO_Beta-Lactam_blaOXA-11,blaOXA-11
WP_0638609401_FEATURES_NDARO_Beta-Lactam_blaOXA-110,blaOXA-110
WP_0638609411_FEATURES_NDARO_Beta-Lactam_blaOXA-112,blaOXA-112
WP_0638609801_FEATURES_NDARO_Beta-Lactam_blaOXA-114d,blaOXA-114d
WP_0638610001_FEATURES_NDARO_Beta-Lactam_blaOXA-114g,blaOXA-114g
WP_0638610041_FEATURES_NDARO_Beta-Lactam_blaOXA-115,blaOXA-115
WP_0638610201_FEATURES_NDARO_Beta-Lactam_blaOXA-118,blaOXA-118
WP_0638610291_FEATURES_NDARO_Beta-Lactam_blaOXA-12,blaOXA-12
WP_0638610301_FEATURES_NDARO_Beta-Lactam_blaOXA-122,blaOXA-122
WP_0638610311_FEATURES_NDARO_Beta-Lactam_blaOXA-123,blaOXA-123
WP_0638610321_FEATURES_NDARO_Beta-Lactam_blaOXA-124,blaOXA-124
WP_0638610331_FEATURES_NDARO_Beta-Lactam_blaOXA-125,blaOXA-125
WP_0638610341_FEATURES_NDARO_Beta-Lactam_blaOXA-127,blaOXA-127
WP_0638610351_FEATURES_NDARO_Beta-Lactam_blaOXA-13,blaOXA-13
WP_0638610361_FEATURES_NDARO_Beta-Lactam_blaOXA-130,blaOXA-130
WP_0638610371_FEATURES_NDARO_Beta-Lactam_blaOXA-131,blaOXA-131
WP_0638610381_FEATURES_NDARO_Beta-Lactam_blaOXA-133,blaOXA-133
WP_0638610391_FEATURES_NDARO_Beta-Lactam_blaOXA-138,blaOXA-138
WP_0638610401_FEATURES_NDARO_Beta-Lactam_blaOXA-139,blaOXA-139
WP_0638610411_FEATURES_NDARO_Beta-Lactam_blaOXA-142,blaOXA-142
WP_0638610421_FEATURES_NDARO_Beta-Lactam_blaOXA-143,blaOXA-143
WP_0638610431_FEATURES_NDARO_Beta-Lactam_blaOXA-145,blaOXA-145
WP_0638610441_FEATURES_NDARO_Beta-Lactam_blaOXA-146,blaOXA-146
WP_0638610451_FEATURES_NDARO_Beta-Lactam_blaOXA-147,blaOXA-147
WP_0638610461_FEATURES_NDARO_Beta-Lactam_blaOXA-148,blaOXA-148
WP_0638610471_FEATURES_NDARO_Beta-Lactam_blaOXA-149,blaOXA-149
WP_0638610481_FEATURES_NDARO_Beta-Lactam_blaOXA-15,blaOXA-15
WP_0638610491_FEATURES_NDARO_Beta-Lactam_blaOXA-150,blaOXA-150
WP_0638610501_FEATURES_NDARO_Beta-Lactam_blaOXA-152,blaOXA-152
WP_0638610621_FEATURES_NDARO_Beta-Lactam_blaOXA-154,blaOXA-154
WP_0638610671_FEATURES_NDARO_Beta-Lactam_blaOXA-155,blaOXA-155
WP_0638610811_FEATURES_NDARO_Beta-Lactam_blaOXA-158,blaOXA-158
WP_0638610871_FEATURES_NDARO_Beta-Lactam_blaOXA-159,blaOXA-159
WP_0638610931_FEATURES_NDARO_Beta-Lactam_blaOXA-160,blaOXA-160
WP_0638611011_FEATURES_NDARO_Beta-Lactam_blaOXA-161,blaOXA-161
WP_0638611211_FEATURES_NDARO_Beta-Lactam_blaOXA-164,blaOXA-164
WP_0638611231_FEATURES_NDARO_Beta-Lactam_blaOXA-165,blaOXA-165
WP_0638611291_FEATURES_NDARO_Beta-Lactam_blaOXA-166,blaOXA-166
WP_0638611331_FEATURES_NDARO_Beta-Lactam_blaOXA-167,blaOXA-167
WP_0638611361_FEATURES_NDARO_Beta-Lactam_blaOXA-168,blaOXA-168
WP_0638611401_FEATURES_NDARO_Beta-Lactam_blaOXA-169,blaOXA-169
WP_0638611511_FEATURES_NDARO_Beta-Lactam_blaOXA-170,blaOXA-170
WP_0638611571_FEATURES_NDARO_Beta-Lactam_blaOXA-171,blaOXA-171
WP_0638611791_FEATURES_NDARO_Beta-Lactam_blaOXA-173,blaOXA-173
WP_0638611851_FEATURES_NDARO_Beta-Lactam_blaOXA-174,blaOXA-174
WP_0638611911_FEATURES_NDARO_Beta-Lactam_blaOXA-175,blaOXA-175
WP_0638612081_FEATURES_NDARO_Beta-Lactam_blaOXA-176,blaOXA-176
WP_0638612131_FEATURES_NDARO_Beta-Lactam_blaOXA-177,blaOXA-177
WP_0638612211_FEATURES_NDARO_Beta-Lactam_blaOXA-178,blaOXA-178
WP_0638612291_FEATURES_NDARO_Beta-Lactam_blaOXA-179,blaOXA-179
WP_0638612661_FEATURES_NDARO_Beta-Lactam_blaOXA-182,blaOXA-182
WP_0638612721_FEATURES_NDARO_Beta-Lactam_blaOXA-183,blaOXA-183
WP_0638613001_FEATURES_NDARO_Beta-Lactam_blaOXA-185,blaOXA-185
WP_0638613091_FEATURES_NDARO_Beta-Lactam_blaOXA-19,blaOXA-19
WP_0638613161_FEATURES_NDARO_Beta-Lactam_blaOXA-192,blaOXA-192
WP_0638614751_FEATURES_NDARO_Beta-Lactam_blaOXA-194,blaOXA-194
WP_0638614821_FEATURES_NDARO_Beta-Lactam_blaOXA-195,blaOXA-195
WP_0638614861_FEATURES_NDARO_Beta-Lactam_blaOXA-196,blaOXA-196
WP_0638614901_FEATURES_NDARO_Beta-Lactam_blaOXA-197,blaOXA-197
WP_0638615051_FEATURES_NDARO_Beta-Lactam_blaOXA-199,blaOXA-199
WP_0638615471_FEATURES_NDARO_Beta-Lactam_blaOXA-200,blaOXA-200
WP_0638615531_FEATURES_NDARO_Beta-Lactam_blaOXA-201,blaOXA-201
WP_0638615601_FEATURES_NDARO_Beta-Lactam_blaOXA-202,blaOXA-202
WP_0638615671_FEATURES_NDARO_Beta-Lactam_blaOXA-203,blaOXA-203
WP_0638615881_FEATURES_NDARO_Beta-Lactam_blaOXA-205,blaOXA-205
WP_0638615921_FEATURES_NDARO_Beta-Lactam_blaOXA-206,blaOXA-206
WP_0638616491_FEATURES_NDARO_Beta-Lactam_blaOXA-210,blaOXA-210
WP_0638616661_FEATURES_NDARO_Beta-Lactam_blaOXA-211,blaOXA-211
WP_0638616771_FEATURES_NDARO_Beta-Lactam_blaOXA-212,blaOXA-212
WP_0638617121_FEATURES_NDARO_Beta-Lactam_blaOXA-215,blaOXA-215
WP_0638617331_FEATURES_NDARO_Beta-Lactam_blaOXA-216,blaOXA-216
WP_0638617651_FEATURES_NDARO_Beta-Lactam_blaOXA-219,blaOXA-219
WP_0638617761_FEATURES_NDARO_Beta-Lactam_blaOXA-22,blaOXA-22
WP_0638618121_FEATURES_NDARO_Beta-Lactam_blaOXA-224,blaOXA-224
WP_0638618201_FEATURES_NDARO_Beta-Lactam_blaOXA-225,blaOXA-225
WP_0638618261_FEATURES_NDARO_Beta-Lactam_blaOXA-226,blaOXA-226
WP_0638618371_FEATURES_NDARO_Beta-Lactam_blaOXA-228,blaOXA-228
WP_0638618401_FEATURES_NDARO_Beta-Lactam_blaOXA-229,blaOXA-229
WP_0638621191_FEATURES_NDARO_Beta-Lactam_blaOXA-230,blaOXA-230
WP_0638621281_FEATURES_NDARO_Beta-Lactam_blaOXA-231,blaOXA-231
WP_0638621491_FEATURES_NDARO_Beta-Lactam_blaOXA-233,blaOXA-233
WP_0638621701_FEATURES_NDARO_Beta-Lactam_blaOXA-236,blaOXA-236
WP_0638621901_FEATURES_NDARO_Beta-Lactam_blaOXA-239,blaOXA-239
WP_0638622741_FEATURES_NDARO_Beta-Lactam_blaOXA-240,blaOXA-240
WP_0638623941_FEATURES_NDARO_Beta-Lactam_blaOXA-246,blaOXA-246
WP_0638624021_FEATURES_NDARO_Beta-Lactam_blaOXA-248,blaOXA-248
WP_0638624081_FEATURES_NDARO_Beta-Lactam_blaOXA-249,blaOXA-249
WP_0638624161_FEATURES_NDARO_Beta-Lactam_blaOXA-25,blaOXA-25
WP_0638624201_FEATURES_NDARO_Beta-Lactam_blaOXA-250,blaOXA-250
WP_0638624301_FEATURES_NDARO_Beta-Lactam_blaOXA-251,blaOXA-251
WP_0638624401_FEATURES_NDARO_Beta-Lactam_blaOXA-255,blaOXA-255
WP_0638624411_FEATURES_NDARO_Beta-Lactam_blaOXA-257,blaOXA-257
WP_0638624421_FEATURES_NDARO_Beta-Lactam_blaOXA-26,blaOXA-26
WP_0638624431_FEATURES_NDARO_Beta-Lactam_blaOXA-27,blaOXA-27
WP_0638625401_FEATURES_NDARO_Beta-Lactam_blaOXA-3,blaOXA-3
WP_0638625931_FEATURES_NDARO_Beta-Lactam_blaOXA-309,blaOXA-309
WP_0638625981_FEATURES_NDARO_Beta-Lactam_blaOXA-313,blaOXA-313
WP_0638626031_FEATURES_NDARO_Beta-Lactam_blaOXA-315,blaOXA-315
WP_0638626051_FEATURES_NDARO_Beta-Lactam_blaOXA-316,blaOXA-316
WP_0638626131_FEATURES_NDARO_Beta-Lactam_blaOXA-32,blaOXA-32
WP_0638626221_FEATURES_NDARO_Beta-Lactam_blaOXA-320,blaOXA-320
WP_0638626321_FEATURES_NDARO_Beta-Lactam_blaOXA-322,blaOXA-322
WP_0638626381_FEATURES_NDARO_Beta-Lactam_blaOXA-323,blaOXA-323
WP_0638626431_FEATURES_NDARO_Beta-Lactam_blaOXA-324,blaOXA-324
WP_0638626461_FEATURES_NDARO_Beta-Lactam_blaOXA-325,blaOXA-325
WP_0638626511_FEATURES_NDARO_Beta-Lactam_blaOXA-326,blaOXA-326
WP_0638626561_FEATURES_NDARO_Beta-Lactam_blaOXA-327,blaOXA-327
WP_0638626621_FEATURES_NDARO_Beta-Lactam_blaOXA-328,blaOXA-328
WP_0638626671_FEATURES_NDARO_Beta-Lactam_blaOXA-329,blaOXA-329
WP_0638626741_FEATURES_NDARO_Beta-Lactam_blaOXA-330,blaOXA-330
WP_0638626821_FEATURES_NDARO_Beta-Lactam_blaOXA-331,blaOXA-331
WP_0638626901_FEATURES_NDARO_Beta-Lactam_blaOXA-332,blaOXA-332
WP_0638626931_FEATURES_NDARO_Beta-Lactam_blaOXA-333,blaOXA-333
WP_0638626981_FEATURES_NDARO_Beta-Lactam_blaOXA-334,blaOXA-334
WP_0638627021_FEATURES_NDARO_Beta-Lactam_blaOXA-335,blaOXA-335
WP_0638627071_FEATURES_NDARO_Beta-Lactam_blaOXA-336,blaOXA-336
WP_0638627101_FEATURES_NDARO_Beta-Lactam_blaOXA-338,blaOXA-338
WP_0638627111_FEATURES_NDARO_Beta-Lactam_blaOXA-339,blaOXA-339
WP_0638627121_FEATURES_NDARO_Beta-Lactam_blaOXA-341,blaOXA-341
WP_0638627131_FEATURES_NDARO_Beta-Lactam_blaOXA-342,blaOXA-342
WP_0638627141_FEATURES_NDARO_Beta-Lactam_blaOXA-343,blaOXA-343
WP_0638627151_FEATURES_NDARO_Beta-Lactam_blaOXA-344,blaOXA-344
WP_0638627161_FEATURES_NDARO_Beta-Lactam_blaOXA-345,blaOXA-345
WP_0638627171_FEATURES_NDARO_Beta-Lactam_blaOXA-346,blaOXA-346
WP_0638627181_FEATURES_NDARO_Beta-Lactam_blaOXA-348,blaOXA-348
WP_0638627191_FEATURES_NDARO_Beta-Lactam_blaOXA-349,blaOXA-349
WP_0638627201_FEATURES_NDARO_Beta-Lactam_blaOXA-35,blaOXA-35
WP_0638627211_FEATURES_NDARO_Beta-Lactam_blaOXA-350,blaOXA-350
WP_0638627221_FEATURES_NDARO_Beta-Lactam_blaOXA-351,blaOXA-351
WP_0638627231_FEATURES_NDARO_Beta-Lactam_blaOXA-352,blaOXA-352
WP_0638627241_FEATURES_NDARO_Beta-Lactam_blaOXA-353,blaOXA-353
WP_0638627251_FEATURES_NDARO_Beta-Lactam_blaOXA-354,blaOXA-354
WP_0638627261_FEATURES_NDARO_Beta-Lactam_blaOXA-355,blaOXA-355
WP_0638627271_FEATURES_NDARO_Beta-Lactam_blaOXA-356,blaOXA-356
WP_0638627281_FEATURES_NDARO_Beta-Lactam_blaOXA-357,blaOXA-357
WP_0638627291_FEATURES_NDARO_Beta-Lactam_blaOXA-358,blaOXA-358
WP_0638627301_FEATURES_NDARO_Beta-Lactam_blaOXA-359,blaOXA-359
WP_0638627311_FEATURES_NDARO_Beta-Lactam_blaOXA-361,blaOXA-361
WP_0638627321_FEATURES_NDARO_Beta-Lactam_blaOXA-362,blaOXA-362
WP_0638627331_FEATURES_NDARO_Beta-Lactam_blaOXA-363,blaOXA-363
WP_0638627341_FEATURES_NDARO_Beta-Lactam_blaOXA-364,blaOXA-364
WP_0638627351_FEATURES_NDARO_Beta-Lactam_blaOXA-365,blaOXA-365
WP_0638627361_FEATURES_NDARO_Beta-Lactam_blaOXA-366,blaOXA-366
WP_0638627371_FEATURES_NDARO_Beta-Lactam_blaOXA-37,blaOXA-37
WP_0638627381_FEATURES_NDARO_Beta-Lactam_blaOXA-371,blaOXA-371
WP_0638627391_FEATURES_NDARO_Beta-Lactam_blaOXA-372,blaOXA-372
WP_0638627401_FEATURES_NDARO_Beta-Lactam_blaOXA-373,blaOXA-373
WP_0638627411_FEATURES_NDARO_Beta-Lactam_blaOXA-375,blaOXA-375
WP_0638627421_FEATURES_NDARO_Beta-Lactam_blaOXA-376,blaOXA-376
WP_0638627431_FEATURES_NDARO_Beta-Lactam_blaOXA-377,blaOXA-377
WP_0638627441_FEATURES_NDARO_Beta-Lactam_blaOXA-379,blaOXA-379
WP_0638627451_FEATURES_NDARO_Beta-Lactam_blaOXA-380,blaOXA-380
WP_0638627461_FEATURES_NDARO_Beta-Lactam_blaOXA-381,blaOXA-381
WP_0638627471_FEATURES_NDARO_Beta-Lactam_blaOXA-382,blaOXA-382
WP_0638627481_FEATURES_NDARO_Beta-Lactam_blaOXA-384,blaOXA-384
WP_0638627491_FEATURES_NDARO_Beta-Lactam_blaOXA-385,blaOXA-385
WP_0638627501_FEATURES_NDARO_Beta-Lactam_blaOXA-386,blaOXA-386
WP_0638627511_FEATURES_NDARO_Beta-Lactam_blaOXA-387,blaOXA-387
WP_0638627521_FEATURES_NDARO_Beta-Lactam_blaOXA-388,blaOXA-388
WP_0638627531_FEATURES_NDARO_Beta-Lactam_blaOXA-389,blaOXA-389
WP_0638627541_FEATURES_NDARO_Beta-Lactam_blaOXA-390,blaOXA-390
WP_0638627551_FEATURES_NDARO_Beta-Lactam_blaOXA-391,blaOXA-391
WP_0638627561_FEATURES_NDARO_Beta-Lactam_blaOXA-397,blaOXA-397
WP_0638627571_FEATURES_NDARO_Beta-Lactam_blaOXA-398,blaOXA-398
WP_0638627581_FEATURES_NDARO_Beta-Lactam_blaOXA-400,blaOXA-400
WP_0638627591_FEATURES_NDARO_Beta-Lactam_blaOXA-401,blaOXA-401
WP_0638627601_FEATURES_NDARO_Beta-Lactam_blaOXA-403,blaOXA-403
WP_0638627611_FEATURES_NDARO_Beta-Lactam_blaOXA-404,blaOXA-404
WP_0638627621_FEATURES_NDARO_Beta-Lactam_blaOXA-405,blaOXA-405
WP_0638627631_FEATURES_NDARO_Beta-Lactam_blaOXA-406,blaOXA-406
WP_0638627641_FEATURES_NDARO_Beta-Lactam_blaOXA-408,blaOXA-408
WP_0638627651_FEATURES_NDARO_Beta-Lactam_blaOXA-409,blaOXA-409
WP_0638627661_FEATURES_NDARO_Beta-Lactam_blaOXA-411,blaOXA-411
WP_0638627671_FEATURES_NDARO_Beta-Lactam_blaOXA-412,blaOXA-412
WP_0638627681_FEATURES_NDARO_Beta-Lactam_blaOXA-413,blaOXA-413
WP_0638627691_FEATURES_NDARO_Beta-Lactam_blaOXA-414,blaOXA-414
WP_0638627821_FEATURES_NDARO_Beta-Lactam_blaOXA-416,blaOXA-416
WP_0638627961_FEATURES_NDARO_Beta-Lactam_blaOXA-418,blaOXA-418
WP_0638628021_FEATURES_NDARO_Beta-Lactam_blaOXA-42,blaOXA-42
WP_0638628101_FEATURES_NDARO_Beta-Lactam_blaOXA-420,blaOXA-420
WP_0638628281_FEATURES_NDARO_Beta-Lactam_blaOXA-422,blaOXA-422
WP_0638628331_FEATURES_NDARO_Beta-Lactam_blaOXA-423,blaOXA-423
WP_0638629151_FEATURES_NDARO_Beta-Lactam_blaOXA-429,blaOXA-429
WP_0638629211_FEATURES_NDARO_Beta-Lactam_blaOXA-43,blaOXA-43
WP_0638629271_FEATURES_NDARO_Beta-Lactam_blaOXA-430,blaOXA-430
WP_0638629451_FEATURES_NDARO_Beta-Lactam_blaOXA-431,blaOXA-431
WP_0638640761_FEATURES_NDARO_Beta-Lactam_blaOXA-432,blaOXA-432
WP_0638640771_FEATURES_NDARO_Beta-Lactam_blaOXA-433,blaOXA-433
WP_0638640781_FEATURES_NDARO_Beta-Lactam_blaOXA-435,blaOXA-435
WP_0638640791_FEATURES_NDARO_Beta-Lactam_blaOXA-437,blaOXA-437
WP_0638640801_FEATURES_NDARO_Beta-Lactam_blaOXA-438,blaOXA-438
WP_0638640811_FEATURES_NDARO_Beta-Lactam_blaOXA-439,blaOXA-439
WP_0638640821_FEATURES_NDARO_Beta-Lactam_blaOXA-440,blaOXA-440
WP_0638640831_FEATURES_NDARO_Beta-Lactam_blaOXA-442,blaOXA-442
WP_0638640841_FEATURES_NDARO_Beta-Lactam_blaOXA-446,blaOXA-446
WP_0638640851_FEATURES_NDARO_Beta-Lactam_blaOXA-448,blaOXA-448
WP_0638640861_FEATURES_NDARO_Beta-Lactam_blaOXA-454,blaOXA-454
WP_0638640871_FEATURES_NDARO_Beta-Lactam_blaOXA-457,blaOXA-457
WP_0638640881_FEATURES_NDARO_Beta-Lactam_blaOXA-458,blaOXA-458
WP_0638640891_FEATURES_NDARO_Beta-Lactam_blaOXA-459,blaOXA-459
WP_0638640901_FEATURES_NDARO_Beta-Lactam_blaOXA-46,blaOXA-46
WP_0638640911_FEATURES_NDARO_Beta-Lactam_blaOXA-466,blaOXA-466
WP_0638640921_FEATURES_NDARO_Beta-Lactam_blaOXA-47,blaOXA-47
WP_0638640931_FEATURES_NDARO_Beta-Lactam_blaOXA-470,blaOXA-470
WP_0638640941_FEATURES_NDARO_Beta-Lactam_blaOXA-471,blaOXA-471
WP_0638640951_FEATURES_NDARO_Beta-Lactam_blaOXA-472,blaOXA-472
WP_0638640961_FEATURES_NDARO_Beta-Lactam_blaOXA-473,blaOXA-473
WP_0638640971_FEATURES_NDARO_Beta-Lactam_blaOXA-474,blaOXA-474
WP_0638640981_FEATURES_NDARO_Beta-Lactam_blaOXA-475,blaOXA-475
WP_0638640991_FEATURES_NDARO_Beta-Lactam_blaOXA-476,blaOXA-476
WP_0638641001_FEATURES_NDARO_Beta-Lactam_blaOXA-477,blaOXA-477
WP_0638641011_FEATURES_NDARO_Beta-Lactam_blaOXA-478,blaOXA-478
WP_0638641021_FEATURES_NDARO_Beta-Lactam_blaOXA-479,blaOXA-479
WP_0638641061_FEATURES_NDARO_Beta-Lactam_blaOXA-480,blaOXA-480
WP_0638641081_FEATURES_NDARO_Beta-Lactam_blaOXA-482,blaOXA-482
WP_0638641091_FEATURES_NDARO_Beta-Lactam_blaOXA-483,blaOXA-483
WP_0638641101_FEATURES_NDARO_Beta-Lactam_blaOXA-484,blaOXA-484
WP_0638641111_FEATURES_NDARO_Beta-Lactam_blaOXA-49,blaOXA-49
WP_0638641121_FEATURES_NDARO_Beta-Lactam_blaOXA-499,blaOXA-499
WP_0638641131_FEATURES_NDARO_Beta-Lactam_blaOXA-501,blaOXA-501
WP_0638641141_FEATURES_NDARO_Beta-Lactam_blaOXA-503,blaOXA-503
WP_0638641151_FEATURES_NDARO_Beta-Lactam_blaOXA-504,blaOXA-504
WP_0638641181_FEATURES_NDARO_Beta-Lactam_blaOXA-505,blaOXA-505
WP_0638641381_FEATURES_NDARO_Beta-Lactam_blaOXA-507,blaOXA-507
WP_0638641501_FEATURES_NDARO_Beta-Lactam_blaOXA-508,blaOXA-508
WP_0638641581_FEATURES_NDARO_Beta-Lactam_blaOXA-509,blaOXA-509
WP_0638641841_FEATURES_NDARO_Beta-Lactam_blaOXA-512,blaOXA-512
WP_0638641941_FEATURES_NDARO_Beta-Lactam_blaOXA-513,blaOXA-513
WP_0638642081_FEATURES_NDARO_Beta-Lactam_blaOXA-516,blaOXA-516
WP_0638642161_FEATURES_NDARO_Beta-Lactam_blaOXA-518,blaOXA-518
WP_0638642231_FEATURES_NDARO_Beta-Lactam_blaOXA-53,blaOXA-53
WP_0638642561_FEATURES_NDARO_Beta-Lactam_blaOXA-55,blaOXA-55
WP_0638642641_FEATURES_NDARO_Beta-Lactam_blaOXA-56,blaOXA-56
WP_0638645001_FEATURES_NDARO_Beta-Lactam_blaOXA-60,blaOXA-60
WP_0638645271_FEATURES_NDARO_Beta-Lactam_blaOXA-62,blaOXA-62
WP_0638645281_FEATURES_NDARO_Beta-Lactam_blaOXA-63,blaOXA-63
WP_0638645291_FEATURES_NDARO_Beta-Lactam_blaOXA-67,blaOXA-67
WP_0638645301_FEATURES_NDARO_Beta-Lactam_blaOXA-7,blaOXA-7
WP_0638645311_FEATURES_NDARO_Beta-Lactam_blaOXA-73,blaOXA-73
WP_0638645321_FEATURES_NDARO_Beta-Lactam_blaOXA-74,blaOXA-74
WP_0638645331_FEATURES_NDARO_Beta-Lactam_blaOXA-76,blaOXA-76
WP_0638645341_FEATURES_NDARO_Beta-Lactam_blaOXA-77,blaOXA-77
WP_0638645351_FEATURES_NDARO_Beta-Lactam_blaOXA-79,blaOXA-79
WP_0638645361_FEATURES_NDARO_Beta-Lactam_blaOXA-80,blaOXA-80
WP_0638645371_FEATURES_NDARO_Beta-Lactam_blaOXA-84,blaOXA-84
WP_0638645391_FEATURES_NDARO_Beta-Lactam_blaOXA-86,blaOXA-86
WP_0638645401_FEATURES_NDARO_Beta-Lactam_blaOXA-88,blaOXA-88
WP_0638645411_FEATURES_NDARO_Beta-Lactam_blaOXA-89,blaOXA-89
WP_0638645421_FEATURES_NDARO_Beta-Lactam_blaOXA-93,blaOXA-93
WP_0638645431_FEATURES_NDARO_Beta-Lactam_blaOXA-96,blaOXA-96
WP_0638645441_FEATURES_NDARO_Beta-Lactam_blaOXA-97,blaOXA-97
WP_0638645451_FEATURES_NDARO_Beta-Lactam_blaOXY-1-3,blaOXY-1-3
WP_0638645461_FEATURES_NDARO_Beta-Lactam_blaOXY-1-6,blaOXY-1-6
WP_0638645471_FEATURES_NDARO_Beta-Lactam_blaOXY-2-10,blaOXY-2-10
WP_0638645481_FEATURES_NDARO_Beta-Lactam_blaOXY-2-12,blaOXY-2-12
WP_0638645491_FEATURES_NDARO_Beta-Lactam_blaOXY-2-13,blaOXY-2-13
WP_0638645501_FEATURES_NDARO_Beta-Lactam_blaOXY-2-15,blaOXY-2-15
WP_0638645511_FEATURES_NDARO_Beta-Lactam_blaOXY-2-3,blaOXY-2-3
WP_0638645521_FEATURES_NDARO_Beta-Lactam_blaOXY-2-6,blaOXY-2-6
WP_0638645531_FEATURES_NDARO_Beta-Lactam_blaOXY-2-9,blaOXY-2-9
WP_0638645541_FEATURES_NDARO_Beta-Lactam_blaOXY-3-1,blaOXY-3-1
WP_0638645551_FEATURES_NDARO_Beta-Lactam_blaOXY-5-1,blaOXY-5-1
WP_0638645561_FEATURES_NDARO_Beta-Lactam_blaOXY-6-1,blaOXY-6-1
WP_0638645571_FEATURES_NDARO_Beta-Lactam_blaOXY-6-2,blaOXY-6-2
WP_0638645581_FEATURES_NDARO_Beta-Lactam_blaOXY-6-3,blaOXY-6-3
WP_0638645591_FEATURES_NDARO_Beta-Lactam_blaPDC-10,blaPDC-10
WP_0638645601_FEATURES_NDARO_Beta-Lactam_blaPDC-101,blaPDC-101
WP_0638645611_FEATURES_NDARO_Beta-Lactam_blaPDC-102,blaPDC-102
WP_0638645621_FEATURES_NDARO_Beta-Lactam_blaPDC-105,blaPDC-105
WP_0638645631_FEATURES_NDARO_Beta-Lactam_blaPDC-106,blaPDC-106
WP_0638645641_FEATURES_NDARO_Beta-Lactam_blaPDC-107,blaPDC-107
WP_0638645651_FEATURES_NDARO_Beta-Lactam_blaPDC-108,blaPDC-108
WP_0638645661_FEATURES_NDARO_Beta-Lactam_blaPDC-110,blaPDC-110
WP_0638645671_FEATURES_NDARO_Beta-Lactam_blaPDC-111,blaPDC-111
WP_0638645681_FEATURES_NDARO_Beta-Lactam_blaPDC-112,blaPDC-112
WP_0638645691_FEATURES_NDARO_Beta-Lactam_blaPDC-113,blaPDC-113
WP_0638645701_FEATURES_NDARO_Beta-Lactam_blaPDC-13,blaPDC-13
WP_0638645711_FEATURES_NDARO_Beta-Lactam_blaPDC-17,blaPDC-17
WP_0638645721_FEATURES_NDARO_Beta-Lactam_blaPDC-18,blaPDC-18
WP_0638645731_FEATURES_NDARO_Beta-Lactam_blaPDC-2,blaPDC-2
WP_0638645741_FEATURES_NDARO_Beta-Lactam_blaPDC-21a,blaPDC-21a
WP_0638645751_FEATURES_NDARO_Beta-Lactam_blaPDC-21b,blaPDC-21b
WP_0638645761_FEATURES_NDARO_Beta-Lactam_blaPDC-25,blaPDC-25
WP_0638645771_FEATURES_NDARO_Beta-Lactam_blaPDC-26,blaPDC-26
WP_0638645791_FEATURES_NDARO_Beta-Lactam_blaPDC-32,blaPDC-32
WP_0638645801_FEATURES_NDARO_Beta-Lactam_blaPDC-4,blaPDC-4
WP_0638645811_FEATURES_NDARO_Beta-Lactam_blaPDC-40,blaPDC-40
WP_0638645821_FEATURES_NDARO_Beta-Lactam_blaPDC-42,blaPDC-42
WP_0638645831_FEATURES_NDARO_Beta-Lactam_blaPDC-58,blaPDC-58
WP_0638645841_FEATURES_NDARO_Beta-Lactam_blaPDC-7,blaPDC-7
WP_0638645851_FEATURES_NDARO_Beta-Lactam_blaPDC-9,blaPDC-9
WP_0638645861_FEATURES_NDARO_Beta-Lactam_blaPDC-94,blaPDC-94
WP_0638645871_FEATURES_NDARO_Beta-Lactam_blaPDC-95,blaPDC-95
WP_0638645881_FEATURES_NDARO_Beta-Lactam_blaPDC-96,blaPDC-96
WP_0638645891_FEATURES_NDARO_Beta-Lactam_blaPDC-99,blaPDC-99
WP_0638645901_FEATURES_NDARO_Beta-Lactam_blaPEDO-1,blaPEDO-1
WP_0638645911_FEATURES_NDARO_Beta-Lactam_blaPEDO-2,blaPEDO-2
WP_0638645921_FEATURES_NDARO_Beta-Lactam_blaPEDO-3,blaPEDO-3
WP_0638645931_FEATURES_NDARO_Beta-Lactam_blaPER-4,blaPER-4
WP_0638645941_FEATURES_NDARO_Beta-Lactam_blaPER-5,blaPER-5
WP_0638645951_FEATURES_NDARO_Beta-Lactam_blaPER-6,blaPER-6
WP_0638645961_FEATURES_NDARO_Beta-Lactam_blaPER-8,blaPER-8
WP_0638645971_FEATURES_NDARO_Beta-Lactam_blaPER-9,blaPER-9
WP_0638645981_FEATURES_NDARO_Beta-Lactam_blaPLA-6,blaPLA-6
WP_0638645991_FEATURES_NDARO_Beta-Lactam_blaPME-1,blaPME-1
WP_0638646001_FEATURES_NDARO_Beta-Lactam_blaRAHN-1,blaRAHN-1
WP_0638646011_FEATURES_NDARO_Beta-Lactam_blaRAHN-2,blaRAHN-2
WP_0638646021_FEATURES_NDARO_Beta-Lactam_blaSED-1,blaSED-1
WP_0638646041_FEATURES_NDARO_Beta-Lactam_blaSHV-100,blaSHV-100
WP_0638646051_FEATURES_NDARO_Beta-Lactam_blaSHV-101,blaSHV-101
WP_0638646061_FEATURES_NDARO_Beta-Lactam_blaSHV-102,blaSHV-102
WP_0638646071_FEATURES_NDARO_Beta-Lactam_blaSHV-103,blaSHV-103
WP_0638646081_FEATURES_NDARO_Beta-Lactam_blaSHV-105,blaSHV-105
WP_0638646091_FEATURES_NDARO_Beta-Lactam_blaSHV-106,blaSHV-106
WP_0638646101_FEATURES_NDARO_Beta-Lactam_blaSHV-107,blaSHV-107
WP_0638646111_FEATURES_NDARO_Beta-Lactam_blaSHV-108,blaSHV-108
WP_0638646121_FEATURES_NDARO_Beta-Lactam_blaSHV-109,blaSHV-109
WP_0638646131_FEATURES_NDARO_Beta-Lactam_blaSHV-110,blaSHV-110
WP_0638646141_FEATURES_NDARO_Beta-Lactam_blaSHV-111,blaSHV-111
WP_0638646151_FEATURES_NDARO_Beta-Lactam_blaSHV-119,blaSHV-119
WP_0638646161_FEATURES_NDARO_Beta-Lactam_blaSHV-120,blaSHV-120
WP_0638646171_FEATURES_NDARO_Beta-Lactam_blaSHV-121,blaSHV-121
WP_0638646181_FEATURES_NDARO_Beta-Lactam_blaSHV-128,blaSHV-128
WP_0638646191_FEATURES_NDARO_Beta-Lactam_blaSHV-13,blaSHV-13
WP_0638646201_FEATURES_NDARO_Beta-Lactam_blaSHV-132,blaSHV-132
WP_0638646211_FEATURES_NDARO_Beta-Lactam_blaSHV-133,blaSHV-133
WP_0638646221_FEATURES_NDARO_Beta-Lactam_blaSHV-134,blaSHV-134
WP_0638646231_FEATURES_NDARO_Beta-Lactam_blaSHV-135,blaSHV-135
WP_0638646241_FEATURES_NDARO_Beta-Lactam_blaSHV-137,blaSHV-137
WP_0638646251_FEATURES_NDARO_Beta-Lactam_blaSHV-14,blaSHV-14
WP_0638646261_FEATURES_NDARO_Beta-Lactam_blaSHV-141,blaSHV-141
WP_0638646271_FEATURES_NDARO_Beta-Lactam_blaSHV-142,blaSHV-142
WP_0638646281_FEATURES_NDARO_Beta-Lactam_blaSHV-143,blaSHV-143
WP_0638646291_FEATURES_NDARO_Beta-Lactam_blaSHV-144,blaSHV-144
WP_0638646301_FEATURES_NDARO_Beta-Lactam_blaSHV-145,blaSHV-145
WP_0638646311_FEATURES_NDARO_Beta-Lactam_blaSHV-146,blaSHV-146
WP_0638646321_FEATURES_NDARO_Beta-Lactam_blaSHV-147,blaSHV-147
WP_0638646331_FEATURES_NDARO_Beta-Lactam_blaSHV-148,blaSHV-148
WP_0638646341_FEATURES_NDARO_Beta-Lactam_blaSHV-149,blaSHV-149
WP_0638646351_FEATURES_NDARO_Beta-Lactam_blaSHV-15,blaSHV-15
WP_0638646361_FEATURES_NDARO_Beta-Lactam_blaSHV-150,blaSHV-150
WP_0638646371_FEATURES_NDARO_Beta-Lactam_blaSHV-151,blaSHV-151
WP_0638646381_FEATURES_NDARO_Beta-Lactam_blaSHV-152,blaSHV-152
WP_0638646391_FEATURES_NDARO_Beta-Lactam_blaSHV-153,blaSHV-153
WP_0638646401_FEATURES_NDARO_Beta-Lactam_blaSHV-154,blaSHV-154
WP_0638646411_FEATURES_NDARO_Beta-Lactam_blaSHV-155,blaSHV-155
WP_0638646421_FEATURES_NDARO_Beta-Lactam_blaSHV-156,blaSHV-156
WP_0638646431_FEATURES_NDARO_Beta-Lactam_blaSHV-157,blaSHV-157
WP_0638646441_FEATURES_NDARO_Beta-Lactam_blaSHV-158,blaSHV-158
WP_0638646451_FEATURES_NDARO_Beta-Lactam_blaSHV-159,blaSHV-159
WP_0638646461_FEATURES_NDARO_Beta-Lactam_blaSHV-16,blaSHV-16
WP_0638646471_FEATURES_NDARO_Beta-Lactam_blaSHV-160,blaSHV-160
WP_0638646481_FEATURES_NDARO_Beta-Lactam_blaSHV-161,blaSHV-161
WP_0638646491_FEATURES_NDARO_Beta-Lactam_blaSHV-162,blaSHV-162
WP_0638646501_FEATURES_NDARO_Beta-Lactam_blaSHV-163,blaSHV-163
WP_0638646511_FEATURES_NDARO_Beta-Lactam_blaSHV-164,blaSHV-164
WP_0638646521_FEATURES_NDARO_Beta-Lactam_blaSHV-165,blaSHV-165
WP_0638646531_FEATURES_NDARO_Beta-Lactam_blaSHV-168,blaSHV-168
WP_0638646541_FEATURES_NDARO_Beta-Lactam_blaSHV-172,blaSHV-172
WP_0638646551_FEATURES_NDARO_Beta-Lactam_blaSHV-173,blaSHV-173
WP_0638646561_FEATURES_NDARO_Beta-Lactam_blaSHV-178,blaSHV-178
WP_0638646571_FEATURES_NDARO_Beta-Lactam_blaSHV-179,blaSHV-179
WP_0638646581_FEATURES_NDARO_Beta-Lactam_blaSHV-18,blaSHV-18
WP_0638646591_FEATURES_NDARO_Beta-Lactam_blaSHV-180,blaSHV-180
WP_0638646601_FEATURES_NDARO_Beta-Lactam_blaSHV-182,blaSHV-182
WP_0638646611_FEATURES_NDARO_Beta-Lactam_blaSHV-183,blaSHV-183
WP_0638646621_FEATURES_NDARO_Beta-Lactam_blaSHV-185,blaSHV-185
WP_0638646631_FEATURES_NDARO_Beta-Lactam_blaSHV-186,blaSHV-186
WP_0638646641_FEATURES_NDARO_Beta-Lactam_blaSHV-188,blaSHV-188
WP_0638646651_FEATURES_NDARO_Beta-Lactam_blaSHV-189,blaSHV-189
WP_0638646661_FEATURES_NDARO_Beta-Lactam_blaSHV-190,blaSHV-190
WP_0638646671_FEATURES_NDARO_Beta-Lactam_blaSHV-191,blaSHV-191
WP_0638646681_FEATURES_NDARO_Beta-Lactam_blaSHV-193,blaSHV-193
WP_0638646691_FEATURES_NDARO_Beta-Lactam_blaSHV-1b-b,blaSHV-1b-b
WP_0638646701_FEATURES_NDARO_Beta-Lactam_blaSHV-24,blaSHV-24
WP_0638646711_FEATURES_NDARO_Beta-Lactam_blaSHV-25,blaSHV-25
WP_0638646721_FEATURES_NDARO_Beta-Lactam_blaSHV-29,blaSHV-29
WP_0638646731_FEATURES_NDARO_Beta-Lactam_blaSHV-3,blaSHV-3
WP_0638646741_FEATURES_NDARO_Beta-Lactam_blaSHV-31,blaSHV-31
WP_0638646751_FEATURES_NDARO_Beta-Lactam_blaSHV-32,blaSHV-32
WP_0638646761_FEATURES_NDARO_Beta-Lactam_blaSHV-34,blaSHV-34
WP_0638646771_FEATURES_NDARO_Beta-Lactam_blaSHV-35,blaSHV-35
WP_0638646781_FEATURES_NDARO_Beta-Lactam_blaSHV-36,blaSHV-36
WP_0638646791_FEATURES_NDARO_Beta-Lactam_blaSHV-37,blaSHV-37
WP_0638646801_FEATURES_NDARO_Beta-Lactam_blaSHV-38,blaSHV-38
WP_0638646811_FEATURES_NDARO_Beta-Lactam_blaSHV-40,blaSHV-40
WP_0638646821_FEATURES_NDARO_Beta-Lactam_blaSHV-41,blaSHV-41
WP_0638646831_FEATURES_NDARO_Beta-Lactam_blaSHV-42,blaSHV-42
WP_0638646841_FEATURES_NDARO_Beta-Lactam_blaSHV-44,blaSHV-44
WP_0638646851_FEATURES_NDARO_Beta-Lactam_blaSHV-45,blaSHV-45
WP_0638646861_FEATURES_NDARO_Beta-Lactam_blaSHV-46,blaSHV-46
WP_0638646871_FEATURES_NDARO_Beta-Lactam_blaSHV-48,blaSHV-48
WP_0638646881_FEATURES_NDARO_Beta-Lactam_blaSHV-49,blaSHV-49
WP_0638646891_FEATURES_NDARO_Beta-Lactam_blaSHV-50,blaSHV-50
WP_0638646901_FEATURES_NDARO_Beta-Lactam_blaSHV-51,blaSHV-51
WP_0638646911_FEATURES_NDARO_Beta-Lactam_blaSHV-52,blaSHV-52
WP_0638646921_FEATURES_NDARO_Beta-Lactam_blaSHV-55,blaSHV-55
WP_0638646931_FEATURES_NDARO_Beta-Lactam_blaSHV-56,blaSHV-56
WP_0638646941_FEATURES_NDARO_Beta-Lactam_blaSHV-59,blaSHV-59
WP_0638646951_FEATURES_NDARO_Beta-Lactam_blaSHV-61,blaSHV-61
WP_0638646961_FEATURES_NDARO_Beta-Lactam_blaSHV-62,blaSHV-62
WP_0638646971_FEATURES_NDARO_Beta-Lactam_blaSHV-63,blaSHV-63
WP_0638646981_FEATURES_NDARO_Beta-Lactam_blaSHV-64,blaSHV-64
WP_0638646991_FEATURES_NDARO_Beta-Lactam_blaSHV-65,blaSHV-65
WP_0638647001_FEATURES_NDARO_Beta-Lactam_blaSHV-66,blaSHV-66
WP_0638647011_FEATURES_NDARO_Beta-Lactam_blaSHV-67,blaSHV-67
WP_0638647021_FEATURES_NDARO_Beta-Lactam_blaSHV-69,blaSHV-69
WP_0638647031_FEATURES_NDARO_Beta-Lactam_blaSHV-71,blaSHV-71
WP_0638647041_FEATURES_NDARO_Beta-Lactam_blaSHV-72,blaSHV-72
WP_0638647051_FEATURES_NDARO_Beta-Lactam_blaSHV-73,blaSHV-73
WP_0638647061_FEATURES_NDARO_Beta-Lactam_blaSHV-74,blaSHV-74
WP_0638647071_FEATURES_NDARO_Beta-Lactam_blaSHV-77,blaSHV-77
WP_0638647081_FEATURES_NDARO_Beta-Lactam_blaSHV-78,blaSHV-78
WP_0638647091_FEATURES_NDARO_Beta-Lactam_blaSHV-79,blaSHV-79
WP_0638647101_FEATURES_NDARO_Beta-Lactam_blaSHV-8,blaSHV-8
WP_0638647111_FEATURES_NDARO_Beta-Lactam_blaSHV-81,blaSHV-81
WP_0638647121_FEATURES_NDARO_Beta-Lactam_blaSHV-82,blaSHV-82
WP_0638647131_FEATURES_NDARO_Beta-Lactam_blaSHV-85,blaSHV-85
WP_0638647141_FEATURES_NDARO_Beta-Lactam_blaSHV-86,blaSHV-86
WP_0638647151_FEATURES_NDARO_Beta-Lactam_blaSHV-93,blaSHV-93
WP_0638647161_FEATURES_NDARO_Beta-Lactam_blaSHV-94,blaSHV-94
WP_0638647171_FEATURES_NDARO_Beta-Lactam_blaSHV-95,blaSHV-95
WP_0638647181_FEATURES_NDARO_Beta-Lactam_blaSHV-96,blaSHV-96
WP_0638647191_FEATURES_NDARO_Beta-Lactam_blaSHV-97,blaSHV-97
WP_0638647201_FEATURES_NDARO_Beta-Lactam_blaSHV-98,blaSHV-98
WP_0638647211_FEATURES_NDARO_Beta-Lactam_blaSHV-99,blaSHV-99
WP_0638647221_FEATURES_NDARO_Beta-Lactam_blaSIM-2,blaSIM-2
WP_0638647231_FEATURES_NDARO_Beta-Lactam_blaSMB-1,blaSMB-1
WP_0638647241_FEATURES_NDARO_Beta-Lactam_blaSME-1,blaSME-1
WP_0638647251_FEATURES_NDARO_Beta-Lactam_blaSME-2,blaSME-2
WP_0638647261_FEATURES_NDARO_Beta-Lactam_blaSME-3,blaSME-3
WP_0638647301_FEATURES_NDARO_Beta-Lactam_blaSME-4,blaSME-4
WP_0638647401_FEATURES_NDARO_Beta-Lactam_blaSME-5,blaSME-5
WP_0638647451_FEATURES_NDARO_Beta-Lactam_blaSPG-1,blaSPG-1
WP_0638647471_FEATURES_NDARO_Beta-Lactam_blaSPM-1,blaSPM-1
WP_0638647481_FEATURES_NDARO_Beta-Lactam_blaSPU-1,blaSPU-1
WP_0638647491_FEATURES_NDARO_Beta-Lactam_blaSRT-1,blaSRT-1
WP_0638647501_FEATURES_NDARO_Beta-Lactam_blaSST-1,blaSST-1
WP_0638647931_FEATURES_NDARO_Beta-Lactam_blaTEM-101,blaTEM-101
WP_0638647941_FEATURES_NDARO_Beta-Lactam_blaTEM-102,blaTEM-102
WP_0638647951_FEATURES_NDARO_Beta-Lactam_blaTEM-104,blaTEM-104
WP_0638647961_FEATURES_NDARO_Beta-Lactam_blaTEM-106,blaTEM-106
WP_0638647971_FEATURES_NDARO_Beta-Lactam_blaTEM-107,blaTEM-107
WP_0638647981_FEATURES_NDARO_Beta-Lactam_blaTEM-108,blaTEM-108
WP_0638647991_FEATURES_NDARO_Beta-Lactam_blaTEM-109,blaTEM-109
WP_0638648001_FEATURES_NDARO_Beta-Lactam_blaTEM-11,blaTEM-11
WP_0638648011_FEATURES_NDARO_Beta-Lactam_blaTEM-111,blaTEM-111
WP_0638648021_FEATURES_NDARO_Beta-Lactam_blaTEM-112,blaTEM-112
WP_0638648031_FEATURES_NDARO_Beta-Lactam_blaTEM-113,blaTEM-113
WP_0638648041_FEATURES_NDARO_Beta-Lactam_blaTEM-114,blaTEM-114
WP_0638648051_FEATURES_NDARO_Beta-Lactam_blaTEM-115,blaTEM-115
WP_0638648061_FEATURES_NDARO_Beta-Lactam_blaTEM-120,blaTEM-120
WP_0638648071_FEATURES_NDARO_Beta-Lactam_blaTEM-121,blaTEM-121
WP_0638648081_FEATURES_NDARO_Beta-Lactam_blaTEM-122,blaTEM-122
WP_0638648091_FEATURES_NDARO_Beta-Lactam_blaTEM-123,blaTEM-123
WP_0638648101_FEATURES_NDARO_Beta-Lactam_blaTEM-124,blaTEM-124
WP_0638648111_FEATURES_NDARO_Beta-Lactam_blaTEM-125,blaTEM-125
WP_0638648191_FEATURES_NDARO_Beta-Lactam_blaTEM-126,blaTEM-126
WP_0638648331_FEATURES_NDARO_Beta-Lactam_blaTEM-129,blaTEM-129
WP_0638648431_FEATURES_NDARO_Beta-Lactam_blaTEM-130,blaTEM-130
WP_0638648501_FEATURES_NDARO_Beta-Lactam_blaTEM-131,blaTEM-131
WP_0638648511_FEATURES_NDARO_Beta-Lactam_blaTEM-133,blaTEM-133
WP_0638648521_FEATURES_NDARO_Beta-Lactam_blaTEM-134,blaTEM-134
WP_0638648531_FEATURES_NDARO_Beta-Lactam_blaTEM-136,blaTEM-136
WP_0638648541_FEATURES_NDARO_Beta-Lactam_blaTEM-137,blaTEM-137
WP_0638648551_FEATURES_NDARO_Beta-Lactam_blaTEM-142,blaTEM-142
WP_0638648561_FEATURES_NDARO_Beta-Lactam_blaTEM-143,blaTEM-143
WP_0638648571_FEATURES_NDARO_Beta-Lactam_blaTEM-145,blaTEM-145
WP_0638648581_FEATURES_NDARO_Beta-Lactam_blaTEM-146,blaTEM-146
WP_0638648591_FEATURES_NDARO_Beta-Lactam_blaTEM-147,blaTEM-147
WP_0638648601_FEATURES_NDARO_Beta-Lactam_blaTEM-149,blaTEM-149
WP_0638648611_FEATURES_NDARO_Beta-Lactam_blaTEM-150,blaTEM-150
WP_0638648621_FEATURES_NDARO_Beta-Lactam_blaTEM-151,blaTEM-151
WP_0638648631_FEATURES_NDARO_Beta-Lactam_blaTEM-152,blaTEM-152
WP_0638648641_FEATURES_NDARO_Beta-Lactam_blaTEM-153,blaTEM-153
WP_0638648651_FEATURES_NDARO_Beta-Lactam_blaTEM-154,blaTEM-154
WP_0638648661_FEATURES_NDARO_Beta-Lactam_blaTEM-155,blaTEM-155
WP_0638648671_FEATURES_NDARO_Beta-Lactam_blaTEM-157,blaTEM-157
WP_0638648681_FEATURES_NDARO_Beta-Lactam_blaTEM-158,blaTEM-158
WP_0638648691_FEATURES_NDARO_Beta-Lactam_blaTEM-159,blaTEM-159
WP_0638648701_FEATURES_NDARO_Beta-Lactam_blaTEM-16,blaTEM-16
WP_0638648711_FEATURES_NDARO_Beta-Lactam_blaTEM-160,blaTEM-160
WP_0638648721_FEATURES_NDARO_Beta-Lactam_blaTEM-162,blaTEM-162
WP_0638648731_FEATURES_NDARO_Beta-Lactam_blaTEM-163,blaTEM-163
WP_0638648741_FEATURES_NDARO_Beta-Lactam_blaTEM-166,blaTEM-166
WP_0638648751_FEATURES_NDARO_Beta-Lactam_blaTEM-167,blaTEM-167
WP_0638648761_FEATURES_NDARO_Beta-Lactam_blaTEM-168,blaTEM-168
WP_0638648771_FEATURES_NDARO_Beta-Lactam_blaTEM-17,blaTEM-17
WP_0638648781_FEATURES_NDARO_Beta-Lactam_blaTEM-177,blaTEM-177
WP_0638648791_FEATURES_NDARO_Beta-Lactam_blaTEM-178,blaTEM-178
WP_0638648801_FEATURES_NDARO_Beta-Lactam_blaTEM-182,blaTEM-182
WP_0638648811_FEATURES_NDARO_Beta-Lactam_blaTEM-183,blaTEM-183
WP_0638648821_FEATURES_NDARO_Beta-Lactam_blaTEM-184,blaTEM-184
WP_0638648831_FEATURES_NDARO_Beta-Lactam_blaTEM-185,blaTEM-185
WP_0638648841_FEATURES_NDARO_Beta-Lactam_blaTEM-186,blaTEM-186
WP_0638648851_FEATURES_NDARO_Beta-Lactam_blaTEM-188,blaTEM-188
WP_0638648861_FEATURES_NDARO_Beta-Lactam_blaTEM-189,blaTEM-189
WP_0638648871_FEATURES_NDARO_Beta-Lactam_blaTEM-190,blaTEM-190
WP_0638648881_FEATURES_NDARO_Beta-Lactam_blaTEM-193,blaTEM-193
WP_0638648891_FEATURES_NDARO_Beta-Lactam_blaTEM-194,blaTEM-194
WP_0638648901_FEATURES_NDARO_Beta-Lactam_blaTEM-195,blaTEM-195
WP_0638648911_FEATURES_NDARO_Beta-Lactam_blaTEM-197,blaTEM-197
WP_0638648921_FEATURES_NDARO_Beta-Lactam_blaTEM-198,blaTEM-198
WP_0638648931_FEATURES_NDARO_Beta-Lactam_blaTEM-20,blaTEM-20
WP_0638648941_FEATURES_NDARO_Beta-Lactam_blaTEM-201,blaTEM-201
WP_0638648951_FEATURES_NDARO_Beta-Lactam_blaTEM-205,blaTEM-205
WP_0638648961_FEATURES_NDARO_Beta-Lactam_blaTEM-207,blaTEM-207
WP_0638648971_FEATURES_NDARO_Beta-Lactam_blaTEM-208,blaTEM-208
WP_0638648981_FEATURES_NDARO_Beta-Lactam_blaTEM-209,blaTEM-209
WP_0638648991_FEATURES_NDARO_Beta-Lactam_blaTEM-21,blaTEM-21
WP_0638649001_FEATURES_NDARO_Beta-Lactam_blaTEM-211,blaTEM-211
WP_0638649011_FEATURES_NDARO_Beta-Lactam_blaTEM-212,blaTEM-212
WP_0638649021_FEATURES_NDARO_Beta-Lactam_blaTEM-214,blaTEM-214
WP_0638649031_FEATURES_NDARO_Beta-Lactam_blaTEM-216,blaTEM-216
WP_0638649041_FEATURES_NDARO_Beta-Lactam_blaTEM-217,blaTEM-217
WP_0638649051_FEATURES_NDARO_Beta-Lactam_blaTEM-219,blaTEM-219
WP_0638649061_FEATURES_NDARO_Beta-Lactam_blaTEM-22,blaTEM-22
WP_0638649071_FEATURES_NDARO_Beta-Lactam_blaTEM-220,blaTEM-220
WP_0638649081_FEATURES_NDARO_Beta-Lactam_blaTEM-224,blaTEM-224
WP_0638649091_FEATURES_NDARO_Beta-Lactam_blaTEM-28,blaTEM-28
WP_0638649101_FEATURES_NDARO_Beta-Lactam_blaTEM-35,blaTEM-35
WP_0638649111_FEATURES_NDARO_Beta-Lactam_blaTEM-4,blaTEM-4
WP_0638649121_FEATURES_NDARO_Beta-Lactam_blaTEM-43,blaTEM-43
WP_0638649131_FEATURES_NDARO_Beta-Lactam_blaTEM-45,blaTEM-45
WP_0638649141_FEATURES_NDARO_Beta-Lactam_blaTEM-47,blaTEM-47
WP_0638649151_FEATURES_NDARO_Beta-Lactam_blaTEM-48,blaTEM-48
WP_0638649161_FEATURES_NDARO_Beta-Lactam_blaTEM-49,blaTEM-49
WP_0638649231_FEATURES_NDARO_Beta-Lactam_blaTEM-53,blaTEM-53
WP_0638649301_FEATURES_NDARO_Beta-Lactam_blaTEM-54,blaTEM-54
WP_0638649381_FEATURES_NDARO_Beta-Lactam_blaTEM-55,blaTEM-55
WP_0638649491_FEATURES_NDARO_Beta-Lactam_blaTEM-6,blaTEM-6
WP_0638649741_FEATURES_NDARO_Beta-Lactam_blaTEM-70,blaTEM-70
WP_0638649901_FEATURES_NDARO_Beta-Lactam_blaTEM-76,blaTEM-76
WP_0638649961_FEATURES_NDARO_Beta-Lactam_blaTEM-77,blaTEM-77
WP_0638650031_FEATURES_NDARO_Beta-Lactam_blaTEM-78,blaTEM-78
WP_0638650081_FEATURES_NDARO_Beta-Lactam_blaTEM-79,blaTEM-79
WP_0638650141_FEATURES_NDARO_Beta-Lactam_blaTEM-8,blaTEM-8
WP_0638650241_FEATURES_NDARO_Beta-Lactam_blaTEM-80,blaTEM-80
WP_0638650301_FEATURES_NDARO_Beta-Lactam_blaTEM-81,blaTEM-81
WP_0638650361_FEATURES_NDARO_Beta-Lactam_blaTEM-82,blaTEM-82
WP_0638650431_FEATURES_NDARO_Beta-Lactam_blaTEM-83,blaTEM-83
WP_0638650531_FEATURES_NDARO_Beta-Lactam_blaTEM-84,blaTEM-84
WP_0638650881_FEATURES_NDARO_Beta-Lactam_blaTEM-91,blaTEM-91
WP_0638651031_FEATURES_NDARO_Beta-Lactam_blaTEM-92,blaTEM-92
WP_0638651291_FEATURES_NDARO_Beta-Lactam_blaTEM-96,blaTEM-96
WP_0638651321_FEATURES_NDARO_Beta-Lactam_blaTEM-97,blaTEM-97
WP_0638651381_FEATURES_NDARO_Beta-Lactam_blaTEM-98,blaTEM-98
WP_0638651441_FEATURES_NDARO_Beta-Lactam_blaTEM-99,blaTEM-99
WP_0638651451_FEATURES_NDARO_Beta-Lactam_blaTER-1,blaTER-1
WP_0638651461_FEATURES_NDARO_Beta-Lactam_blaTER-2,blaTER-2
WP_0638651471_FEATURES_NDARO_Beta-Lactam_blaTMB-1,blaTMB-1
WP_0638651481_FEATURES_NDARO_Beta-Lactam_blaTMB-2,blaTMB-2
WP_0638651491_FEATURES_NDARO_Beta-Lactam_blaVCC-1,blaVCC-1
WP_0638651501_FEATURES_NDARO_Beta-Lactam_blaVEB-10,blaVEB-10
WP_0638651511_FEATURES_NDARO_Beta-Lactam_blaVEB-11,blaVEB-11
WP_0638651521_FEATURES_NDARO_Beta-Lactam_blaVEB-12,blaVEB-12
WP_0638651531_FEATURES_NDARO_Beta-Lactam_blaVEB-13,blaVEB-13
WP_0638651541_FEATURES_NDARO_Beta-Lactam_blaVEB-14,blaVEB-14
WP_0638651551_FEATURES_NDARO_Beta-Lactam_blaVEB-15,blaVEB-15
WP_0638651561_FEATURES_NDARO_Beta-Lactam_blaVEB-16,blaVEB-16
WP_0638651571_FEATURES_NDARO_Beta-Lactam_blaVEB-17,blaVEB-17
WP_0638651581_FEATURES_NDARO_Beta-Lactam_blaVEB-2,blaVEB-2
WP_0638651591_FEATURES_NDARO_Beta-Lactam_blaVEB-4,blaVEB-4
WP_0638651601_FEATURES_NDARO_Beta-Lactam_blaVEB-5,blaVEB-5
WP_0638651611_FEATURES_NDARO_Beta-Lactam_blaVEB-6,blaVEB-6
WP_0638651621_FEATURES_NDARO_Beta-Lactam_blaVEB-7,blaVEB-7
WP_0638651631_FEATURES_NDARO_Beta-Lactam_blaVEB-8,blaVEB-8
WP_0638651641_FEATURES_NDARO_Beta-Lactam_blaVHH-1,blaVHH-1
WP_0638651651_FEATURES_NDARO_Beta-Lactam_blaVHW-1,blaVHW-1
WP_0638651661_FEATURES_NDARO_Beta-Lactam_blaVIM-10,blaVIM-10
WP_0638651671_FEATURES_NDARO_Beta-Lactam_blaVIM-12,blaVIM-12
WP_0638651681_FEATURES_NDARO_Beta-Lactam_blaVIM-13,blaVIM-13
WP_0638651691_FEATURES_NDARO_Beta-Lactam_blaVIM-14,blaVIM-14
WP_0638651701_FEATURES_NDARO_Beta-Lactam_blaVIM-15,blaVIM-15
WP_0638651711_FEATURES_NDARO_Beta-Lactam_blaVIM-16,blaVIM-16
WP_0638651721_FEATURES_NDARO_Beta-Lactam_blaVIM-18,blaVIM-18
WP_0638651731_FEATURES_NDARO_Beta-Lactam_blaVIM-20,blaVIM-20
WP_0638651741_FEATURES_NDARO_Beta-Lactam_blaVIM-23,blaVIM-23
WP_0638651751_FEATURES_NDARO_Beta-Lactam_blaVIM-24,blaVIM-24
WP_0638651761_FEATURES_NDARO_Beta-Lactam_blaVIM-25,blaVIM-25
WP_0638651771_FEATURES_NDARO_Beta-Lactam_blaVIM-26,blaVIM-26
WP_0638651781_FEATURES_NDARO_Beta-Lactam_blaVIM-28,blaVIM-28
WP_0638651791_FEATURES_NDARO_Beta-Lactam_blaVIM-3,blaVIM-3
WP_0638651801_FEATURES_NDARO_Beta-Lactam_blaVIM-30,blaVIM-30
WP_0638651811_FEATURES_NDARO_Beta-Lactam_blaVIM-31,blaVIM-31
WP_0638651821_FEATURES_NDARO_Beta-Lactam_blaVIM-32,blaVIM-32
WP_0638651831_FEATURES_NDARO_Beta-Lactam_blaVIM-33,blaVIM-33
WP_0638651841_FEATURES_NDARO_Beta-Lactam_blaVIM-34,blaVIM-34
WP_0638651851_FEATURES_NDARO_Beta-Lactam_blaVIM-35,blaVIM-35
WP_0638651861_FEATURES_NDARO_Beta-Lactam_blaVIM-36,blaVIM-36
WP_0638651871_FEATURES_NDARO_Beta-Lactam_blaVIM-37,blaVIM-37
WP_0638651881_FEATURES_NDARO_Beta-Lactam_blaVIM-38,blaVIM-38
WP_0638651891_FEATURES_NDARO_Beta-Lactam_blaVIM-39,blaVIM-39
WP_0638651901_FEATURES_NDARO_Beta-Lactam_blaVIM-40,blaVIM-40
WP_0638651911_FEATURES_NDARO_Beta-Lactam_blaVIM-41,blaVIM-41
WP_0638651921_FEATURES_NDARO_Beta-Lactam_blaVIM-42,blaVIM-42
WP_0638651931_FEATURES_NDARO_Beta-Lactam_blaVIM-43,blaVIM-43
WP_0638651941_FEATURES_NDARO_Beta-Lactam_blaVIM-44,blaVIM-44
WP_0638651951_FEATURES_NDARO_Beta-Lactam_blaVIM-45,blaVIM-45
WP_0638651961_FEATURES_NDARO_Beta-Lactam_blaVIM-46,blaVIM-46
WP_0638651971_FEATURES_NDARO_Beta-Lactam_blaVIM-47,blaVIM-47
WP_0638651981_FEATURES_NDARO_Beta-Lactam_blaVIM-49,blaVIM-49
WP_0638651991_FEATURES_NDARO_Beta-Lactam_blaVIM-50,blaVIM-50
WP_0638652001_FEATURES_NDARO_Beta-Lactam_blaVIM-51,blaVIM-51
WP_0638652011_FEATURES_NDARO_Beta-Lactam_blaVIM-6,blaVIM-6
WP_0638652021_FEATURES_NDARO_Beta-Lactam_blaVIM-8,blaVIM-8
WP_0638652031_FEATURES_NDARO_Beta-Lactam_blaVIM-9,blaVIM-9
WP_0638652041_FEATURES_NDARO_Beta-Lactam_cepA-29,cepA-29
WP_0638652051_FEATURES_NDARO_Beta-Lactam_cfiA10,cfiA10
WP_0638652061_FEATURES_NDARO_Beta-Lactam_cfiA8,cfiA8
WP_0638652071_FEATURES_NDARO_Beta-Lactam_cfiA9,cfiA9
WP_0638652081_FEATURES_NDARO_Beta-Lactam_cphA2,cphA2
WP_0638652091_FEATURES_NDARO_Beta-Lactam_cphA4,cphA4
WP_0638652101_FEATURES_NDARO_Beta-Lactam_cphA5,cphA5
WP_0638652111_FEATURES_NDARO_Beta-Lactam_cphA6,cphA6
WP_0638652121_FEATURES_NDARO_Beta-Lactam_cphA7,cphA7
WP_0638652131_FEATURES_NDARO_Beta-Lactam_cphA8,cphA8
WP_0638652921_FEATURES_NDARO_Beta-Lactam_imiH,imiH
WP_0638652981_FEATURES_NDARO_Beta-Lactam_imiS,imiS
WP_0638653581_FEATURES_NDARO_Phenicol_Quinolone_oqxA2,oqxA2
WP_0638653681_FEATURES_NDARO_Phenicol_Quinolone_oqxA4,oqxA4
WP_0638653731_FEATURES_NDARO_Phenicol_Quinolone_oqxA5,oqxA5
WP_0638653851_FEATURES_NDARO_Phenicol_Quinolone_oqxA7,oqxA7
WP_0638653901_FEATURES_NDARO_Phenicol_Quinolone_oqxA8,oqxA8
WP_0638653991_FEATURES_NDARO_Phenicol_Quinolone_oqxA9,oqxA9
WP_0638654041_FEATURES_NDARO_Phenicol_Quinolone_oqxB10,oqxB10
WP_0638654081_FEATURES_NDARO_Phenicol_Quinolone_oqxB11,oqxB11
WP_0638654131_FEATURES_NDARO_Phenicol_Quinolone_oqxB12,oqxB12
WP_0638654181_FEATURES_NDARO_Phenicol_Quinolone_oqxB13,oqxB13
WP_0638654301_FEATURES_NDARO_Phenicol_Quinolone_oqxB16,oqxB16
WP_0638654401_FEATURES_NDARO_Phenicol_Quinolone_oqxB18,oqxB18
WP_0638654781_FEATURES_NDARO_Phenicol_Quinolone_oqxB22,oqxB22
WP_0638654831_FEATURES_NDARO_Phenicol_Quinolone_oqxB23,oqxB23
WP_0638654911_FEATURES_NDARO_Phenicol_Quinolone_oqxB24,oqxB24
WP_0638655091_FEATURES_NDARO_Phenicol_Quinolone_oqxB26,oqxB26
WP_0638655191_FEATURES_NDARO_Phenicol_Quinolone_oqxB28,oqxB28
WP_0638655311_FEATURES_NDARO_Phenicol_Quinolone_oqxB3,oqxB3
WP_0638655371_FEATURES_NDARO_Phenicol_Quinolone_oqxB30,oqxB30
WP_0638655441_FEATURES_NDARO_Phenicol_Quinolone_oqxB31,oqxB31
WP_0638655521_FEATURES_NDARO_Phenicol_Quinolone_oqxB4,oqxB4
WP_0638655691_FEATURES_NDARO_Phenicol_Quinolone_oqxB7,oqxB7
WP_0638655771_FEATURES_NDARO_Phenicol_Quinolone_oqxB8,oqxB8
WP_0638656631_FEATURES_NDARO_Quinolone_qepA3,qepA3
WP_0638657271_FEATURES_NDARO_Quinolone_qnrA4,qnrA4
WP_0638657391_FEATURES_NDARO_Quinolone_qnrA5,qnrA5
WP_0638657821_FEATURES_NDARO_Quinolone_qnrB13,qnrB13
WP_0638657911_FEATURES_NDARO_Quinolone_qnrB14,qnrB14
WP_0638657981_FEATURES_NDARO_Quinolone_qnrB15,qnrB15
WP_0638658021_FEATURES_NDARO_Quinolone_qnrB16,qnrB16
WP_0638659141_FEATURES_NDARO_Quinolone_qnrB20,qnrB20
WP_0638659291_FEATURES_NDARO_Quinolone_qnrB21,qnrB21
WP_0638659481_FEATURES_NDARO_Quinolone_qnrB23,qnrB23
WP_0638659601_FEATURES_NDARO_Quinolone_qnrB24,qnrB24
WP_0638659781_FEATURES_NDARO_Quinolone_qnrB26,qnrB26
WP_0638659991_FEATURES_NDARO_Quinolone_qnrB29,qnrB29
WP_0638660221_FEATURES_NDARO_Quinolone_qnrB31,qnrB31
WP_0638660311_FEATURES_NDARO_Quinolone_qnrB32,qnrB32
WP_0638660381_FEATURES_NDARO_Quinolone_qnrB33,qnrB33
WP_0638660491_FEATURES_NDARO_Quinolone_qnrB35,qnrB35
WP_0638660541_FEATURES_NDARO_Quinolone_qnrB36,qnrB36
WP_0638660611_FEATURES_NDARO_Quinolone_qnrB37,qnrB37
WP_0638660811_FEATURES_NDARO_Quinolone_qnrB40,qnrB40
WP_0638660871_FEATURES_NDARO_Quinolone_qnrB41,qnrB41
WP_0638660941_FEATURES_NDARO_Quinolone_qnrB42,qnrB42
WP_0638660991_FEATURES_NDARO_Quinolone_qnrB43,qnrB43
WP_0638661051_FEATURES_NDARO_Quinolone_qnrB44,qnrB44
WP_0638661091_FEATURES_NDARO_Quinolone_qnrB45,qnrB45
WP_0638661191_FEATURES_NDARO_Quinolone_qnrB46,qnrB46
WP_0638661251_FEATURES_NDARO_Quinolone_qnrB47,qnrB47
WP_0638661311_FEATURES_NDARO_Quinolone_qnrB48,qnrB48
WP_0638661351_FEATURES_NDARO_Quinolone_qnrB49,qnrB49
WP_0638661431_FEATURES_NDARO_Quinolone_qnrB5,qnrB5
WP_0638661501_FEATURES_NDARO_Quinolone_qnrB50,qnrB50
WP_0638661581_FEATURES_NDARO_Quinolone_qnrB52,qnrB52
WP_0638661621_FEATURES_NDARO_Quinolone_qnrB53,qnrB53
WP_0638661681_FEATURES_NDARO_Quinolone_qnrB54,qnrB54
WP_0638661761_FEATURES_NDARO_Quinolone_qnrB55,qnrB55
WP_0638661841_FEATURES_NDARO_Quinolone_qnrB56,qnrB56
WP_0638661881_FEATURES_NDARO_Quinolone_qnrB57,qnrB57
WP_0638661931_FEATURES_NDARO_Quinolone_qnrB58,qnrB58
WP_0638661991_FEATURES_NDARO_Quinolone_qnrB59,qnrB59
WP_0638662111_FEATURES_NDARO_Quinolone_qnrB60,qnrB60
WP_0638662171_FEATURES_NDARO_Quinolone_qnrB61,qnrB61
WP_0638662241_FEATURES_NDARO_Quinolone_qnrB62,qnrB62
WP_0638662331_FEATURES_NDARO_Quinolone_qnrB64,qnrB64
WP_0638662411_FEATURES_NDARO_Quinolone_qnrB65,qnrB65
WP_0638662471_FEATURES_NDARO_Quinolone_qnrB66,qnrB66
WP_0638662521_FEATURES_NDARO_Quinolone_qnrB67,qnrB67
WP_0638662571_FEATURES_NDARO_Quinolone_qnrB68,qnrB68
WP_0638662761_FEATURES_NDARO_Quinolone_qnrB7,qnrB7
WP_0638662811_FEATURES_NDARO_Quinolone_qnrB70,qnrB70
WP_0638662871_FEATURES_NDARO_Quinolone_qnrB71,qnrB71
WP_0638662961_FEATURES_NDARO_Quinolone_qnrB72,qnrB72
WP_0638663061_FEATURES_NDARO_Quinolone_qnrB73,qnrB73
WP_0638663131_FEATURES_NDARO_Quinolone_qnrB74,qnrB74
WP_0638663141_FEATURES_NDARO_Quinolone_qnrB8,qnrB8
WP_0638663981_FEATURES_NDARO_Quinolone_qnrS4,qnrS4
WP_0638664131_FEATURES_NDARO_Quinolone_qnrS7,qnrS7
WP_0638664171_FEATURES_NDARO_Quinolone_qnrS8,qnrS8
WP_0638664241_FEATURES_NDARO_Quinolone_qnrS9,qnrS9
WP_0638664381_FEATURES_NDARO_Quinolone_qnrVC3,qnrVC3
WP_0638664601_FEATURES_NDARO_Quinolone_qnrVC7,qnrVC7
WP_0638664691_FEATURES_NDARO_Aminoglycoside_rmtD2,rmtD2
WP_0638664781_FEATURES_NDARO_Aminoglycoside_rmtE1,rmtE1
WP_0638664901_FEATURES_NDARO_Aminoglycoside_rmtE2,rmtE2
WP_0639438291_FEATURES_NDARO_Beta-Lactam_blaACT-103,blaACT-103
WP_0639640001_FEATURES_NDARO_Aminoglycoside_kamB,kamB
WP_0639640011_FEATURES_NDARO_Aminoglycoside_kamB,kamB
WP_0639640021_FEATURES_NDARO_Tetracycline_tet(B),tet(B)
WP_0639780701_FEATURES_NDARO_Beta-Lactam_blaHMB-1,blaHMB-1
WP_0639780711_FEATURES_NDARO_Aminoglycoside_sgm,sgm
WP_0639784821_FEATURES_NDARO_Aminoglycoside_aac(6_)-Ib-AKT,aac(6')-Ib-AKT
WP_0640560561_FEATURES_NDARO_Beta-Lactam_blaOXA-14,blaOXA-14
WP_0641731351_FEATURES_NDARO_Beta-Lactam_blaSHV-240,blaSHV-240
WP_0641836951_FEATURES_NDARO_Beta-Lactam_blaOKP-B-16,blaOKP-B-16
WP_0641868451_FEATURES_NDARO_Quinolone_qnrS13,qnrS13
WP_0641909671_FEATURES_NDARO_Tetracycline_tet(Z),tet(Z)
WP_0641909681_FEATURES_NDARO_Aminoglycoside_aac(6_)-29a,aac(6')-29a
WP_0641909691_FEATURES_NDARO_Aminoglycoside_aac(6_)-29b,aac(6')-29b
WP_0641909701_FEATURES_NDARO_Beta-Lactam_blaIMI-12,blaIMI-12
WP_0642390131_FEATURES_NDARO_Aminoglycoside_aac(6_)-Iak,aac(6')-Iak
WP_0643449651_FEATURES_NDARO_Beta-Lactam_blaOXY-2-22,blaOXY-2-22
WP_0643612751_FEATURES_NDARO_Beta-Lactam_blaOXY-2-23,blaOXY-2-23
WP_0643751961_FEATURES_NDARO_Beta-Lactam_blaOXY-2-24,blaOXY-2-24
WP_0643783511_FEATURES_NDARO_Beta-Lactam_blaOXY-1-9,blaOXY-1-9
WP_0643969141_FEATURES_NDARO_Beta-Lactam_blaOXY-2-18,blaOXY-2-18
WP_0644839901_FEATURES_NDARO_Beta-Lactam_blaOXA-496,blaOXA-496
WP_0644839911_FEATURES_NDARO_Beta-Lactam_blaPDC-126,blaPDC-126
WP_0644839921_FEATURES_NDARO_Beta-Lactam_blaPDC-127,blaPDC-127
WP_0644839931_FEATURES_NDARO_Beta-Lactam_blaPDC-128,blaPDC-128
WP_0644839941_FEATURES_NDARO_Beta-Lactam_blaPDC-129,blaPDC-129
WP_0644839951_FEATURES_NDARO_Beta-Lactam_blaPDC-130,blaPDC-130
WP_0644839961_FEATURES_NDARO_Beta-Lactam_blaPDC-131,blaPDC-131
WP_0644839971_FEATURES_NDARO_Beta-Lactam_blaPDC-132,blaPDC-132
WP_0644839981_FEATURES_NDARO_Beta-Lactam_blaPDC-133,blaPDC-133
WP_0644839991_FEATURES_NDARO_Beta-Lactam_blaPDC-134,blaPDC-134
WP_0644840001_FEATURES_NDARO_Beta-Lactam_blaPDC-135,blaPDC-135
WP_0644840011_FEATURES_NDARO_Beta-Lactam_blaPDC-136,blaPDC-136
WP_0644840021_FEATURES_NDARO_Beta-Lactam_blaPDC-137,blaPDC-137
WP_0644840031_FEATURES_NDARO_Beta-Lactam_blaPDC-138,blaPDC-138
WP_0644840041_FEATURES_NDARO_Beta-Lactam_blaPDC-139,blaPDC-139
WP_0644840051_FEATURES_NDARO_Beta-Lactam_blaPDC-140,blaPDC-140
WP_0644840061_FEATURES_NDARO_Beta-Lactam_blaPDC-141,blaPDC-141
WP_0645114901_FEATURES_NDARO_Beta-Lactam_blaCTX-M-183,blaCTX-M-183
WP_0645114911_FEATURES_NDARO_Beta-Lactam_blaCTX-M-184,blaCTX-M-184
WP_0645114921_FEATURES_NDARO_Beta-Lactam_blaFOX-14,blaFOX-14
WP_0645114931_FEATURES_NDARO_Beta-Lactam_blaPDC-142,blaPDC-142
WP_0645114941_FEATURES_NDARO_Beta-Lactam_blaPDC-143,blaPDC-143
WP_0645114951_FEATURES_NDARO_Beta-Lactam_blaPDC-144,blaPDC-144
WP_0645114961_FEATURES_NDARO_Beta-Lactam_blaPDC-145,blaPDC-145
WP_0645114971_FEATURES_NDARO_Beta-Lactam_blaPDC-146,blaPDC-146
WP_0645114981_FEATURES_NDARO_Beta-Lactam_blaPDC-147,blaPDC-147
WP_0645114991_FEATURES_NDARO_Beta-Lactam_blaPDC-148,blaPDC-148
WP_0645115001_FEATURES_NDARO_Beta-Lactam_blaPDC-149,blaPDC-149
WP_0645115011_FEATURES_NDARO_Beta-Lactam_blaPDC-150,blaPDC-150
WP_0645115021_FEATURES_NDARO_Beta-Lactam_blaPDC-152,blaPDC-152
WP_0645115031_FEATURES_NDARO_Beta-Lactam_blaPDC-153,blaPDC-153
WP_0645115041_FEATURES_NDARO_Beta-Lactam_blaPDC-154,blaPDC-154
WP_0645115051_FEATURES_NDARO_Beta-Lactam_blaPDC-155,blaPDC-155
WP_0645115061_FEATURES_NDARO_Beta-Lactam_blaPDC-156,blaPDC-156
WP_0645115071_FEATURES_NDARO_Beta-Lactam_blaPDC-157,blaPDC-157
WP_0645115081_FEATURES_NDARO_Beta-Lactam_blaPDC-158,blaPDC-158
WP_0645115091_FEATURES_NDARO_Beta-Lactam_blaPDC-159,blaPDC-159
WP_0645115101_FEATURES_NDARO_Beta-Lactam_blaPDC-160,blaPDC-160
WP_0645115111_FEATURES_NDARO_Beta-Lactam_blaPDC-161,blaPDC-161
WP_0645115121_FEATURES_NDARO_Beta-Lactam_blaPDC-162,blaPDC-162
WP_0645115131_FEATURES_NDARO_Beta-Lactam_blaPDC-163,blaPDC-163
WP_0645115141_FEATURES_NDARO_Beta-Lactam_blaPDC-164,blaPDC-164
WP_0645115151_FEATURES_NDARO_Beta-Lactam_blaPDC-165,blaPDC-165
WP_0645437551_FEATURES_NDARO_Beta-Lactam_blaCTX-M-152,blaCTX-M-152
WP_0647334931_FEATURES_NDARO_Beta-Lactam_blaSHV-207,blaSHV-207
WP_0647388591_FEATURES_NDARO_Beta-Lactam_blaSHV-244,blaSHV-244
WP_0647604511_FEATURES_NDARO_Quinolone_qepA4,qepA4
WP_0647651901_FEATURES_NDARO_Aminoglycoside_aac(6_)-Ib-D181Y,aac(6')-Ib-D181Y
WP_0647687011_FEATURES_NDARO_Quinolone_qepA7,qepA7
WP_0648085811_FEATURES_NDARO_Beta-Lactam_blaOXA-574,blaOXA-574
WP_0648088811_FEATURES_NDARO_Beta-Lactam_blaOXA-573,blaOXA-573
WP_0649071161_FEATURES_NDARO_Beta-Lactam_blaADC-232,blaADC-232
WP_0649078311_FEATURES_NDARO_Beta-Lactam_blaADC-224,blaADC-224
WP_0649646071_FEATURES_NDARO_Beta-Lactam_blaRATA-1,blaRATA-1
WP_0649647471_FEATURES_NDARO_Beta-Lactam_blaRASA-1,blaRASA-1
WP_0649874781_FEATURES_NDARO_Beta-Lactam_blaADC-223,blaADC-223
WP_0650819611_FEATURES_NDARO_Beta-Lactam_blaGOB-32,blaGOB-32
WP_0650835351_FEATURES_NDARO_Beta-Lactam_blaB-26,blaB-26
WP_0651021781_FEATURES_NDARO_Beta-Lactam_blaL,blaL
WP_0651022381_FEATURES_NDARO_Beta-Lactam_blaCMY-140,blaCMY-140
WP_0651022781_FEATURES_NDARO_Beta-Lactam_blaCTX-M-185,blaCTX-M-185
WP_0651022881_FEATURES_NDARO_Beta-Lactam_blaIMP-60,blaIMP-60
WP_0651023061_FEATURES_NDARO_Beta-Lactam_blaPDC-166,blaPDC-166
WP_0651023111_FEATURES_NDARO_Beta-Lactam_blaPDC-167,blaPDC-167
WP_0651589501_FEATURES_NDARO_Beta-Lactam_blaBEL-4,blaBEL-4
WP_0651590141_FEATURES_NDARO_Beta-Lactam_blaOXA-520,blaOXA-520
WP_0651590281_FEATURES_NDARO_Beta-Lactam_blaPDC-169,blaPDC-169
WP_0651590321_FEATURES_NDARO_Beta-Lactam_blaPDC-170,blaPDC-170
WP_0651610011_FEATURES_NDARO_Beta-Lactam_blaB-33,blaB-33
WP_0651870001_FEATURES_NDARO_Aminoglycoside_Quinolone_aac(6_)-Ib-cr4,aac(6')-Ib-cr4
WP_0651872011_FEATURES_NDARO_Aminoglycoside_aac(6_)-Ib-AGKT,aac(6')-Ib-AGKT
WP_0652177831_FEATURES_NDARO_Aminoglycoside_aac(6_)_E111,aac(6')_E111
WP_0652740781_FEATURES_NDARO_Colistin_mcr-12,mcr-1.2
WP_0654195681_FEATURES_NDARO_Beta-Lactam_blaCTX-M-171,blaCTX-M-171
WP_0654195691_FEATURES_NDARO_Beta-Lactam_blaCTX-M-186,blaCTX-M-186
WP_0654195701_FEATURES_NDARO_Beta-Lactam_blaIMP-61,blaIMP-61
WP_0654195711_FEATURES_NDARO_Beta-Lactam_blaKPC-25,blaKPC-25
WP_0654195721_FEATURES_NDARO_Beta-Lactam_blaOXA-521,blaOXA-521
WP_0654195731_FEATURES_NDARO_Beta-Lactam_blaSHV-194,blaSHV-194
WP_0654195741_FEATURES_NDARO_Colistin_mcr-21,mcr-2.1
WP_0655973261_FEATURES_NDARO_Beta-Lactam_blaALI-2,blaALI-2
WP_0656446371_FEATURES_NDARO_Beta-Lactam_blaCMY-141,blaCMY-141
WP_0657120981_FEATURES_NDARO_Beta-Lactam_blaADC-308,blaADC-308
WP_0658016161_FEATURES_NDARO_Colistin_mcr-320,mcr-3.20
WP_0658046631_FEATURES_NDARO_Colistin_mcr-34,mcr-3.4
WP_0658256701_FEATURES_NDARO_Beta-Lactam_blaBCL-1,blaBCL-1
WP_0658256781_FEATURES_NDARO_Beta-Lactam_blaVEB-18,blaVEB-18
WP_0658256841_FEATURES_NDARO_Quinolone_qnrB75,qnrB75
WP_0658256931_FEATURES_NDARO_Quinolone_qnrB77,qnrB77
WP_0658256991_FEATURES_NDARO_Quinolone_qnrB78,qnrB78
WP_0658257031_FEATURES_NDARO_Quinolone_qnrB80,qnrB80
WP_0659087391_FEATURES_NDARO_Quinolone_qnrB91,qnrB91
WP_0659800861_FEATURES_NDARO_Beta-Lactam_blaOXA-784,blaOXA-784
WP_0661875681_FEATURES_NDARO_Fosfomycin_fosM2,fosM2
WP_0686113771_FEATURES_NDARO_Beta-Lactam_blaOXA-533,blaOXA-533
WP_0686134991_FEATURES_NDARO_Beta-Lactam_blaADC-287,blaADC-287
WP_0687915461_FEATURES_NDARO_Beta-Lactam_blaB-6,blaB-6
WP_0688011641_FEATURES_NDARO_Beta-Lactam_blaB-22,blaB-22
WP_0688850731_FEATURES_NDARO_Beta-Lactam_blaPAD-1,blaPAD-1
WP_0689816071_FEATURES_NDARO_Beta-Lactam_blaADC-100,blaADC-100
WP_0689816081_FEATURES_NDARO_Beta-Lactam_blaADC-101,blaADC-101
WP_0689816091_FEATURES_NDARO_Beta-Lactam_blaADC-102,blaADC-102
WP_0689816101_FEATURES_NDARO_Beta-Lactam_blaADC-103,blaADC-103
WP_0689816111_FEATURES_NDARO_Beta-Lactam_blaADC-104,blaADC-104
WP_0689816121_FEATURES_NDARO_Beta-Lactam_blaADC-105,blaADC-105
WP_0689816131_FEATURES_NDARO_Beta-Lactam_blaADC-106,blaADC-106
WP_0689816141_FEATURES_NDARO_Beta-Lactam_blaADC-107,blaADC-107
WP_0689816151_FEATURES_NDARO_Beta-Lactam_blaADC-83,blaADC-83
WP_0689816161_FEATURES_NDARO_Beta-Lactam_blaADC-84,blaADC-84
WP_0689816171_FEATURES_NDARO_Beta-Lactam_blaADC-85,blaADC-85
WP_0689816181_FEATURES_NDARO_Beta-Lactam_blaADC-86,blaADC-86
WP_0689816191_FEATURES_NDARO_Beta-Lactam_blaADC-87,blaADC-87
WP_0689816201_FEATURES_NDARO_Beta-Lactam_blaADC-89,blaADC-89
WP_0689816211_FEATURES_NDARO_Beta-Lactam_blaADC-90,blaADC-90
WP_0689816221_FEATURES_NDARO_Beta-Lactam_blaADC-91,blaADC-91
WP_0689816231_FEATURES_NDARO_Beta-Lactam_blaADC-92,blaADC-92
WP_0689816241_FEATURES_NDARO_Beta-Lactam_blaADC-93,blaADC-93
WP_0689816251_FEATURES_NDARO_Beta-Lactam_blaADC-94,blaADC-94
WP_0689816261_FEATURES_NDARO_Beta-Lactam_blaADC-95,blaADC-95
WP_0689816271_FEATURES_NDARO_Beta-Lactam_blaADC-96,blaADC-96
WP_0689816281_FEATURES_NDARO_Beta-Lactam_blaADC-97,blaADC-97
WP_0689816291_FEATURES_NDARO_Beta-Lactam_blaADC-98,blaADC-98
WP_0689816301_FEATURES_NDARO_Beta-Lactam_blaADC-99,blaADC-99
WP_0689816311_FEATURES_NDARO_Beta-Lactam_blaCARB-49,blaCARB-49
WP_0689816321_FEATURES_NDARO_Beta-Lactam_blaCTX-M-188,blaCTX-M-188
WP_0689816331_FEATURES_NDARO_Beta-Lactam_blaCTX-M-189,blaCTX-M-189
WP_0689816341_FEATURES_NDARO_Beta-Lactam_blaKPC-26,blaKPC-26
WP_0689816351_FEATURES_NDARO_Beta-Lactam_blaOXA-510,blaOXA-510
WP_0689816361_FEATURES_NDARO_Beta-Lactam_blaOXA-511,blaOXA-511
WP_0689816371_FEATURES_NDARO_Beta-Lactam_blaOXA-522,blaOXA-522
WP_0689816381_FEATURES_NDARO_Beta-Lactam_blaOXA-523,blaOXA-523
WP_0689816391_FEATURES_NDARO_Beta-Lactam_blaOXA-524,blaOXA-524
WP_0689816401_FEATURES_NDARO_Beta-Lactam_blaOXA-525,blaOXA-525
WP_0689816411_FEATURES_NDARO_Beta-Lactam_blaOXA-526,blaOXA-526
WP_0689816421_FEATURES_NDARO_Beta-Lactam_blaOXA-527,blaOXA-527
WP_0689816431_FEATURES_NDARO_Beta-Lactam_blaOXA-528,blaOXA-528
WP_0689816441_FEATURES_NDARO_Beta-Lactam_blaOXA-529,blaOXA-529
WP_0689816451_FEATURES_NDARO_Beta-Lactam_blaOXA-530,blaOXA-530
WP_0689816461_FEATURES_NDARO_Beta-Lactam_blaOXA-531,blaOXA-531
WP_0689816471_FEATURES_NDARO_Beta-Lactam_blaOXA-532,blaOXA-532
WP_0689816481_FEATURES_NDARO_Beta-Lactam_blaSHV-195,blaSHV-195
WP_0690674731_FEATURES_NDARO_Aminoglycoside_aac(6_)-Ib-AKT,aac(6')-Ib-AKT
WP_0691476171_FEATURES_NDARO_Beta-Lactam_blaGOB-6,blaGOB-6
WP_0691745681_FEATURES_NDARO_Aminoglycoside_aac(6_)-Iaj,aac(6')-Iaj
WP_0691745691_FEATURES_NDARO_Beta-Lactam_blaADC-29,blaADC-29
WP_0691745701_FEATURES_NDARO_Fosfomycin_fosA6,fosA6
WP_0692138161_FEATURES_NDARO_Beta-Lactam_blaGOB-27,blaGOB-27
WP_0692140191_FEATURES_NDARO_Beta-Lactam_blaB-23,blaB-23
WP_0692209141_FEATURES_NDARO_Beta-Lactam_blaPEN-A33,blaPEN-A33
WP_0692807061_FEATURES_NDARO_Beta-Lactam_blaCTX-M-190,blaCTX-M-190
WP_0692807091_FEATURES_NDARO_Beta-Lactam_blaGES-32,blaGES-32
WP_0692807101_FEATURES_NDARO_Beta-Lactam_blaIMP-62,blaIMP-62
WP_0692807111_FEATURES_NDARO_Beta-Lactam_blaOXA-534,blaOXA-534
WP_0692807141_FEATURES_NDARO_Beta-Lactam_blaSHV-196,blaSHV-196
WP_0693703411_FEATURES_NDARO_Beta-Lactam_blaADC-328,blaADC-328
WP_0694531461_FEATURES_NDARO_Aminoglycoside_aac(6_)-Ip,aac(6')-Ip
WP_0697200531_FEATURES_NDARO_Beta-Lactam_blaACT-111,blaACT-111
WP_0699535101_FEATURES_NDARO_Beta-Lactam_blaAFM-1,blaAFM-1
WP_0699857321_FEATURES_NDARO_Aminoglycoside_aac(6_)-Ib11,aac(6')-Ib11
WP_0699966601_FEATURES_NDARO_Beta-Lactam_mecC3,mecC3
WP_0700645311_FEATURES_NDARO_Beta-Lactam_blaFAR-1,blaFAR-1
WP_0700645331_FEATURES_NDARO_Glycopeptide_vanS-O,vanS-O
WP_0700645341_FEATURES_NDARO_Beta-Lactam_blaCTX-M-138,blaCTX-M-138
WP_0700645351_FEATURES_NDARO_Beta-Lactam_blaOXA-536,blaOXA-536
WP_0700645361_FEATURES_NDARO_Beta-Lactam_blaOXA-537,blaOXA-537
WP_0700645371_FEATURES_NDARO_Beta-Lactam_blaCMY-142,blaCMY-142
WP_0701421411_FEATURES_NDARO_Beta-Lactam_blaPDC-174,blaPDC-174
WP_0702101181_FEATURES_NDARO_Beta-Lactam_blaOXA-658,blaOXA-658
WP_0702336801_FEATURES_NDARO_Beta-Lactam_blaOXA-614,blaOXA-614
WP_0703423561_FEATURES_NDARO_Aminoglycoside_aadA7,aadA7
WP_0703423571_FEATURES_NDARO_Aminoglycoside_aadA2,aadA2
WP_0703423591_FEATURES_NDARO_Aminoglycoside_aadA10,aadA10
WP_0703423601_FEATURES_NDARO_Lincosamide_lnu(F),lnu(F)
WP_0703423621_FEATURES_NDARO_Aminoglycoside_aadA5,aadA5
WP_0703423641_FEATURES_NDARO_Lincosamide_lnu(F),lnu(F)
WP_0703423661_FEATURES_NDARO_Aminoglycoside_aadA15,aadA15
WP_0703423671_FEATURES_NDARO_Lincosamide_lnu(F),lnu(F)
WP_0703423681_FEATURES_NDARO_Trimethoprim_dfrA12,dfrA12
WP_0703423691_FEATURES_NDARO_Aminoglycoside_aadA5,aadA5
WP_0703423701_FEATURES_NDARO_Trimethoprim_dfrA7,dfrA7
WP_0703423711_FEATURES_NDARO_Aminoglycoside_aadA5,aadA5
WP_0703423721_FEATURES_NDARO_Aminoglycoside_aadA2,aadA2
WP_0703423731_FEATURES_NDARO_Aminoglycoside_ant(3__)-Ij,ant(3'')-Ij
WP_0703423731_FEATURES_NDARO_Aminoglycoside_aac(6_)-IIa,aac(6')-IIa
WP_0703970901_FEATURES_NDARO_Streptothricin_sat2_fam,sat2_fam
WP_0703970911_FEATURES_NDARO_Streptothricin_sat2_fam,sat2_fam
WP_0703970921_FEATURES_NDARO_Streptothricin_sat2_fam,sat2_fam
WP_0703970931_FEATURES_NDARO_Streptothricin_sat2_fam,sat2_fam
WP_0703970941_FEATURES_NDARO_Streptothricin_sat2_fam,sat2_fam
WP_0705095501_FEATURES_NDARO_Macrolide_mef(H),mef(H)
WP_0706984971_FEATURES_NDARO_Beta-Lactam_blaPDC-278,blaPDC-278
WP_0709844441_FEATURES_NDARO_Beta-Lactam_blaSHV-171,blaSHV-171
WP_0712186801_FEATURES_NDARO_Phenicol_catU,catU
WP_0712189481_FEATURES_NDARO_Streptogramin_vat(I),vat(I)
WP_0712191121_FEATURES_NDARO_Streptogramin_vgb(C),vgb(C)
WP_0712231181_FEATURES_NDARO_Pleuromutilin_taeA,taeA
WP_0712233021_FEATURES_NDARO_Tetracycline_tetB(58),tetB(58)
WP_0712233031_FEATURES_NDARO_Tetracycline_tetA(58),tetA(58)
WP_0712240441_FEATURES_NDARO_Aminoglycoside_aac(2_)-IIb,aac(2')-IIb
WP_0715374931_FEATURES_NDARO_Beta-Lactam_blaOXA-544,blaOXA-544
WP_0715932001_FEATURES_NDARO_Aminoglycoside_aac(6_)-Ib-G,aac(6')-Ib-G
WP_0715932011_FEATURES_NDARO_Aminoglycoside_aac(6_)-Iag,aac(6')-Iag
WP_0715932021_FEATURES_NDARO_Aminoglycoside_aacA49,aacA49
WP_0715932031_FEATURES_NDARO_Aminoglycoside_aadA1,aadA1
WP_0715932051_FEATURES_NDARO_Aminoglycoside_aadA1bt,aadA1bt
WP_0715932081_FEATURES_NDARO_Aminoglycoside_aadA1bt,aadA1bt
WP_0715932161_FEATURES_NDARO_Aminoglycoside_aadA2,aadA2
WP_0715932191_FEATURES_NDARO_Aminoglycoside_aadA2,aadA2
WP_0715932231_FEATURES_NDARO_Beta-Lactam_blaCMY-143,blaCMY-143
WP_0715932241_FEATURES_NDARO_Beta-Lactam_blaCMY-144,blaCMY-144
WP_0715932251_FEATURES_NDARO_Beta-Lactam_blaIMP-63,blaIMP-63
WP_0715932261_FEATURES_NDARO_Beta-Lactam_blaIMP-64,blaIMP-64
WP_0715932271_FEATURES_NDARO_Beta-Lactam_blaOXA-538,blaOXA-538
WP_0715932281_FEATURES_NDARO_Aminoglycoside_Phenicol_catB8,catB8
WP_0715932281_FEATURES_NDARO_Aminoglycoside_Phenicol_aac(6_)-Ib_,aac(6')-Ib'
WP_0715932291_FEATURES_NDARO_Aminoglycoside_aac(6_)-If,aac(6')-If
WP_0715932301_FEATURES_NDARO_Aminoglycoside_aac(6_)-Ib-AKT,aac(6')-Ib-AKT
WP_0715932321_FEATURES_NDARO_Aminoglycoside_aac(6_)-Ib-G,aac(6')-Ib-G
WP_0715932331_FEATURES_NDARO_Beta-Lactam_blaOXA-539,blaOXA-539
WP_0716848141_FEATURES_NDARO_Fosfomycin_fosA79,fosA7.9
AAG277311_FEATURES_NDARO_Efflux_norM-Burk,norM-Burk
WP_0717018191_FEATURES_NDARO_Quinolone_qnrS12,qnrS12
WP_0717663991_FEATURES_NDARO_Aminoglycoside_Quinolone_aac(6_)-Ib-cr7,aac(6')-Ib-cr7
WP_0717664001_FEATURES_NDARO_Phenicol_catB8,catB8
WP_0717664021_FEATURES_NDARO_Beta-Lactam_blaMSI-1,blaMSI-1
WP_0717666191_FEATURES_NDARO_Beta-Lactam_blaSFH-1,blaSFH-1
WP_0717666201_FEATURES_NDARO_Aminoglycoside_aacA10,aacA10
WP_0717666211_FEATURES_NDARO_Aminoglycoside_Quinolone_aac(6_)-Ib-cr3,aac(6')-Ib-cr3
WP_0717666221_FEATURES_NDARO_Beta-Lactam_blaRm3,blaRm3
WP_0718211941_FEATURES_NDARO_Aminoglycoside_aadA36,aadA36
WP_0718461861_FEATURES_NDARO_Trimethoprim_dfrA1,dfrA1
WP_0718461871_FEATURES_NDARO_Aminoglycoside_aadA1,aadA1
WP_0718461891_FEATURES_NDARO_Aminoglycoside_aac(6_)-IIa,aac(6')-IIa
WP_0718461901_FEATURES_NDARO_Aminoglycoside_aadA15,aadA15
WP_0718461911_FEATURES_NDARO_Trimethoprim_dfrA17,dfrA17
WP_0718461921_FEATURES_NDARO_Aminoglycoside_aadA5,aadA5
WP_0718461931_FEATURES_NDARO_Trimethoprim_dfrA17,dfrA17
WP_0718461941_FEATURES_NDARO_Aminoglycoside_aadA6,aadA6
WP_0718461951_FEATURES_NDARO_Trimethoprim_dfrA17,dfrA17
WP_0718461961_FEATURES_NDARO_Aminoglycoside_aadA5,aadA5
WP_0718461971_FEATURES_NDARO_Phenicol_cmlA,cmlA
WP_0718461981_FEATURES_NDARO_Aminoglycoside_aadA2,aadA2
WP_0718461991_FEATURES_NDARO_Trimethoprim_dfrA17,dfrA17
WP_0718462001_FEATURES_NDARO_Trimethoprim_dfrB9,dfrB9
WP_0718462011_FEATURES_NDARO_Trimethoprim_dfrA5,dfrA5
WP_0718462021_FEATURES_NDARO_Rifamycin_arr-3,arr-3
WP_0718462031_FEATURES_NDARO_Beta-Lactam_blaOXA-540,blaOXA-540
WP_0718462041_FEATURES_NDARO_Aminoglycoside_aac(6_)-set_A,aac(6')-set_A
WP_0718462061_FEATURES_NDARO_Aminoglycoside_aadA1,aadA1
WP_0718462071_FEATURES_NDARO_Phenicol_catB3,catB3
WP_0718462081_FEATURES_NDARO_Aminoglycoside_aac(6_)-Ib-AKT,aac(6')-Ib-AKT
WP_0718462091_FEATURES_NDARO_Aminoglycoside_aac(6_)-Ib-AKT,aac(6')-Ib-AKT
WP_0718462101_FEATURES_NDARO_Macrolide_ere(A),ere(A)
WP_0718462121_FEATURES_NDARO_Trimethoprim_dfrA12,dfrA12
WP_0718462131_FEATURES_NDARO_Aminoglycoside_aacA32,aacA32
WP_0718462151_FEATURES_NDARO_Aminoglycoside_Quinolone_aac(6_)-Ib-cr,aac(6')-Ib-cr
WP_0718462161_FEATURES_NDARO_Aminoglycoside_aacA-ACI2,aacA-ACI2
WP_0718462171_FEATURES_NDARO_Aminoglycoside_ant(2__)-Ia,ant(2'')-Ia
WP_0718462181_FEATURES_NDARO_Aminoglycoside_aadA2,aadA2
WP_0718462201_FEATURES_NDARO_Aminoglycoside_aadA1,aadA1
WP_0718462221_FEATURES_NDARO_Aminoglycoside_aadA2,aadA2
WP_0718462231_FEATURES_NDARO_Aminoglycoside_aadA1,aadA1
WP_0718462241_FEATURES_NDARO_Aminoglycoside_aadA1,aadA1
WP_0718462271_FEATURES_NDARO_Aminoglycoside_aadA1,aadA1
WP_0718462281_FEATURES_NDARO_Aminoglycoside_aadA1,aadA1
WP_0718462291_FEATURES_NDARO_Aminoglycoside_aadA2,aadA2
WP_0718462301_FEATURES_NDARO_Aminoglycoside_ant(2__)-Ia,ant(2'')-Ia
WP_0718462311_FEATURES_NDARO_Aminoglycoside_aadA2,aadA2
WP_0718462321_FEATURES_NDARO_Aminoglycoside_aadA2,aadA2
WP_0718462331_FEATURES_NDARO_Aminoglycoside_aadA1,aadA1
WP_0718462341_FEATURES_NDARO_Aminoglycoside_aadA2,aadA2
WP_0718462351_FEATURES_NDARO_Aminoglycoside_aadA1,aadA1
WP_0718462361_FEATURES_NDARO_Aminoglycoside_aadA2,aadA2
WP_0718462371_FEATURES_NDARO_Aminoglycoside_aadA2,aadA2
WP_0718462381_FEATURES_NDARO_Aminoglycoside_ant(2__)-Ia,ant(2'')-Ia
WP_0718462391_FEATURES_NDARO_Aminoglycoside_aac(6_)-set_A,aac(6')-set_A
WP_0718462401_FEATURES_NDARO_Aminoglycoside_aadA1,aadA1
WP_0718462411_FEATURES_NDARO_Aminoglycoside_aac(6_)-Ib-AKT,aac(6')-Ib-AKT
WP_0718462421_FEATURES_NDARO_Trimethoprim_dfrA33,dfrA33
WP_0718462431_FEATURES_NDARO_Aminoglycoside_aadA1,aadA1
WP_0718462441_FEATURES_NDARO_Aminoglycoside_aadA5,aadA5
WP_0718462461_FEATURES_NDARO_Aminoglycoside_aadA2,aadA2
WP_0718462471_FEATURES_NDARO_Trimethoprim_dfrA17,dfrA17
WP_0718462481_FEATURES_NDARO_Aminoglycoside_aadA2,aadA2
WP_0718462491_FEATURES_NDARO_Aminoglycoside_aac(6_)-Ib-G,aac(6')-Ib-G
WP_0718462501_FEATURES_NDARO_Aminoglycoside_aadA1,aadA1
WP_0718462511_FEATURES_NDARO_Aminoglycoside_aadA5,aadA5
WP_0718462521_FEATURES_NDARO_Aminoglycoside_aadA1,aadA1
WP_0718462531_FEATURES_NDARO_Aminoglycoside_aadA1,aadA1
WP_0718462541_FEATURES_NDARO_Aminoglycoside_aac(6_)-Ib-AGKT,aac(6')-Ib-AGKT
WP_0718462551_FEATURES_NDARO_Aminoglycoside_aacA34,aacA34
WP_0718462561_FEATURES_NDARO_Aminoglycoside_aadA1,aadA1
WP_0718462571_FEATURES_NDARO_Aminoglycoside_aadA5,aadA5
WP_0718462591_FEATURES_NDARO_Aminoglycoside_aac(6_)-set_A,aac(6')-set_A
WP_0718462601_FEATURES_NDARO_Aminoglycoside_aac(6_)-set_A,aac(6')-set_A
WP_0718462611_FEATURES_NDARO_Aminoglycoside_aadA10,aadA10
WP_0718462621_FEATURES_NDARO_Aminoglycoside_aac(6_)-Ib-G,aac(6')-Ib-G
WP_0718462631_FEATURES_NDARO_Aminoglycoside_ant(3__)-Ia,ant(3'')-Ia
WP_0718462641_FEATURES_NDARO_Aminoglycoside_ant(3__)-Ia,ant(3'')-Ia
WP_0718462651_FEATURES_NDARO_Aminoglycoside_ant(3__)-Ia,ant(3'')-Ia
WP_0718462661_FEATURES_NDARO_Aminoglycoside_aadA10,aadA10
WP_0718462671_FEATURES_NDARO_Aminoglycoside_aadA11,aadA11
WP_0718462681_FEATURES_NDARO_Aminoglycoside_aadA12,aadA12
WP_0718462691_FEATURES_NDARO_Aminoglycoside_aadA13,aadA13
WP_0718462701_FEATURES_NDARO_Aminoglycoside_aadA1,aadA1
WP_0718462711_FEATURES_NDARO_Aminoglycoside_aadA1,aadA1
WP_0718462721_FEATURES_NDARO_Aminoglycoside_aadA1,aadA1
WP_0718462731_FEATURES_NDARO_Aminoglycoside_aadA2,aadA2
WP_0718462741_FEATURES_NDARO_Aminoglycoside_aadA2,aadA2
WP_0718462751_FEATURES_NDARO_Aminoglycoside_aadA1,aadA1
WP_0718462761_FEATURES_NDARO_Aminoglycoside_aadA1,aadA1
WP_0718462781_FEATURES_NDARO_Aminoglycoside_aadA3,aadA3
WP_0718462791_FEATURES_NDARO_Phenicol_cmlA,cmlA
WP_0718462801_FEATURES_NDARO_Rifamycin_arr-3,arr-3
WP_0718462811_FEATURES_NDARO_Aminoglycoside_aac(6_)-Ib-G,aac(6')-Ib-G
WP_0718462821_FEATURES_NDARO_Trimethoprim_dfrA12,dfrA12
WP_0718462841_FEATURES_NDARO_Phenicol_catB8,catB8
WP_0718462851_FEATURES_NDARO_Lincosamide_lnu(F),lnu(F)
WP_0718462861_FEATURES_NDARO_Aminoglycoside_aadA5,aadA5
WP_0718462871_FEATURES_NDARO_Aminoglycoside_aadA5,aadA5
WP_0718462881_FEATURES_NDARO_Aminoglycoside_aadA1,aadA1
WP_0718462911_FEATURES_NDARO_Aminoglycoside_aac(6_)-Ib-G,aac(6')-Ib-G
WP_0718462931_FEATURES_NDARO_Trimethoprim_dfrA1,dfrA1
WP_0718462951_FEATURES_NDARO_Trimethoprim_dfrA1,dfrA1
WP_0718462961_FEATURES_NDARO_Aminoglycoside_aadA1,aadA1
WP_0718462971_FEATURES_NDARO_Aminoglycoside_aadA6,aadA6
WP_0718462981_FEATURES_NDARO_Aminoglycoside_aadA6,aadA6
WP_0718463011_FEATURES_NDARO_Aminoglycoside_aac(6_)-Ib-G,aac(6')-Ib-G
WP_0718463021_FEATURES_NDARO_Aminoglycoside_aadA5,aadA5
WP_0718463031_FEATURES_NDARO_Aminoglycoside_ant(2__)-Ia,ant(2'')-Ia
WP_0718463041_FEATURES_NDARO_Aminoglycoside_aadA1,aadA1
WP_0718463051_FEATURES_NDARO_Aminoglycoside_ant(2__)-Ia,ant(2'')-Ia
WP_0718463061_FEATURES_NDARO_Trimethoprim_dfrA1,dfrA1
WP_0718463071_FEATURES_NDARO_Streptothricin_estX,estX
WP_0718463071_FEATURES_NDARO_Streptothricin_sat2_fam,sat2_fam
WP_0718463081_FEATURES_NDARO_Aminoglycoside_aadA2,aadA2
WP_0718463091_FEATURES_NDARO_Aminoglycoside_aadA2,aadA2
WP_0718463101_FEATURES_NDARO_Aminoglycoside_aac(6_)-Iz,aac(6')-Iz
WP_0718463111_FEATURES_NDARO_Phenicol_catB3,catB3
WP_0718463121_FEATURES_NDARO_Aminoglycoside_ant(2__)-Ia,ant(2'')-Ia
WP_0718463131_FEATURES_NDARO_Aminoglycoside_ant(2__)-Ia,ant(2'')-Ia
WP_0718463141_FEATURES_NDARO_Aminoglycoside_ant(2__)-Ia,ant(2'')-Ia
WP_0718463151_FEATURES_NDARO_Aminoglycoside_aadA1,aadA1
WP_0718463161_FEATURES_NDARO_Trimethoprim_dfrB4,dfrB4
WP_0718463171_FEATURES_NDARO_Aminoglycoside_ant(2__)-Ia,ant(2'')-Ia
WP_0718463181_FEATURES_NDARO_Aminoglycoside_aac(6_)-Il,aac(6')-Il
WP_0718463191_FEATURES_NDARO_Aminoglycoside_aadA2,aadA2
WP_0718463211_FEATURES_NDARO_Aminoglycoside_aadA22,aadA22
WP_0718463221_FEATURES_NDARO_Aminoglycoside_aadA8,aadA8
WP_0718463231_FEATURES_NDARO_Aminoglycoside_aadA8,aadA8
WP_0718463241_FEATURES_NDARO_Aminoglycoside_aadA8,aadA8
WP_0718463251_FEATURES_NDARO_Aminoglycoside_aadA8,aadA8
WP_0718463261_FEATURES_NDARO_Aminoglycoside_aadA7,aadA7
WP_0718463271_FEATURES_NDARO_Aminoglycoside_aadA10,aadA10
WP_0718463281_FEATURES_NDARO_Aminoglycoside_aadA9,aadA9
WP_0718463291_FEATURES_NDARO_Aminoglycoside_aac(6_)-Ib-G,aac(6')-Ib-G
WP_0718463321_FEATURES_NDARO_Aminoglycoside_aac(6_)-Ib-AKT,aac(6')-Ib-AKT
WP_0718463331_FEATURES_NDARO_Aminoglycoside_aac(6_)_Serra,aac(6')_Serra
WP_0718463341_FEATURES_NDARO_Aminoglycoside_aac(6_)-set_A,aac(6')-set_A
WP_0718463351_FEATURES_NDARO_Aminoglycoside_aac(6_)-Ib-G,aac(6')-Ib-G
WP_0718463361_FEATURES_NDARO_Macrolide_ere(A),ere(A)
WP_0718463371_FEATURES_NDARO_Aminoglycoside_aadA2,aadA2
WP_0718463381_FEATURES_NDARO_Aminoglycoside_aadA1,aadA1
WP_0718463391_FEATURES_NDARO_Aminoglycoside_aadA1,aadA1
WP_0718463401_FEATURES_NDARO_Aminoglycoside_aadA1,aadA1
WP_0718463411_FEATURES_NDARO_Aminoglycoside_ant(2__)-Ia,ant(2'')-Ia
WP_0718463421_FEATURES_NDARO_Aminoglycoside_aadA1,aadA1
WP_0718463431_FEATURES_NDARO_Aminoglycoside_aadA1,aadA1
WP_0718463441_FEATURES_NDARO_Aminoglycoside_aadA9,aadA9
WP_0718463451_FEATURES_NDARO_Aminoglycoside_aadA2,aadA2
WP_0718463461_FEATURES_NDARO_Aminoglycoside_aadA3,aadA3
WP_0718463471_FEATURES_NDARO_Phenicol_catB3,catB3
WP_0718463491_FEATURES_NDARO_Aminoglycoside_aadA1,aadA1
WP_0718463501_FEATURES_NDARO_Phenicol_catB3,catB3
WP_0718463521_FEATURES_NDARO_Aminoglycoside_aacA-STR-13,aacA-STR-13
WP_0718463531_FEATURES_NDARO_Aminoglycoside_aacA-ENT1,aacA-ENT1
WP_0718463541_FEATURES_NDARO_Aminoglycoside_aadA1,aadA1
WP_0718463551_FEATURES_NDARO_Aminoglycoside_aadA5,aadA5
WP_0718463561_FEATURES_NDARO_Aminoglycoside_aadA5,aadA5
WP_0718463571_FEATURES_NDARO_Aminoglycoside_aadA1,aadA1
WP_0718463581_FEATURES_NDARO_Beta-Lactam_blaCARB-55,blaCARB-55
WP_0718463591_FEATURES_NDARO_Aminoglycoside_aac(3)-If,aac(3)-If
WP_0718463601_FEATURES_NDARO_Aminoglycoside_ant(2__)-Ia,ant(2'')-Ia
WP_0718463611_FEATURES_NDARO_Aminoglycoside_aac(6_)-Ib-G,aac(6')-Ib-G
WP_0718463621_FEATURES_NDARO_Aminoglycoside_aadA6,aadA6
WP_0718463631_FEATURES_NDARO_Phenicol_catB3,catB3
WP_0718463641_FEATURES_NDARO_Aminoglycoside_aadA3,aadA3
WP_0718463661_FEATURES_NDARO_Trimethoprim_dfrA1,dfrA1
WP_0718463671_FEATURES_NDARO_Aminoglycoside_aadA2,aadA2
WP_0718463681_FEATURES_NDARO_Aminoglycoside_ant(2__)-Ia,ant(2'')-Ia
WP_0718463691_FEATURES_NDARO_Aminoglycoside_aadA2,aadA2
WP_0718463701_FEATURES_NDARO_Aminoglycoside_aadA2,aadA2
WP_0718463711_FEATURES_NDARO_Aminoglycoside_aadA1,aadA1
WP_0718463721_FEATURES_NDARO_Aminoglycoside_aadA1,aadA1
WP_0718463731_FEATURES_NDARO_Aminoglycoside_aac(6_)-Ib-AKT,aac(6')-Ib-AKT
WP_0718463741_FEATURES_NDARO_Aminoglycoside_aac(6_)-IIa,aac(6')-IIa
WP_0718463751_FEATURES_NDARO_Phenicol_catB3,catB3
WP_0718463761_FEATURES_NDARO_Aminoglycoside_aacA43,aacA43
WP_0718463791_FEATURES_NDARO_Aminoglycoside_aadA5,aadA5
WP_0718463811_FEATURES_NDARO_Aminoglycoside_aadA5,aadA5
WP_0718463821_FEATURES_NDARO_Aminoglycoside_aac(6_)-Ib-G,aac(6')-Ib-G
WP_0718463831_FEATURES_NDARO_Trimethoprim_dfrA12,dfrA12
WP_0718463841_FEATURES_NDARO_Beta-Lactam_blaOXA-541,blaOXA-541
WP_0718463851_FEATURES_NDARO_Aminoglycoside_aac(6_)-Ib-G,aac(6')-Ib-G
WP_0718463861_FEATURES_NDARO_Aminoglycoside_aadA2,aadA2
WP_0718463871_FEATURES_NDARO_Trimethoprim_dfrA1,dfrA1
WP_0718463881_FEATURES_NDARO_Trimethoprim_dfrA5,dfrA5
CAC145961_FEATURES_NDARO_Quinolone_smeF,smeF
WP_0719846821_FEATURES_NDARO_Aminoglycoside_aac(6_)-Ib-G,aac(6')-Ib-G
WP_0720819911_FEATURES_NDARO_Bleomycin_blmA,blmA
WP_0720819921_FEATURES_NDARO_Beta-Lactam_blaKPC-28,blaKPC-28
WP_0720819931_FEATURES_NDARO_Beta-Lactam_blaSHV-197,blaSHV-197
WP_0721248061_FEATURES_NDARO_Beta-Lactam_blaLEN-34,blaLEN-34
WP_0721399741_FEATURES_NDARO_Beta-Lactam_blaACT-84,blaACT-84
WP_0721861061_FEATURES_NDARO_Beta-Lactam_blaRUB-1,blaRUB-1
WP_0722011031_FEATURES_NDARO_Aminoglycoside_aac(6_)-Ib-G,aac(6')-Ib-G
WP_0722922711_FEATURES_NDARO_Beta-Lactam_blaADC-186,blaADC-186
WP_0723109761_FEATURES_NDARO_Colistin_mcr-82,mcr-8.2
WP_0724198111_FEATURES_NDARO_Fosfomycin_fosY,fosY
WP_0726436801_FEATURES_NDARO_Beta-Lactam_blaCTX-M-267,blaCTX-M-267
WP_0726785051_FEATURES_NDARO_Beta-Lactam_blaOXA-732,blaOXA-732
WP_0730009891_FEATURES_NDARO_Beta-Lactam_blaACT-116,blaACT-116
WP_0733503131_FEATURES_NDARO_Beta-Lactam_blaVEB-32,blaVEB-32
WP_0735520231_FEATURES_NDARO_Beta-Lactam_blaGOB-47,blaGOB-47
WP_0736472451_FEATURES_NDARO_Beta-Lactam_blaPDC-213,blaPDC-213
WP_0736476221_FEATURES_NDARO_Beta-Lactam_blaOXA-1272,blaOXA-1272
WP_0736688921_FEATURES_NDARO_Beta-Lactam_blaKPC-31,blaKPC-31
WP_0736693251_FEATURES_NDARO_Beta-Lactam_blaPDC-285,blaPDC-285
WP_0738002841_FEATURES_NDARO_Beta-Lactam_blaKPC-32,blaKPC-32
WP_0742067791_FEATURES_NDARO_Beta-Lactam_blaOXA-1298,blaOXA-1298
WP_0743859241_FEATURES_NDARO_Beta-Lactam_blaLEN-43,blaLEN-43
WP_0750400461_FEATURES_NDARO_Beta-Lactam_blaOXA-817,blaOXA-817
WP_0750719391_FEATURES_NDARO_Beta-Lactam_blaOXA-1089,blaOXA-1089
WP_0751122791_FEATURES_NDARO_Beta-Lactam_blaOXA-959,blaOXA-959
WP_0752262411_FEATURES_NDARO_Beta-Lactam_blaPSV-1,blaPSV-1
WP_0756063111_FEATURES_NDARO_Beta-Lactam_blaROB-3,blaROB-3
WP_0759856831_FEATURES_NDARO_Beta-Lactam_blaCMY-146,blaCMY-146
WP_0759856841_FEATURES_NDARO_Beta-Lactam_blaCMY-145,blaCMY-145
WP_0759856851_FEATURES_NDARO_Beta-Lactam_blaTEM-36,blaTEM-36
WP_0759856861_FEATURES_NDARO_Beta-Lactam_blaTEM-225,blaTEM-225
WP_0764123841_FEATURES_NDARO_Beta-Lactam_blaOXA-114p,blaOXA-114p
WP_0766110601_FEATURES_NDARO_Beta-Lactam_blaNDM-17,blaNDM-17
WP_0766110611_FEATURES_NDARO_Colistin_mcr-15,mcr-1.5
WP_0766110621_FEATURES_NDARO_Colistin_mcr-14,mcr-1.4
WP_0770216711_FEATURES_NDARO_Beta-Lactam_blaOXA-1043,blaOXA-1043
WP_0770648851_FEATURES_NDARO_Colistin_mcr-13,mcr-1.3
WP_0770648861_FEATURES_NDARO_Beta-Lactam_blaKPC-27,blaKPC-27
WP_0770648871_FEATURES_NDARO_Beta-Lactam_blaIMI-14,blaIMI-14
WP_0770648881_FEATURES_NDARO_Beta-Lactam_blaVIM-54,blaVIM-54
WP_0770648891_FEATURES_NDARO_Beta-Lactam_blaTEM-191,blaTEM-191
WP_0770648901_FEATURES_NDARO_Beta-Lactam_blaNDM-18,blaNDM-18
WP_0770963191_FEATURES_NDARO_Beta-Lactam_blaOXA-724,blaOXA-724
WP_0772482061_FEATURES_NDARO_Beta-Lactam_blaPDC-175,blaPDC-175
WP_0772482071_FEATURES_NDARO_Beta-Lactam_blaPDC-176,blaPDC-176
WP_0772482081_FEATURES_NDARO_Colistin_mcr-16,mcr-1.6
WP_0775643551_FEATURES_NDARO_Beta-Lactam_blaOXA-1327,blaOXA-1327
WP_0777672891_FEATURES_NDARO_Beta-Lactam_blaCMY-147,blaCMY-147
WP_0777672901_FEATURES_NDARO_Beta-Lactam_blaCTX-M-193,blaCTX-M-193
WP_0777672911_FEATURES_NDARO_Beta-Lactam_blaCTX-M-194,blaCTX-M-194
WP_0777672921_FEATURES_NDARO_Beta-Lactam_blaCTX-M-195,blaCTX-M-195
WP_0777672931_FEATURES_NDARO_Beta-Lactam_blaCTX-M-196,blaCTX-M-196
WP_0777672941_FEATURES_NDARO_Beta-Lactam_blaDHA-25,blaDHA-25
WP_0782026431_FEATURES_NDARO_Beta-Lactam_blaADC-280,blaADC-280
WP_0782077461_FEATURES_NDARO_Quinolone_qnrE2,qnrE2
WP_0782161901_FEATURES_NDARO_Beta-Lactam_blaADC-218,blaADC-218
WP_0782254011_FEATURES_NDARO_Beta-Lactam_blaOXA-942,blaOXA-942
WP_0782300921_FEATURES_NDARO_Beta-Lactam_blaADC-213,blaADC-213
WP_0782542991_FEATURES_NDARO_Colistin_mcr-22,mcr-2.2
WP_0783186201_FEATURES_NDARO_Beta-Lactam_blaROB-4,blaROB-4
WP_0783948271_FEATURES_NDARO_Beta-Lactam_blaB-14,blaB-14
WP_0783953231_FEATURES_NDARO_Beta-Lactam_blaGOB-41,blaGOB-41
WP_0784023911_FEATURES_NDARO_Beta-Lactam_blaB-7,blaB-7
WP_0784026511_FEATURES_NDARO_Beta-Lactam_blaGOB-51,blaGOB-51
WP_0784071311_FEATURES_NDARO_Beta-Lactam_blaGOB-43,blaGOB-43
WP_0784115231_FEATURES_NDARO_Beta-Lactam_blaGOB-3,blaGOB-3
WP_0786750231_FEATURES_NDARO_Beta-Lactam_blaGOB-50,blaGOB-50
WP_0786752491_FEATURES_NDARO_Beta-Lactam_blaB-31,blaB-31
WP_0786765511_FEATURES_NDARO_Beta-Lactam_blaGOB-30,blaGOB-30
WP_0786781261_FEATURES_NDARO_Beta-Lactam_blaGOB-29,blaGOB-29
WP_0786787821_FEATURES_NDARO_Beta-Lactam_blaB-34,blaB-34
WP_0786913741_FEATURES_NDARO_Beta-Lactam_blaGOB-4,blaGOB-4
WP_0786914671_FEATURES_NDARO_Beta-Lactam_blaB-18,blaB-18
WP_0787020101_FEATURES_NDARO_Beta-Lactam_blaB-25,blaB-25
WP_0787034391_FEATURES_NDARO_Beta-Lactam_blaGOB-31,blaGOB-31
WP_0787043701_FEATURES_NDARO_Beta-Lactam_blaB-24,blaB-24
WP_0787211081_FEATURES_NDARO_Beta-Lactam_blaB-8,blaB-8
WP_0787226461_FEATURES_NDARO_Beta-Lactam_blaGOB-36,blaGOB-36
WP_0787237471_FEATURES_NDARO_Beta-Lactam_blaB-32,blaB-32
WP_0787242621_FEATURES_NDARO_Beta-Lactam_blaGOB-48,blaGOB-48
WP_0787699801_FEATURES_NDARO_Beta-Lactam_blaGOB-46,blaGOB-46
WP_0787728151_FEATURES_NDARO_Beta-Lactam_blaB-27,blaB-27
WP_0787785101_FEATURES_NDARO_Beta-Lactam_blaB-39,blaB-39
WP_0787791881_FEATURES_NDARO_Beta-Lactam_blaGOB-35,blaGOB-35
WP_0787820851_FEATURES_NDARO_Beta-Lactam_blaB-10,blaB-10
WP_0787931001_FEATURES_NDARO_Beta-Lactam_blaB-35,blaB-35
WP_0787932811_FEATURES_NDARO_Beta-Lactam_blaGOB-44,blaGOB-44
WP_0787953461_FEATURES_NDARO_Beta-Lactam_blaB-38,blaB-38
WP_0787956341_FEATURES_NDARO_Beta-Lactam_blaGOB-23,blaGOB-23
WP_0787970001_FEATURES_NDARO_Beta-Lactam_blaGOB-33,blaGOB-33
WP_0787983911_FEATURES_NDARO_Beta-Lactam_blaB-37,blaB-37
WP_0793873291_FEATURES_NDARO_Beta-Lactam_blaIMP-91,blaIMP-91
WP_0794527381_FEATURES_NDARO_Aminoglycoside_aac(6_)-Ib-AKT,aac(6')-Ib-AKT
WP_0794598971_FEATURES_NDARO_Aminoglycoside_aac(3)-Ib,aac(3)-Ib
WP_0797675321_FEATURES_NDARO_Beta-Lactam_blaHMB-2,blaHMB-2
WP_0798207151_FEATURES_NDARO_Fosfomycin_fosA78,fosA7.8
WP_0805285551_FEATURES_NDARO_Beta-Lactam_blaOXY-1-13,blaOXY-1-13
WP_0806994251_FEATURES_NDARO_Beta-Lactam_blaTEM-229,blaTEM-229
WP_0807003571_FEATURES_NDARO_Beta-Lactam_blaHBL-1,blaHBL-1
WP_0808896261_FEATURES_NDARO_Beta-Lactam_blaB-36,blaB-36
WP_0808973951_FEATURES_NDARO_Beta-Lactam_blaOKP-D-1,blaOKP-D-1
WP_0809233751_FEATURES_NDARO_Beta-Lactam_blaLEN-30,blaLEN-30
WP_0810487621_FEATURES_NDARO_Beta-Lactam_blaMYO-1,blaMYO-1
WP_0811741951_FEATURES_NDARO_Beta-Lactam_blaOXA-980,blaOXA-980
WP_0813189001_FEATURES_NDARO_Beta-Lactam_blaB-29,blaB-29
WP_0813219891_FEATURES_NDARO_Beta-Lactam_blaB-9,blaB-9
WP_0813302641_FEATURES_NDARO_Beta-Lactam_blaAXC-3,blaAXC-3
WP_0813989731_FEATURES_NDARO_Beta-Lactam_blaOXA-290,blaOXA-290
WP_0814007301_FEATURES_NDARO_Beta-Lactam_blaOXA-289,blaOXA-289
WP_0814016081_FEATURES_NDARO_Beta-Lactam_blaOXA-671,blaOXA-671
WP_0814069291_FEATURES_NDARO_Beta-Lactam_blaOXA-674,blaOXA-674
WP_0816666911_FEATURES_NDARO_Beta-Lactam_blaLHK-1,blaLHK-1
WP_0818531831_FEATURES_NDARO_Beta-Lactam_blaELM-1,blaELM-1
WP_0820391811_FEATURES_NDARO_Lincosamide_Pleuromutilin_Streptogramin_sal(D),sal(D)
WP_0827414351_FEATURES_NDARO_Colistin_icr-Mo,icr-Mo
WP_0835555771_FEATURES_NDARO_Beta-Lactam_blaPDC-620,blaPDC-620
WP_0853349081_FEATURES_NDARO_Aminoglycoside_aac(6_)-Id,aac(6')-Id
WP_0855623801_FEATURES_NDARO_Beta-Lactam_blaBIL-1,blaBIL-1
WP_0855623811_FEATURES_NDARO_Fosfomycin_fosB6,fosB6
WP_0855623821_FEATURES_NDARO_Fosfomycin_fosB5,fosB5
WP_0855623831_FEATURES_NDARO_Beta-Lactam_cfiA19,cfiA19
WP_0855623841_FEATURES_NDARO_Beta-Lactam_blaOXA-517,blaOXA-517
WP_0855623851_FEATURES_NDARO_Beta-Lactam_cfiA22,cfiA22
WP_0855623861_FEATURES_NDARO_Beta-Lactam_cfiA23,cfiA23
WP_0855623871_FEATURES_NDARO_Beta-Lactam_cfiA24,cfiA24
WP_0855623881_FEATURES_NDARO_Beta-Lactam_cfiA18,cfiA18
WP_0855623891_FEATURES_NDARO_Beta-Lactam_cfiA17,cfiA17
WP_0855623901_FEATURES_NDARO_Beta-Lactam_cfiA21,cfiA21
WP_0855623911_FEATURES_NDARO_Beta-Lactam_blaIMP-66,blaIMP-66
WP_0855623921_FEATURES_NDARO_Colistin_mcr-17,mcr-1.7
WP_0855623931_FEATURES_NDARO_Beta-Lactam_blaPDC-177,blaPDC-177
WP_0855623941_FEATURES_NDARO_Beta-Lactam_blaPDC-178,blaPDC-178
WP_0855623951_FEATURES_NDARO_Beta-Lactam_blaCMY-148,blaCMY-148
WP_0855623961_FEATURES_NDARO_Beta-Lactam_blaCMY-149,blaCMY-149
WP_0855623971_FEATURES_NDARO_Beta-Lactam_blaFRI-3,blaFRI-3
WP_0855623981_FEATURES_NDARO_Beta-Lactam_blaTEM-226,blaTEM-226
WP_0855623991_FEATURES_NDARO_Beta-Lactam_blaKPC-30,blaKPC-30
WP_0855624001_FEATURES_NDARO_Beta-Lactam_blaCTX-M-197,blaCTX-M-197
WP_0855624011_FEATURES_NDARO_Beta-Lactam_blaCTX-M-198,blaCTX-M-198
WP_0855624021_FEATURES_NDARO_Beta-Lactam_blaOXA-545,blaOXA-545
WP_0855624031_FEATURES_NDARO_Beta-Lactam_blaOXA-547,blaOXA-547
WP_0855624041_FEATURES_NDARO_Beta-Lactam_blaIMI-15,blaIMI-15
WP_0855624051_FEATURES_NDARO_Beta-Lactam_blaIMI-5,blaIMI-5
WP_0855624061_FEATURES_NDARO_Beta-Lactam_blaTEM-227,blaTEM-227
WP_0855624071_FEATURES_NDARO_Colistin_mcr-18,mcr-1.8
WP_0855624081_FEATURES_NDARO_Beta-Lactam_blaOXA-554,blaOXA-554
WP_0855624091_FEATURES_NDARO_Beta-Lactam_blaOXA-555,blaOXA-555
WP_0855624101_FEATURES_NDARO_Beta-Lactam_blaOXA-556,blaOXA-556
WP_0855624111_FEATURES_NDARO_Beta-Lactam_blaOXA-557,blaOXA-557
WP_0855624121_FEATURES_NDARO_Beta-Lactam_blaOXA-558,blaOXA-558
WP_0855624131_FEATURES_NDARO_Beta-Lactam_blaOXA-559,blaOXA-559
WP_0855624141_FEATURES_NDARO_Beta-Lactam_blaOXA-560,blaOXA-560
WP_0855624151_FEATURES_NDARO_Beta-Lactam_blaOXA-561,blaOXA-561
WP_0855624161_FEATURES_NDARO_Beta-Lactam_blaOXA-562,blaOXA-562
WP_0855624171_FEATURES_NDARO_Beta-Lactam_blaOXA-563,blaOXA-563
WP_0855624181_FEATURES_NDARO_Beta-Lactam_blaOXA-564,blaOXA-564
WP_0855624191_FEATURES_NDARO_Beta-Lactam_blaGES-33,blaGES-33
WP_0855624201_FEATURES_NDARO_Beta-Lactam_blaCMY-151,blaCMY-151
WP_0855624211_FEATURES_NDARO_Beta-Lactam_blaOXA-565,blaOXA-565
WP_0858436911_FEATURES_NDARO_Quinolone_qnrB95,qnrB95
WP_0858437361_FEATURES_NDARO_Aminoglycoside_aac(6_)-Ib-AKT,aac(6')-Ib-AKT
WP_0858442371_FEATURES_NDARO_Aminoglycoside_aac(6_)-Ib-W104R,aac(6')-Ib-W104R
ABL714281_FEATURES_NDARO_Aminoglycoside_aac(3)-Ih,aac(3)-Ih
WP_0862615381_FEATURES_NDARO_Beta-Lactam_blaOXA-939,blaOXA-939
WP_0862628231_FEATURES_NDARO_Beta-Lactam_blaADC-237,blaADC-237
WP_0862635591_FEATURES_NDARO_Beta-Lactam_blaOXA-938,blaOXA-938
WP_0862645361_FEATURES_NDARO_Beta-Lactam_blaOXA-832,blaOXA-832
WP_0862657991_FEATURES_NDARO_Beta-Lactam_blaADC-265,blaADC-265
WP_0863296571_FEATURES_NDARO_Beta-Lactam_blaADC-250,blaADC-250
WP_0863942441_FEATURES_NDARO_Beta-Lactam_blaADC-253,blaADC-253
WP_0863950211_FEATURES_NDARO_Beta-Lactam_blaOXA-941,blaOXA-941
WP_0863989311_FEATURES_NDARO_Beta-Lactam_blaOXA-943,blaOXA-943
WP_0863998471_FEATURES_NDARO_Beta-Lactam_blaADC-252,blaADC-252
WP_0864428701_FEATURES_NDARO_Beta-Lactam_blaOXA-940,blaOXA-940
WP_0864433961_FEATURES_NDARO_Beta-Lactam_blaADC-251,blaADC-251
WP_0869791051_FEATURES_NDARO_Beta-Lactam_blaGOB-19,blaGOB-19
WP_0869802321_FEATURES_NDARO_Beta-Lactam_blaB-16,blaB-16
WP_0870889111_FEATURES_NDARO_Beta-Lactam_blaOXA-842,blaOXA-842
WP_0870937621_FEATURES_NDARO_Beta-Lactam_blaGOB-28,blaGOB-28
WP_0870941421_FEATURES_NDARO_Beta-Lactam_blaB-30,blaB-30
WP_0873122531_FEATURES_NDARO_Nitroimidazole_nimG,nimG
WP_0873437871_FEATURES_NDARO_Aminoglycoside_ant(6)-Ic,ant(6)-Ic
WP_0873443601_FEATURES_NDARO_Beta-Lactam_blaBBI,blaBBI
WP_0873449021_FEATURES_NDARO_Phenicol_catV,catV
WP_0873461961_FEATURES_NDARO_Aminoglycoside_ant(4_)-Ic,ant(4')-Ic
WP_0873479871_FEATURES_NDARO_Rifamycin_rphC,rphC
WP_0873482611_FEATURES_NDARO_Rifamycin_rphD,rphD
WP_0873492441_FEATURES_NDARO_Macrolide_mphJ,mphJ
WP_0873496511_FEATURES_NDARO_Aminoglycoside_aac(6_)-35,aac(6')-35
WP_0875299681_FEATURES_NDARO_Beta-Lactam_blaACT-101,blaACT-101
WP_0875545131_FEATURES_NDARO_Beta-Lactam_blaOXA-653,blaOXA-653
WP_0875879311_FEATURES_NDARO_Lincosamide_Macrolide_Streptogramin_erm(46),erm(46)
WP_0875879321_FEATURES_NDARO_Lincosamide_Macrolide_Streptogramin_erm(47),erm(47)
WP_0875879331_FEATURES_NDARO_Aminoglycoside_aph(3_)-II-therm,aph(3')-II-therm
WP_0875879341_FEATURES_NDARO_Beta-Lactam_blaARL-4,blaARL-4
WP_0875879351_FEATURES_NDARO_Beta-Lactam_blaARL-3,blaARL-3
WP_0875879361_FEATURES_NDARO_Beta-Lactam_blaARL-1,blaARL-1
WP_0875879371_FEATURES_NDARO_Beta-Lactam_blaARL-5,blaARL-5
WP_0875879381_FEATURES_NDARO_Beta-Lactam_blaARL-6,blaARL-6
WP_0875879391_FEATURES_NDARO_Beta-Lactam_blaOXA-548,blaOXA-548
WP_0875879401_FEATURES_NDARO_Beta-Lactam_blaOXA-549,blaOXA-549
WP_0875879411_FEATURES_NDARO_Beta-Lactam_blaOXA-550,blaOXA-550
WP_0875879421_FEATURES_NDARO_Beta-Lactam_blaOXA-551,blaOXA-551
WP_0875879431_FEATURES_NDARO_Beta-Lactam_blaOXA-552,blaOXA-552
WP_0875879441_FEATURES_NDARO_Beta-Lactam_blaOXA-553,blaOXA-553
WP_0875879451_FEATURES_NDARO_Beta-Lactam_blaOXA-546,blaOXA-546
WP_0875879461_FEATURES_NDARO_Beta-Lactam_mecD,mecD
WP_0875879471_FEATURES_NDARO_Beta-Lactam_blaCTX-M-199,blaCTX-M-199
WP_0875879481_FEATURES_NDARO_Lincosamide_Macrolide_Streptogramin_erm(48),erm(48)
WP_0875879491_FEATURES_NDARO_Beta-Lactam_blaCMY-153,blaCMY-153
WP_0875879501_FEATURES_NDARO_Beta-Lactam_blaPDC-179,blaPDC-179
WP_0875879511_FEATURES_NDARO_Beta-Lactam_blaPDC-180,blaPDC-180
WP_0875879521_FEATURES_NDARO_Beta-Lactam_blaPDC-181,blaPDC-181
WP_0875879531_FEATURES_NDARO_Beta-Lactam_blaPDC-182,blaPDC-182
WP_0875879541_FEATURES_NDARO_Beta-Lactam_blaPDC-183,blaPDC-183
WP_0875879551_FEATURES_NDARO_Beta-Lactam_blaPDC-185,blaPDC-185
WP_0875879561_FEATURES_NDARO_Beta-Lactam_blaPDC-186,blaPDC-186
WP_0875879571_FEATURES_NDARO_Beta-Lactam_blaPDC-187,blaPDC-187
WP_0875879581_FEATURES_NDARO_Beta-Lactam_blaPDC-188,blaPDC-188
WP_0875879591_FEATURES_NDARO_Beta-Lactam_blaPDC-190,blaPDC-190
WP_0875879601_FEATURES_NDARO_Beta-Lactam_blaPDC-191,blaPDC-191
WP_0875879611_FEATURES_NDARO_Beta-Lactam_blaPDC-193,blaPDC-193
WP_0875879621_FEATURES_NDARO_Beta-Lactam_blaPDC-194,blaPDC-194
WP_0875879631_FEATURES_NDARO_Beta-Lactam_blaPDC-198,blaPDC-198
WP_0875879641_FEATURES_NDARO_Beta-Lactam_blaPDC-199,blaPDC-199
WP_0875879651_FEATURES_NDARO_Beta-Lactam_blaPDC-200,blaPDC-200
WP_0875879661_FEATURES_NDARO_Beta-Lactam_blaPDC-201,blaPDC-201
WP_0875879671_FEATURES_NDARO_Beta-Lactam_blaPDC-202,blaPDC-202
WP_0875879681_FEATURES_NDARO_Beta-Lactam_blaPDC-203,blaPDC-203
WP_0875879691_FEATURES_NDARO_Beta-Lactam_blaPDC-204,blaPDC-204
WP_0875879701_FEATURES_NDARO_Beta-Lactam_blaPDC-205,blaPDC-205
WP_0875879711_FEATURES_NDARO_Beta-Lactam_blaPDC-206,blaPDC-206
WP_0875879721_FEATURES_NDARO_Beta-Lactam_blaPDC-208,blaPDC-208
WP_0875879731_FEATURES_NDARO_Beta-Lactam_blaPDC-209,blaPDC-209
WP_0875879741_FEATURES_NDARO_Beta-Lactam_blaPDC-210,blaPDC-210
WP_0876962001_FEATURES_NDARO_Beta-Lactam_blaOXA-576,blaOXA-576
WP_0877448001_FEATURES_NDARO_Beta-Lactam_blaKPC-56,blaKPC-56
WP_0877717221_FEATURES_NDARO_Beta-Lactam_blaOKP-B-34,blaOKP-B-34
WP_0878332721_FEATURES_NDARO_Beta-Lactam_blaOKP-B-21,blaOKP-B-21
WP_0878343331_FEATURES_NDARO_Beta-Lactam_blaSHV-232,blaSHV-232
WP_0878552771_FEATURES_NDARO_Beta-Lactam_blaMIR-24,blaMIR-24
WP_0878725121_FEATURES_NDARO_Aminoglycoside_aac(6_)-Ib-G,aac(6')-Ib-G
WP_0878765341_FEATURES_NDARO_Beta-Lactam_blaADC-220,blaADC-220
WP_0878796161_FEATURES_NDARO_Colistin_mcr-319,mcr-3.19
WP_0879076391_FEATURES_NDARO_Beta-Lactam_blaFRI-2,blaFRI-2
WP_0881687681_FEATURES_NDARO_Beta-Lactam_blaOXY-1-14,blaOXY-1-14
WP_0882452091_FEATURES_NDARO_Avilamycin_emtA,emtA
WP_0882452101_FEATURES_NDARO_Beta-Lactam_blaFRI-4,blaFRI-4
WP_0882452111_FEATURES_NDARO_Beta-Lactam_blaCTX-M-127,blaCTX-M-127
WP_0882452121_FEATURES_NDARO_Beta-Lactam_blaCTX-M-203,blaCTX-M-203
WP_0882452131_FEATURES_NDARO_Beta-Lactam_blaCMY-154,blaCMY-154
WP_0882452141_FEATURES_NDARO_Beta-Lactam_blaIMP-67,blaIMP-67
WP_0882452151_FEATURES_NDARO_Beta-Lactam_blaCTX-M-202,blaCTX-M-202
WP_0882452161_FEATURES_NDARO_Beta-Lactam_blaPDC-211,blaPDC-211
WP_0882452171_FEATURES_NDARO_Beta-Lactam_blaPDC-212,blaPDC-212
WP_0882452181_FEATURES_NDARO_Beta-Lactam_blaPDC-220,blaPDC-220
WP_0882452191_FEATURES_NDARO_Beta-Lactam_blaPDC-214,blaPDC-214
WP_0882452201_FEATURES_NDARO_Beta-Lactam_blaPDC-215,blaPDC-215
WP_0882452211_FEATURES_NDARO_Beta-Lactam_blaPDC-216,blaPDC-216
WP_0882452221_FEATURES_NDARO_Beta-Lactam_blaPDC-217,blaPDC-217
WP_0882452231_FEATURES_NDARO_Beta-Lactam_blaPDC-218,blaPDC-218
WP_0882452241_FEATURES_NDARO_Beta-Lactam_blaPDC-219,blaPDC-219
WP_0882452251_FEATURES_NDARO_Beta-Lactam_blaCTX-M-204,blaCTX-M-204
WP_0882452261_FEATURES_NDARO_Beta-Lactam_blaSHV-198,blaSHV-198
WP_0882452271_FEATURES_NDARO_Beta-Lactam_blaADC-157,blaADC-157
WP_0883038591_FEATURES_NDARO_Beta-Lactam_blaOXA-624,blaOXA-624
WP_0889034311_FEATURES_NDARO_Tetracycline_tmexC2,tmexC2
WP_0889034321_FEATURES_NDARO_Tetracycline_toprJ2,toprJ2
WP_0889240331_FEATURES_NDARO_Beta-Lactam_blaPEN-A28,blaPEN-A28
WP_0889266091_FEATURES_NDARO_Beta-Lactam_blaPEN-A20,blaPEN-A20
WP_0889293691_FEATURES_NDARO_Beta-Lactam_blaPEN-A37,blaPEN-A37
WP_0890670121_FEATURES_NDARO_Beta-Lactam_blaOXA-535,blaOXA-535
WP_0896137551_FEATURES_NDARO_Colistin_mcr-35,mcr-3.5
WP_0926899091_FEATURES_NDARO_Beta-Lactam_blaOXA-666,blaOXA-666
WP_0940098021_FEATURES_NDARO_Beta-Lactam_blaCMY-155,blaCMY-155
WP_0940098031_FEATURES_NDARO_Beta-Lactam_blaOXA-514,blaOXA-514
WP_0940098041_FEATURES_NDARO_Beta-Lactam_blaOXA-515,blaOXA-515
WP_0940098051_FEATURES_NDARO_Beta-Lactam_blaIMP-59,blaIMP-59
WP_0940098061_FEATURES_NDARO_Beta-Lactam_blaPDC-118,blaPDC-118
WP_0940098071_FEATURES_NDARO_Beta-Lactam_blaVIM-52,blaVIM-52
WP_0940098081_FEATURES_NDARO_Beta-Lactam_blaOXA-519,blaOXA-519
WP_0940098091_FEATURES_NDARO_Beta-Lactam_blaIMI-13,blaIMI-13
WP_0940098101_FEATURES_NDARO_Beta-Lactam_blaNDM-19,blaNDM-19
WP_0940098111_FEATURES_NDARO_Beta-Lactam_blaOXA-566,blaOXA-566
WP_0940098121_FEATURES_NDARO_Beta-Lactam_blaVEB-19,blaVEB-19
WP_0940098131_FEATURES_NDARO_Beta-Lactam_blaCTX-M-200,blaCTX-M-200
WP_0940098141_FEATURES_NDARO_Beta-Lactam_blaCTX-M-201,blaCTX-M-201
WP_0940098151_FEATURES_NDARO_Beta-Lactam_blaSHV-199,blaSHV-199
WP_0940098161_FEATURES_NDARO_Beta-Lactam_blaIMI-16,blaIMI-16
WP_0940691281_FEATURES_NDARO_Beta-Lactam_blaOXA-1264,blaOXA-1264
WP_0941668991_FEATURES_NDARO_Beta-Lactam_blaCTX-M-224,blaCTX-M-224
WP_0943089751_FEATURES_NDARO_Colistin_mcr-322,mcr-3.22
WP_0943093101_FEATURES_NDARO_Tetracycline_tet(X4),tet(X4)
WP_0943126561_FEATURES_NDARO_Colistin_mcr-321,mcr-3.21
WP_0943135231_FEATURES_NDARO_Colistin_mcr-323,mcr-3.23
WP_0943153541_FEATURES_NDARO_Colistin_mcr-32,mcr-3.2
WP_0943215951_FEATURES_NDARO_Colistin_mcr-324,mcr-3.24
WP_0943232301_FEATURES_NDARO_Colistin_mcr-23,mcr-2.3
WP_0943535851_FEATURES_NDARO_Beta-Lactam_blaTEM-103,blaTEM-103
WP_0947764031_FEATURES_NDARO_Beta-Lactam_blaOXA-1254,blaOXA-1254
WP_0948651151_FEATURES_NDARO_Beta-Lactam_blaOXA-198,blaOXA-198
WP_0948995001_FEATURES_NDARO_Phenicol_Oxazolidinone_poxtA-Ef,poxtA-Ef
WP_0949170171_FEATURES_NDARO_Beta-Lactam_blaLEN-55,blaLEN-55
WP_0949351191_FEATURES_NDARO_Beta-Lactam_blaACT-57,blaACT-57
WP_0949545831_FEATURES_NDARO_Beta-Lactam_blaPDC-457,blaPDC-457
WP_0949632481_FEATURES_NDARO_Aminoglycoside_aadA31,aadA31
WP_0954504051_FEATURES_NDARO_Beta-Lactam_blaACT-149,blaACT-149
PBI247471_FEATURES_NDARO_Glycopeptide_vanG-Cd,vanG-Cd
WP_0959072541_FEATURES_NDARO_Beta-Lactam_blaCMH-22,blaCMH-22
WP_0961701121_FEATURES_NDARO_Quinolone_qnrS14,qnrS14
WP_0967353351_FEATURES_NDARO_Beta-Lactam_blaOXA-667,blaOXA-667
WP_0968074391_FEATURES_NDARO_Beta-Lactam_blaKPC-29,blaKPC-29
WP_0968074401_FEATURES_NDARO_Beta-Lactam_blaOXA-427,blaOXA-427
WP_0968074421_FEATURES_NDARO_Colistin_mcr-110,mcr-1.10
WP_0968074431_FEATURES_NDARO_Beta-Lactam_blaIMP-68,blaIMP-68
WP_0968074441_FEATURES_NDARO_Beta-Lactam_blaMOX-13,blaMOX-13
WP_0968074451_FEATURES_NDARO_Beta-Lactam_blaFOX-15,blaFOX-15
WP_0968074461_FEATURES_NDARO_Beta-Lactam_blaCMY-157,blaCMY-157
WP_0968074471_FEATURES_NDARO_Beta-Lactam_blaSHV-200,blaSHV-200
WP_0968093421_FEATURES_NDARO_Lincosamide_Pleuromutilin_sal(E),sal(E)
WP_0968652251_FEATURES_NDARO_Beta-Lactam_blaPER-12,blaPER-12
WP_0968775031_FEATURES_NDARO_Beta-Lactam_blaADC-348,blaADC-348
WP_0969414641_FEATURES_NDARO_Quinolone_qepA6,qepA6
WP_0973656031_FEATURES_NDARO_Beta-Lactam_blaOXY-2-25,blaOXY-2-25
WP_0980663511_FEATURES_NDARO_Beta-Lactam_blaOXY-6-7,blaOXY-6-7
WP_0989310961_FEATURES_NDARO_Beta-Lactam_blaFONA-7,blaFONA-7
WP_0991560401_FEATURES_NDARO_Glycopeptide_vanH-B,vanH-B
WP_0991560411_FEATURES_NDARO_Beta-Lactam_blaTEM-196,blaTEM-196
WP_0991560421_FEATURES_NDARO_Beta-Lactam_blaAQU,blaAQU
WP_0991560441_FEATURES_NDARO_Beta-Lactam_blaOXA-368,blaOXA-368
WP_0991560451_FEATURES_NDARO_Beta-Lactam_blaADC-153,blaADC-153
WP_0991560461_FEATURES_NDARO_Colistin_mcr-41,mcr-4.1
WP_0991560471_FEATURES_NDARO_Colistin_mcr-37,mcr-3.7
WP_0991560481_FEATURES_NDARO_Colistin_mcr-38,mcr-3.8
WP_0991560491_FEATURES_NDARO_Colistin_mcr-39,mcr-3.9
WP_0991560501_FEATURES_NDARO_Beta-Lactam_blaNDM-21,blaNDM-21
WP_0991560511_FEATURES_NDARO_Beta-Lactam_blaIMP-69,blaIMP-69
WP_0991560521_FEATURES_NDARO_Beta-Lactam_blaOXA-567,blaOXA-567
WP_0991560531_FEATURES_NDARO_Beta-Lactam_blaCTX-M-205,blaCTX-M-205
WP_0991560541_FEATURES_NDARO_Beta-Lactam_blaSHV-203,blaSHV-203
WP_0991560551_FEATURES_NDARO_Beta-Lactam_blaACC-7,blaACC-7
WP_0991560561_FEATURES_NDARO_Beta-Lactam_blaACT-54,blaACT-54
WP_0991560571_FEATURES_NDARO_Beta-Lactam_blaMIR-22,blaMIR-22
WP_0993378231_FEATURES_NDARO_Beta-Lactam_blaOXA-568,blaOXA-568
WP_0994834001_FEATURES_NDARO_Macrolide_mef(D),mef(D)
WP_0995927351_FEATURES_NDARO_Beta-Lactam_blaBIM-1,blaBIM-1
WP_0995953071_FEATURES_NDARO_Trimethoprim_dfrA35,dfrA35
WP_0999828001_FEATURES_NDARO_Colistin_mcr-19,mcr-1.9
WP_0999828011_FEATURES_NDARO_Beta-Lactam_blaLRA-18_fam,blaLRA-18_fam
WP_0999828021_FEATURES_NDARO_Beta-Lactam_blaLRA-7,blaLRA-7
WP_0999828031_FEATURES_NDARO_Beta-Lactam_blaLRA-10_fam,blaLRA-10_fam
WP_0999828041_FEATURES_NDARO_Tetracycline_tet(47),tet(47)
WP_0999828051_FEATURES_NDARO_Tetracycline_tet(48),tet(48)
WP_0999828061_FEATURES_NDARO_Tetracycline_tet(49),tet(49)
WP_0999828071_FEATURES_NDARO_Tetracycline_tet(50),tet(50)
WP_0999828081_FEATURES_NDARO_Tetracycline_tet(51),tet(51)
WP_0999828091_FEATURES_NDARO_Tetracycline_tet(52),tet(52)
WP_0999828101_FEATURES_NDARO_Tetracycline_tet(53),tet(53)
WP_0999828111_FEATURES_NDARO_Tetracycline_tet(54),tet(54)
WP_0999828121_FEATURES_NDARO_Beta-Lactam_blaPDC-173,blaPDC-173
WP_0999828131_FEATURES_NDARO_Colistin_mcr-61,mcr-6.1
WP_0999828141_FEATURES_NDARO_Colistin_mcr-33,mcr-3.3
WP_0999828151_FEATURES_NDARO_Colistin_mcr-111,mcr-1.11
WP_0999828201_FEATURES_NDARO_Colistin_mcr-310,mcr-3.10
WP_1000865551_FEATURES_NDARO_Beta-Lactam_blaIMI-17,blaIMI-17
WP_1001222631_FEATURES_NDARO_Beta-Lactam_blaMIR-29,blaMIR-29
WP_1005055221_FEATURES_NDARO_Beta-Lactam_blaAXC-2,blaAXC-2
WP_1005074931_FEATURES_NDARO_Beta-Lactam_blaOXA-925,blaOXA-925
WP_1006636671_FEATURES_NDARO_Beta-Lactam_blaKLUC-5,blaKLUC-5
WP_1006756211_FEATURES_NDARO_Beta-Lactam_blaLEN-41,blaLEN-41
WP_1008316091_FEATURES_NDARO_Beta-Lactam_blaPDC-245,blaPDC-245
WP_1008829641_FEATURES_NDARO_Beta-Lactam_blaOXA-1292,blaOXA-1292
WP_1008862431_FEATURES_NDARO_Beta-Lactam_blaOXA-895,blaOXA-895
WP_1009317281_FEATURES_NDARO_Tetracycline_tcr3,tcr3
WP_1009317291_FEATURES_NDARO_Tetracycline_tet(57),tet(57)
WP_1009317301_FEATURES_NDARO_Tetracycline_tetA(60),tetA(60)
WP_1009317311_FEATURES_NDARO_Beta-Lactam_blaPDC-221,blaPDC-221
WP_1009317321_FEATURES_NDARO_Beta-Lactam_blaPDC-222,blaPDC-222
WP_1009317331_FEATURES_NDARO_Beta-Lactam_blaPDC-223,blaPDC-223
WP_1010354171_FEATURES_NDARO_Macrolide_Streptogramin_msr(G),msr(G)
WP_1010354181_FEATURES_NDARO_Macrolide_mef(F),mef(F)
WP_1011401021_FEATURES_NDARO_Beta-Lactam_blaKPC-33,blaKPC-33
WP_1011504151_FEATURES_NDARO_Beta-Lactam_blaOXA-726,blaOXA-726
WP_1012449351_FEATURES_NDARO_Quinolone_qnrB34,qnrB34
WP_1012449361_FEATURES_NDARO_Beta-Lactam_blaPDC-224,blaPDC-224
WP_1012449371_FEATURES_NDARO_Beta-Lactam_blaADC-166,blaADC-166
WP_1012449381_FEATURES_NDARO_Beta-Lactam_blaADC-168,blaADC-168
WP_1013605381_FEATURES_NDARO_Beta-Lactam_blaB-20,blaB-20
WP_1013606891_FEATURES_NDARO_Beta-Lactam_blaGOB-24,blaGOB-24
WP_1015166601_FEATURES_NDARO_Aminoglycoside_aac(6_)-Ib-AKT,aac(6')-Ib-AKT
WP_1016635621_FEATURES_NDARO_Beta-Lactam_blaOXA-1224,blaOXA-1224
WP_1022727291_FEATURES_NDARO_Fosfomycin_fosM1,fosM1
WP_1026074511_FEATURES_NDARO_Beta-Lactam_blaCTX-M-191,blaCTX-M-191
WP_1026074521_FEATURES_NDARO_Beta-Lactam_blaCTX-M-192,blaCTX-M-192
WP_1026074531_FEATURES_NDARO_Beta-Lactam_blaTEM-9,blaTEM-9
WP_1026074541_FEATURES_NDARO_Beta-Lactam_blaCTX-M-146,blaCTX-M-146
WP_1026074551_FEATURES_NDARO_Beta-Lactam_blaCTX-M-206,blaCTX-M-206
WP_1026074561_FEATURES_NDARO_Beta-Lactam_blaCTX-M-207,blaCTX-M-207
WP_1026074571_FEATURES_NDARO_Sulfonamide_sul4,sul4
WP_1026074581_FEATURES_NDARO_Beta-Lactam_blaADC-170,blaADC-170
WP_1026074591_FEATURES_NDARO_Beta-Lactam_blaIMP-70,blaIMP-70
WP_1026074601_FEATURES_NDARO_Beta-Lactam_blaGES-34,blaGES-34
WP_1026074611_FEATURES_NDARO_Beta-Lactam_blaOXA-569,blaOXA-569
WP_1026074621_FEATURES_NDARO_Beta-Lactam_blaOXA-570,blaOXA-570
WP_1026074631_FEATURES_NDARO_Beta-Lactam_blaOXA-571,blaOXA-571
WP_1026074641_FEATURES_NDARO_Beta-Lactam_blaOXA-572,blaOXA-572
WP_1026074651_FEATURES_NDARO_Colistin_mcr-311,mcr-3.11
WP_1027938051_FEATURES_NDARO_Beta-Lactam_blaGOB-45,blaGOB-45
WP_1028030851_FEATURES_NDARO_Beta-Lactam_blaOXY-1-7,blaOXY-1-7
WP_1030346961_FEATURES_NDARO_Beta-Lactam_blaROB-5,blaROB-5
WP_1032525281_FEATURES_NDARO_Colistin_mcr-325,mcr-3.25
WP_1032617261_FEATURES_NDARO_Beta-Lactam_blaMOX-15,blaMOX-15
WP_1032833981_FEATURES_NDARO_Beta-Lactam_blaCMY-182,blaCMY-182
WP_1036633971_FEATURES_NDARO_Sulfonamide_sulX,sulX
WP_1040098311_FEATURES_NDARO_Beta-Lactam_blaPER-11,blaPER-11
WP_1040098321_FEATURES_NDARO_Beta-Lactam_blaPDC-234,blaPDC-234
WP_1040098331_FEATURES_NDARO_Beta-Lactam_blaPDC-235,blaPDC-235
WP_1040098341_FEATURES_NDARO_Beta-Lactam_blaPDC-236,blaPDC-236
WP_1040098351_FEATURES_NDARO_Beta-Lactam_blaPDC-237,blaPDC-237
WP_1040098361_FEATURES_NDARO_Beta-Lactam_blaPDC-238,blaPDC-238
WP_1040098371_FEATURES_NDARO_Beta-Lactam_blaPDC-239,blaPDC-239
WP_1040098381_FEATURES_NDARO_Beta-Lactam_blaPDC-241,blaPDC-241
WP_1040098391_FEATURES_NDARO_Beta-Lactam_blaPDC-242,blaPDC-242
WP_1040098401_FEATURES_NDARO_Beta-Lactam_blaPDC-243,blaPDC-243
WP_1040098411_FEATURES_NDARO_Beta-Lactam_blaPDC-244,blaPDC-244
WP_1040098421_FEATURES_NDARO_Beta-Lactam_blaPDC-246,blaPDC-246
WP_1040098431_FEATURES_NDARO_Beta-Lactam_blaPDC-247,blaPDC-247
WP_1040098441_FEATURES_NDARO_Beta-Lactam_blaPDC-248,blaPDC-248
WP_1040098451_FEATURES_NDARO_Beta-Lactam_blaPDC-249,blaPDC-249
WP_1040098461_FEATURES_NDARO_Beta-Lactam_blaVIM-56,blaVIM-56
WP_1040098471_FEATURES_NDARO_Beta-Lactam_blaCTX-M-178,blaCTX-M-178
WP_1040098481_FEATURES_NDARO_Beta-Lactam_blaCTX-M-187,blaCTX-M-187
WP_1040098491_FEATURES_NDARO_Beta-Lactam_blaCMY-156,blaCMY-156
WP_1040098501_FEATURES_NDARO_Colistin_mcr-112,mcr-1.12
WP_1040098511_FEATURES_NDARO_Colistin_mcr-71,mcr-7.1
WP_1040098521_FEATURES_NDARO_Beta-Lactam_blaIMP-71,blaIMP-71
WP_1040098531_FEATURES_NDARO_Beta-Lactam_blaOXA-575,blaOXA-575
WP_1040098541_FEATURES_NDARO_Beta-Lactam_blaTEM-230,blaTEM-230
WP_1040098551_FEATURES_NDARO_Beta-Lactam_blaTEM-231,blaTEM-231
WP_1040098561_FEATURES_NDARO_Beta-Lactam_blaPDC-227,blaPDC-227
WP_1040098571_FEATURES_NDARO_Beta-Lactam_blaPDC-228,blaPDC-228
WP_1040098581_FEATURES_NDARO_Beta-Lactam_blaPDC-229,blaPDC-229
WP_1040098591_FEATURES_NDARO_Beta-Lactam_blaPDC-230,blaPDC-230
WP_1040098601_FEATURES_NDARO_Beta-Lactam_blaPDC-231,blaPDC-231
WP_1040098611_FEATURES_NDARO_Beta-Lactam_blaPDC-232,blaPDC-232
WP_1040098621_FEATURES_NDARO_Beta-Lactam_blaPDC-233,blaPDC-233
WP_1040392091_FEATURES_NDARO_Beta-Lactam_blaOXA-1325,blaOXA-1325
WP_1040529791_FEATURES_NDARO_Beta-Lactam_blaOXA-1255,blaOXA-1255
WP_1040746181_FEATURES_NDARO_Beta-Lactam_blaOXA-1166,blaOXA-1166
WP_1040748741_FEATURES_NDARO_Beta-Lactam_blaADC-288,blaADC-288
WP_1041591361_FEATURES_NDARO_Beta-Lactam_blaSHV-224,blaSHV-224
WP_1044423121_FEATURES_NDARO_Beta-Lactam_blaOXA-1036,blaOXA-1036
WP_1044424711_FEATURES_NDARO_Aminoglycoside_aac(6_)-Ib-G,aac(6')-Ib-G
WP_1044677121_FEATURES_NDARO_Aminoglycoside_aac(6_)_E963,aac(6')_E963
WP_1045318631_FEATURES_NDARO_Beta-Lactam_blaBUT-1,blaBUT-1
WP_1045318641_FEATURES_NDARO_Beta-Lactam_blaBUT-2,blaBUT-2
WP_1045318651_FEATURES_NDARO_Beta-Lactam_blaLHK-2,blaLHK-2
WP_1045318661_FEATURES_NDARO_Beta-Lactam_blaLHK-3,blaLHK-3
WP_1045318671_FEATURES_NDARO_Beta-Lactam_blaLHK-4,blaLHK-4
WP_1045318681_FEATURES_NDARO_Beta-Lactam_blaLHK-5,blaLHK-5
WP_1045318691_FEATURES_NDARO_Beta-Lactam_blaLHK-6,blaLHK-6
WP_1051196881_FEATURES_NDARO_Phenicol_Lincosamide_Oxazolidinone_Pleuromutilin_Streptogramin_cfr(E),cfr(E)
WP_1052482761_FEATURES_NDARO_Beta-Lactam_blaOXA-1293,blaOXA-1293
WP_1054598931_FEATURES_NDARO_Phenicol_Lincosamide_Oxazolidinone_Pleuromutilin_Streptogramin_cfr(D),cfr(D)
WP_1056208381_FEATURES_NDARO_Beta-Lactam_blaCMA-2,blaCMA-2
WP_1057585461_FEATURES_NDARO_Beta-Lactam_blaPEN-A7,blaPEN-A7
WP_1057623731_FEATURES_NDARO_Beta-Lactam_blaPEN-A32,blaPEN-A32
WP_1057650761_FEATURES_NDARO_Beta-Lactam_blaPEN-A27,blaPEN-A27
WP_1057656881_FEATURES_NDARO_Beta-Lactam_blaPEN-A26,blaPEN-A26
WP_1057665621_FEATURES_NDARO_Beta-Lactam_blaPEN-A13,blaPEN-A13
WP_1057696221_FEATURES_NDARO_Beta-Lactam_blaPEN-A3,blaPEN-A3
WP_1057725261_FEATURES_NDARO_Beta-Lactam_blaPEN-A9,blaPEN-A9
WP_1057772011_FEATURES_NDARO_Beta-Lactam_blaPEN-A11,blaPEN-A11
WP_1057813741_FEATURES_NDARO_Beta-Lactam_blaPEN-A4,blaPEN-A4
WP_1057824761_FEATURES_NDARO_Beta-Lactam_blaPEN-A23,blaPEN-A23
WP_1057910361_FEATURES_NDARO_Beta-Lactam_blaPEN-A19,blaPEN-A19
WP_1057923101_FEATURES_NDARO_Beta-Lactam_blaPEN-A29,blaPEN-A29
WP_1057951801_FEATURES_NDARO_Beta-Lactam_blaPEN-A35,blaPEN-A35
WP_1057964991_FEATURES_NDARO_Beta-Lactam_blaPEN-A2,blaPEN-A2
WP_1058035621_FEATURES_NDARO_Beta-Lactam_blaPEN-A6,blaPEN-A6
WP_1058075571_FEATURES_NDARO_Beta-Lactam_blaPEN-A30,blaPEN-A30
WP_1058097211_FEATURES_NDARO_Beta-Lactam_blaPEN-A12,blaPEN-A12
WP_1058137991_FEATURES_NDARO_Beta-Lactam_blaPEN-A24,blaPEN-A24
WP_1058220281_FEATURES_NDARO_Beta-Lactam_blaPEN-A5,blaPEN-A5
WP_1058252041_FEATURES_NDARO_Beta-Lactam_blaPEN-A16,blaPEN-A16
WP_1058353001_FEATURES_NDARO_Beta-Lactam_blaPEN-A18,blaPEN-A18
WP_1058377291_FEATURES_NDARO_Beta-Lactam_blaPEN-A38,blaPEN-A38
WP_1058410351_FEATURES_NDARO_Beta-Lactam_blaPEN-A21,blaPEN-A21
WP_1058425981_FEATURES_NDARO_Beta-Lactam_blaPEN-A22,blaPEN-A22
WP_1058467101_FEATURES_NDARO_Beta-Lactam_blaPEN-A10,blaPEN-A10
WP_1058543851_FEATURES_NDARO_Beta-Lactam_blaPEN-A25,blaPEN-A25
WP_1058560531_FEATURES_NDARO_Beta-Lactam_blaPEN-A34,blaPEN-A34
WP_1059227881_FEATURES_NDARO_Beta-Lactam_blaADC-268,blaADC-268
WP_1059512981_FEATURES_NDARO_Beta-Lactam_blaPEN-A17,blaPEN-A17
WP_1066726121_FEATURES_NDARO_Beta-Lactam_blaCMY-150,blaCMY-150
WP_1067433371_FEATURES_NDARO_Colistin_mcr-118,mcr-1.18
WP_1069242091_FEATURES_NDARO_Beta-Lactam_blaCTX-M-213,blaCTX-M-213
WP_1073095131_FEATURES_NDARO_Glycopeptide_vanY-M,vanY-M
WP_1078080071_FEATURES_NDARO_Beta-Lactam_blaB-28,blaB-28
WP_1078098581_FEATURES_NDARO_Beta-Lactam_blaGOB-34,blaGOB-34
WP_1079996081_FEATURES_NDARO_Beta-Lactam_blaPEN-A15,blaPEN-A15
WP_1083615481_FEATURES_NDARO_Beta-Lactam_blaLMB-1,blaLMB-1
WP_1092132131_FEATURES_NDARO_Beta-Lactam_blaOXY-5-5,blaOXY-5-5
WP_1092324731_FEATURES_NDARO_Beta-Lactam_blaSHV-220,blaSHV-220
WP_1093427321_FEATURES_NDARO_Beta-Lactam_blaPEN-B1,blaPEN-B1
WP_1094337381_FEATURES_NDARO_Beta-Lactam_blaADC-263,blaADC-263
WP_1095442371_FEATURES_NDARO_Tetracycline_tet(S),tet(S)
WP_1095450311_FEATURES_NDARO_Trimethoprim_dfrA14,dfrA14
WP_1095450321_FEATURES_NDARO_Quinolone_qnrB11,qnrB11
WP_1095450331_FEATURES_NDARO_Glycopeptide_vanY-D,vanY-D
WP_1095450341_FEATURES_NDARO_Quinolone_qnrB22,qnrB22
WP_1095450381_FEATURES_NDARO_Tetracycline_tet(33),tet(33)
WP_1095450391_FEATURES_NDARO_Beta-Lactam_blaSTA-1,blaSTA-1
WP_1095450421_FEATURES_NDARO_Beta-Lactam_blaORR-1,blaORR-1
WP_1095450441_FEATURES_NDARO_Beta-Lactam_blaKPC-34,blaKPC-34
WP_1095450451_FEATURES_NDARO_Quinolone_qnrD3,qnrD3
WP_1095450461_FEATURES_NDARO_Quinolone_qnrB81,qnrB81
WP_1095450471_FEATURES_NDARO_Quinolone_qnrB82,qnrB82
WP_1095450481_FEATURES_NDARO_Beta-Lactam_blaOXA-542,blaOXA-542
WP_1095450491_FEATURES_NDARO_Beta-Lactam_blaNDM-20,blaNDM-20
WP_1095450501_FEATURES_NDARO_Beta-Lactam_blaCRH-2,blaCRH-2
WP_1095450511_FEATURES_NDARO_Beta-Lactam_blaCRH-3,blaCRH-3
WP_1095450521_FEATURES_NDARO_Colistin_mcr-114,mcr-1.14
WP_1095450531_FEATURES_NDARO_Beta-Lactam_blaIMP-73,blaIMP-73
WP_1095450541_FEATURES_NDARO_Colistin_mcr-45,mcr-4.5
WP_1095450551_FEATURES_NDARO_Colistin_mcr-44,mcr-4.4
WP_1095450561_FEATURES_NDARO_Colistin_mcr-113,mcr-1.13
WP_1095450571_FEATURES_NDARO_Colistin_mcr-52,mcr-5.2
WP_1095450581_FEATURES_NDARO_Colistin_mcr-42,mcr-4.2
WP_1095450591_FEATURES_NDARO_Beta-Lactam_blaTEM-232,blaTEM-232
WP_1095450601_FEATURES_NDARO_Beta-Lactam_blaCTX-M-208,blaCTX-M-208
WP_1095450611_FEATURES_NDARO_Beta-Lactam_blaCTX-M-209,blaCTX-M-209
WP_1095450621_FEATURES_NDARO_Beta-Lactam_blaCTX-M-210,blaCTX-M-210
WP_1095450631_FEATURES_NDARO_Beta-Lactam_blaCTX-M-211,blaCTX-M-211
WP_1095450641_FEATURES_NDARO_Beta-Lactam_blaCTX-M-212,blaCTX-M-212
WP_1095450651_FEATURES_NDARO_Beta-Lactam_blaCMY-161,blaCMY-161
WP_1095450661_FEATURES_NDARO_Beta-Lactam_blaFOX-16,blaFOX-16
WP_1095450671_FEATURES_NDARO_Beta-Lactam_blaDHA-27,blaDHA-27
WP_1095450681_FEATURES_NDARO_Beta-Lactam_blaDHA-26,blaDHA-26
WP_1095450691_FEATURES_NDARO_Beta-Lactam_blaCTX-M-214,blaCTX-M-214
WP_1095450701_FEATURES_NDARO_Colistin_mcr-312,mcr-3.12
WP_1095450711_FEATURES_NDARO_Beta-Lactam_blaOXA-649,blaOXA-649
WP_1095450721_FEATURES_NDARO_Beta-Lactam_blaOXA-641,blaOXA-641
WP_1095450731_FEATURES_NDARO_Beta-Lactam_blaFRI-5,blaFRI-5
WP_1095450741_FEATURES_NDARO_Beta-Lactam_blaGPC-1,blaGPC-1
WP_1095450751_FEATURES_NDARO_Beta-Lactam_blaOXA-619,blaOXA-619
WP_1095450761_FEATURES_NDARO_Beta-Lactam_blaOXA-620,blaOXA-620
WP_1095450771_FEATURES_NDARO_Beta-Lactam_blaOXA-636,blaOXA-636
WP_1095450781_FEATURES_NDARO_Beta-Lactam_blaOXA-635,blaOXA-635
WP_1095450791_FEATURES_NDARO_Beta-Lactam_blaOXA-631,blaOXA-631
WP_1095450801_FEATURES_NDARO_Beta-Lactam_blaOXA-626,blaOXA-626
WP_1095450811_FEATURES_NDARO_Beta-Lactam_blaOXA-627,blaOXA-627
WP_1095450821_FEATURES_NDARO_Beta-Lactam_blaOXA-633,blaOXA-633
WP_1095450831_FEATURES_NDARO_Beta-Lactam_blaOXA-628,blaOXA-628
WP_1095450841_FEATURES_NDARO_Beta-Lactam_blaOXA-634,blaOXA-634
WP_1095450851_FEATURES_NDARO_Beta-Lactam_blaOXA-630,blaOXA-630
WP_1095450861_FEATURES_NDARO_Beta-Lactam_blaOXA-632,blaOXA-632
WP_1095450871_FEATURES_NDARO_Beta-Lactam_blaOXA-608,blaOXA-608
WP_1095450881_FEATURES_NDARO_Beta-Lactam_blaOXA-584,blaOXA-584
WP_1095450891_FEATURES_NDARO_Beta-Lactam_blaOXA-585,blaOXA-585
WP_1095450901_FEATURES_NDARO_Beta-Lactam_blaOXA-586,blaOXA-586
WP_1095450911_FEATURES_NDARO_Beta-Lactam_blaOXA-577,blaOXA-577
WP_1095450921_FEATURES_NDARO_Beta-Lactam_blaOXA-587,blaOXA-587
WP_1095450931_FEATURES_NDARO_Beta-Lactam_blaOXA-596,blaOXA-596
WP_1095450941_FEATURES_NDARO_Beta-Lactam_blaOXA-600,blaOXA-600
WP_1095450951_FEATURES_NDARO_Beta-Lactam_blaOXA-588,blaOXA-588
WP_1095450961_FEATURES_NDARO_Beta-Lactam_blaOXA-589,blaOXA-589
WP_1095450971_FEATURES_NDARO_Beta-Lactam_blaOXA-593,blaOXA-593
WP_1095450981_FEATURES_NDARO_Beta-Lactam_blaOXA-599,blaOXA-599
WP_1095450991_FEATURES_NDARO_Beta-Lactam_blaOXA-610,blaOXA-610
WP_1095451001_FEATURES_NDARO_Beta-Lactam_blaOXA-612,blaOXA-612
WP_1095451011_FEATURES_NDARO_Beta-Lactam_blaOXA-598,blaOXA-598
WP_1095451021_FEATURES_NDARO_Beta-Lactam_blaOXA-607,blaOXA-607
WP_1095451031_FEATURES_NDARO_Beta-Lactam_blaOXA-590,blaOXA-590
WP_1095451041_FEATURES_NDARO_Beta-Lactam_blaOXA-604,blaOXA-604
WP_1095451051_FEATURES_NDARO_Beta-Lactam_blaOXA-602,blaOXA-602
WP_1095451061_FEATURES_NDARO_Beta-Lactam_blaOXA-606,blaOXA-606
WP_1095451071_FEATURES_NDARO_Beta-Lactam_blaOXA-582,blaOXA-582
WP_1095451081_FEATURES_NDARO_Beta-Lactam_blaOXA-605,blaOXA-605
WP_1095451091_FEATURES_NDARO_Beta-Lactam_blaOXA-640,blaOXA-640
WP_1095451101_FEATURES_NDARO_Beta-Lactam_blaOXA-616,blaOXA-616
WP_1095451111_FEATURES_NDARO_Beta-Lactam_blaOXA-613,blaOXA-613
WP_1095451121_FEATURES_NDARO_Beta-Lactam_blaOXA-622,blaOXA-622
WP_1095451131_FEATURES_NDARO_Beta-Lactam_blaOXA-618,blaOXA-618
WP_1095451141_FEATURES_NDARO_Beta-Lactam_blaOXA-617,blaOXA-617
WP_1095451151_FEATURES_NDARO_Beta-Lactam_blaOXA-615,blaOXA-615
WP_1095451161_FEATURES_NDARO_Beta-Lactam_blaOXA-621,blaOXA-621
WP_1096387561_FEATURES_NDARO_Quinolone_qepA8,qepA8
WP_1097911841_FEATURES_NDARO_Beta-Lactam_blaTEM-233,blaTEM-233
WP_1097911851_FEATURES_NDARO_Beta-Lactam_blaPDC-251,blaPDC-251
WP_1097911861_FEATURES_NDARO_Beta-Lactam_blaPDC-252,blaPDC-252
WP_1097911871_FEATURES_NDARO_Beta-Lactam_blaPDC-253,blaPDC-253
WP_1097911881_FEATURES_NDARO_Beta-Lactam_blaPDC-254,blaPDC-254
WP_1097911891_FEATURES_NDARO_Beta-Lactam_blaPDC-255,blaPDC-255
WP_1097911901_FEATURES_NDARO_Beta-Lactam_blaPDC-256,blaPDC-256
WP_1097911911_FEATURES_NDARO_Beta-Lactam_blaPDC-257,blaPDC-257
WP_1097911921_FEATURES_NDARO_Beta-Lactam_blaPDC-258,blaPDC-258
WP_1097911931_FEATURES_NDARO_Beta-Lactam_blaPDC-259,blaPDC-259
WP_1097911941_FEATURES_NDARO_Beta-Lactam_blaPDC-260,blaPDC-260
WP_1097911951_FEATURES_NDARO_Beta-Lactam_blaPDC-261,blaPDC-261
WP_1097911961_FEATURES_NDARO_Beta-Lactam_blaPDC-262,blaPDC-262
WP_1097911971_FEATURES_NDARO_Beta-Lactam_blaPDC-263,blaPDC-263
WP_1097911981_FEATURES_NDARO_Beta-Lactam_blaPDC-264,blaPDC-264
WP_1097911991_FEATURES_NDARO_Beta-Lactam_blaPDC-265,blaPDC-265
WP_1097912001_FEATURES_NDARO_Beta-Lactam_blaPDC-266,blaPDC-266
WP_1097912011_FEATURES_NDARO_Beta-Lactam_blaPDC-267,blaPDC-267
WP_1097912021_FEATURES_NDARO_Beta-Lactam_blaPDC-268,blaPDC-268
WP_1097912031_FEATURES_NDARO_Beta-Lactam_blaPDC-270,blaPDC-270
WP_1097912041_FEATURES_NDARO_Beta-Lactam_blaPDC-272,blaPDC-272
WP_1097912051_FEATURES_NDARO_Beta-Lactam_blaPDC-273,blaPDC-273
WP_1097912061_FEATURES_NDARO_Beta-Lactam_blaPDC-274,blaPDC-274
WP_1097912071_FEATURES_NDARO_Beta-Lactam_blaIMP-74,blaIMP-74
WP_1097912081_FEATURES_NDARO_Beta-Lactam_blaIMP-75,blaIMP-75
WP_1097912091_FEATURES_NDARO_Beta-Lactam_blaCTX-M-216,blaCTX-M-216
WP_1097912101_FEATURES_NDARO_Beta-Lactam_blaTEM-234,blaTEM-234
WP_1097912111_FEATURES_NDARO_Beta-Lactam_blaCTX-M-217,blaCTX-M-217
WP_1097912121_FEATURES_NDARO_Beta-Lactam_blaSHV-204,blaSHV-204
WP_1097912131_FEATURES_NDARO_Beta-Lactam_blaNDM-22,blaNDM-22
WP_1097912141_FEATURES_NDARO_Beta-Lactam_blaCTX-M-218,blaCTX-M-218
WP_1097912151_FEATURES_NDARO_Beta-Lactam_blaCMY-160,blaCMY-160
WP_1097912161_FEATURES_NDARO_Beta-Lactam_blaOXA-654,blaOXA-654
WP_1098740251_FEATURES_NDARO_Beta-Lactam_blaTEM-7,blaTEM-7
WP_1099636001_FEATURES_NDARO_Beta-Lactam_blaTEM-5,blaTEM-5
WP_1099977261_FEATURES_NDARO_Quinolone_qnrA9,qnrA9
WP_1100928821_FEATURES_NDARO_Beta-Lactam_blaCTX-M-219,blaCTX-M-219
WP_1100935621_FEATURES_NDARO_Beta-Lactam_blaCTX-M-154,blaCTX-M-154
WP_1101749561_FEATURES_NDARO_Beta-Lactam_blaTEM-235,blaTEM-235
WP_1101964441_FEATURES_NDARO_Beta-Lactam_blaLEN-12,blaLEN-12
WP_1102731681_FEATURES_NDARO_Beta-Lactam_blaOXY-10-1,blaOXY-10-1
WP_1106128271_FEATURES_NDARO_Beta-Lactam_blaOXA-796,blaOXA-796
WP_1109248311_FEATURES_NDARO_Beta-Lactam_blaTEM-256,blaTEM-256
WP_1112631861_FEATURES_NDARO_Beta-Lactam_blaPAM-3,blaPAM-3
WP_1112738421_FEATURES_NDARO_Colistin_mcr-313,mcr-3.13
WP_1112738431_FEATURES_NDARO_Colistin_mcr-314,mcr-3.14
WP_1112738441_FEATURES_NDARO_Colistin_mcr-315,mcr-3.15
WP_1112738451_FEATURES_NDARO_Colistin_mcr-316,mcr-3.16
WP_1112738461_FEATURES_NDARO_Colistin_mcr-317,mcr-3.17
WP_1112738471_FEATURES_NDARO_Colistin_mcr-318,mcr-3.18
WP_1112738481_FEATURES_NDARO_Beta-Lactam_blaGES-35,blaGES-35
WP_1112738491_FEATURES_NDARO_Beta-Lactam_blaGES-36,blaGES-36
WP_1112738501_FEATURES_NDARO_Beta-Lactam_blaGES-37,blaGES-37
WP_1112738511_FEATURES_NDARO_Beta-Lactam_blaCMY-162,blaCMY-162
WP_1112738521_FEATURES_NDARO_Beta-Lactam_blaKPC-35,blaKPC-35
WP_1112808301_FEATURES_NDARO_Beta-Lactam_blaOXA-815,blaOXA-815
WP_1116728831_FEATURES_NDARO_Beta-Lactam_blaPDC-275,blaPDC-275
WP_1116728841_FEATURES_NDARO_Beta-Lactam_blaPDC-294,blaPDC-294
WP_1116728851_FEATURES_NDARO_Beta-Lactam_blaPDC-295,blaPDC-295
WP_1116728861_FEATURES_NDARO_Beta-Lactam_blaPDC-296,blaPDC-296
WP_1116728871_FEATURES_NDARO_Beta-Lactam_blaPDC-297,blaPDC-297
WP_1116728881_FEATURES_NDARO_Beta-Lactam_blaPDC-299,blaPDC-299
WP_1116728891_FEATURES_NDARO_Beta-Lactam_blaPDC-300,blaPDC-300
WP_1116728901_FEATURES_NDARO_Beta-Lactam_blaPDC-276,blaPDC-276
WP_1116728911_FEATURES_NDARO_Beta-Lactam_blaPDC-277,blaPDC-277
WP_1116728921_FEATURES_NDARO_Beta-Lactam_blaPDC-279,blaPDC-279
WP_1116728931_FEATURES_NDARO_Beta-Lactam_blaPDC-280,blaPDC-280
WP_1116728941_FEATURES_NDARO_Beta-Lactam_blaPDC-281,blaPDC-281
WP_1116728951_FEATURES_NDARO_Beta-Lactam_blaPDC-282,blaPDC-282
WP_1116728961_FEATURES_NDARO_Beta-Lactam_blaPDC-283,blaPDC-283
WP_1116728971_FEATURES_NDARO_Beta-Lactam_blaPDC-284,blaPDC-284
WP_1116728981_FEATURES_NDARO_Beta-Lactam_blaPDC-287,blaPDC-287
WP_1116728991_FEATURES_NDARO_Beta-Lactam_blaPDC-288,blaPDC-288
WP_1116729001_FEATURES_NDARO_Beta-Lactam_blaPDC-289,blaPDC-289
WP_1116729011_FEATURES_NDARO_Beta-Lactam_blaPDC-290,blaPDC-290
WP_1116729021_FEATURES_NDARO_Beta-Lactam_blaCTX-M-220,blaCTX-M-220
WP_1116729031_FEATURES_NDARO_Beta-Lactam_blaPDC-291,blaPDC-291
WP_1116729041_FEATURES_NDARO_Beta-Lactam_blaPDC-292,blaPDC-292
WP_1116729051_FEATURES_NDARO_Beta-Lactam_blaPDC-293,blaPDC-293
WP_1116729061_FEATURES_NDARO_Beta-Lactam_blaCMY-163,blaCMY-163
WP_1116729071_FEATURES_NDARO_Beta-Lactam_blaOXA-657,blaOXA-657
WP_1116729081_FEATURES_NDARO_Beta-Lactam_blaPDC-301,blaPDC-301
WP_1116729091_FEATURES_NDARO_Beta-Lactam_blaPDC-302,blaPDC-302
WP_1116729101_FEATURES_NDARO_Beta-Lactam_blaPDC-303,blaPDC-303
WP_1116729111_FEATURES_NDARO_Beta-Lactam_blaKPC-23,blaKPC-23
WP_1116729121_FEATURES_NDARO_Beta-Lactam_blaNDM-23,blaNDM-23
WP_1116729131_FEATURES_NDARO_Beta-Lactam_blaNDM-24,blaNDM-24
WP_1116729141_FEATURES_NDARO_Beta-Lactam_blaVIM-57,blaVIM-57
WP_1116908971_FEATURES_NDARO_Phenicol_Lincosamide_Oxazolidinone_Pleuromutilin_Streptogramin_cfr(B),cfr(B)
WP_1116908981_FEATURES_NDARO_Phenicol_Lincosamide_Oxazolidinone_Pleuromutilin_Streptogramin_cfr(C),cfr(C)
WP_1117721631_FEATURES_NDARO_Beta-Lactam_blaVIM-58,blaVIM-58
WP_1119654221_FEATURES_NDARO_Beta-Lactam_blaACT-58,blaACT-58
WP_1119662001_FEATURES_NDARO_Beta-Lactam_blaIMI-27,blaIMI-27
WP_1119670961_FEATURES_NDARO_Beta-Lactam_blaACT-62,blaACT-62
WP_1119760521_FEATURES_NDARO_Beta-Lactam_blaACT-60,blaACT-60
WP_1120176561_FEATURES_NDARO_Beta-Lactam_blaACT-61,blaACT-61
WP_1120217051_FEATURES_NDARO_Quinolone_qepA9,qepA9
WP_1122153661_FEATURES_NDARO_Beta-Lactam_blaOXY-8-1,blaOXY-8-1
WP_1122865301_FEATURES_NDARO_Beta-Lactam_blaRAHN-4,blaRAHN-4
WP_1127804661_FEATURES_NDARO_Beta-Lactam_blaACT-63,blaACT-63
WP_1127924211_FEATURES_NDARO_Beta-Lactam_blaACT-59,blaACT-59
WP_1133343411_FEATURES_NDARO_Quinolone_qepA10,qepA10
WP_1136135091_FEATURES_NDARO_Aminoglycoside_aac(6_)-Ib-D181Y,aac(6')-Ib-D181Y
WP_1138772551_FEATURES_NDARO_Beta-Lactam_blaRAHN-6,blaRAHN-6
WP_1140125921_FEATURES_NDARO_Beta-Lactam_blaPDC-572,blaPDC-572
WP_1141589971_FEATURES_NDARO_Beta-Lactam_blaOXA-854,blaOXA-854
WP_1141666831_FEATURES_NDARO_Beta-Lactam_blaADC-199,blaADC-199
WP_1142253431_FEATURES_NDARO_Beta-Lactam_blaOXA-739,blaOXA-739
WP_1142304571_FEATURES_NDARO_Beta-Lactam_blaOXA-1273,blaOXA-1273
WP_1142520361_FEATURES_NDARO_Beta-Lactam_blaOXA-853,blaOXA-853
WP_1142595201_FEATURES_NDARO_Beta-Lactam_blaADC-258,blaADC-258
WP_1142684911_FEATURES_NDARO_Beta-Lactam_blaOXA-926,blaOXA-926
WP_1142700861_FEATURES_NDARO_Beta-Lactam_blaADC-289,blaADC-289
WP_1142725321_FEATURES_NDARO_Beta-Lactam_blaOXA-727,blaOXA-727
WP_1144295211_FEATURES_NDARO_Colistin_mcr-137,mcr-1.37
WP_1144739551_FEATURES_NDARO_Fosfomycin_fosA9,fosA9
WP_1145009711_FEATURES_NDARO_Colistin_mcr-339,mcr-3.39
WP_1145081471_FEATURES_NDARO_Beta-Lactam_blaOKP-B-40,blaOKP-B-40
WP_1146992661_FEATURES_NDARO_Beta-Lactam_blaOXA-729,blaOXA-729
WP_1146992671_FEATURES_NDARO_Beta-Lactam_blaKPC-36,blaKPC-36
WP_1146992681_FEATURES_NDARO_Beta-Lactam_blaADC-174,blaADC-174
WP_1146992691_FEATURES_NDARO_Beta-Lactam_blaADC-177,blaADC-177
WP_1146992701_FEATURES_NDARO_Beta-Lactam_blaADC-178,blaADC-178
WP_1146992711_FEATURES_NDARO_Beta-Lactam_blaADC-179,blaADC-179
WP_1146992721_FEATURES_NDARO_Beta-Lactam_blaADC-180,blaADC-180
WP_1146992731_FEATURES_NDARO_Beta-Lactam_blaOXA-661,blaOXA-661
WP_1146992741_FEATURES_NDARO_Beta-Lactam_blaOXA-662,blaOXA-662
WP_1146992751_FEATURES_NDARO_Colistin_mcr-81,mcr-8.1
WP_1146992761_FEATURES_NDARO_Beta-Lactam_blaOXA-659,blaOXA-659
WP_1146992771_FEATURES_NDARO_Beta-Lactam_blaVIM-60,blaVIM-60
WP_1146992781_FEATURES_NDARO_Colistin_mcr-53,mcr-5.3
WP_1146992791_FEATURES_NDARO_Beta-Lactam_blaOXA-660,blaOXA-660
WP_1146992801_FEATURES_NDARO_Beta-Lactam_blaIMP-76,blaIMP-76
WP_1146992811_FEATURES_NDARO_Beta-Lactam_blaIMP-77,blaIMP-77
WP_1146992821_FEATURES_NDARO_Beta-Lactam_blaIMP-78,blaIMP-78
WP_1146992831_FEATURES_NDARO_Beta-Lactam_blaVIM-59,blaVIM-59
WP_1146992841_FEATURES_NDARO_Beta-Lactam_blaCTX-M-221,blaCTX-M-221
WP_1149999211_FEATURES_NDARO_Beta-Lactam_blaEBR-4,blaEBR-4
WP_1151967481_FEATURES_NDARO_Beta-Lactam_blaSHV-210,blaSHV-210
WP_1154210991_FEATURES_NDARO_Phenicol_cml_Ensi,cml_Ensi
WP_1154349941_FEATURES_NDARO_Beta-Lactam_blaADC-284,blaADC-284
WP_1154700491_FEATURES_NDARO_Beta-Lactam_blaKPC-40,blaKPC-40
WP_1160205641_FEATURES_NDARO_Beta-Lactam_blaADC-257,blaADC-257
ABQ189531_FEATURES_NDARO_Efflux_emrD3,emrD3
WP_1167437691_FEATURES_NDARO_Beta-Lactam_blaROB-10,blaROB-10
WP_1167868281_FEATURES_NDARO_Colistin_mcr-46,mcr-4.6
WP_1167868291_FEATURES_NDARO_Beta-Lactam_blaCTX-M-222,blaCTX-M-222
WP_1167868301_FEATURES_NDARO_Colistin_mcr-115,mcr-1.15
WP_1167868311_FEATURES_NDARO_Beta-Lactam_blaTEM-236,blaTEM-236
WP_1167868321_FEATURES_NDARO_Beta-Lactam_blaKPC-37,blaKPC-37
WP_1167868331_FEATURES_NDARO_Beta-Lactam_blaOXA-731,blaOXA-731
WP_1167868341_FEATURES_NDARO_Beta-Lactam_blaPDC-304,blaPDC-304
WP_1167868351_FEATURES_NDARO_Beta-Lactam_blaOXA-728,blaOXA-728
WP_1167868361_FEATURES_NDARO_Beta-Lactam_blaOXA-730,blaOXA-730
WP_1167868371_FEATURES_NDARO_Beta-Lactam_blaPDC-305,blaPDC-305
WP_1167868381_FEATURES_NDARO_Beta-Lactam_blaPDC-306,blaPDC-306
WP_1167868391_FEATURES_NDARO_Beta-Lactam_blaIMP-79,blaIMP-79
WP_1170444741_FEATURES_NDARO_Aminoglycoside_aac(6_)-Ib-G,aac(6')-Ib-G
WP_1170467521_FEATURES_NDARO_Aminoglycoside_aac(6_)-Ib-W104R,aac(6')-Ib-W104R
WP_1170622101_FEATURES_NDARO_Beta-Lactam_blaSHV-116,blaSHV-116
WP_1170659191_FEATURES_NDARO_Aminoglycoside_aac(6_)-Ib-generic,aac(6')-Ib-generic
WP_1171229761_FEATURES_NDARO_Beta-Lactam_blaLEN-58,blaLEN-58
WP_1172416141_FEATURES_NDARO_Beta-Lactam_blaSHV-223,blaSHV-223
WP_1174077531_FEATURES_NDARO_Beta-Lactam_blaOXA-1183,blaOXA-1183
WP_1175815821_FEATURES_NDARO_Beta-Lactam_blaACT-150,blaACT-150
WP_1176642571_FEATURES_NDARO_Beta-Lactam_cfxA6,cfxA6
WP_1182839901_FEATURES_NDARO_Beta-Lactam_blaCMH-23,blaCMH-23
WP_1188426261_FEATURES_NDARO_Tetracycline_tmexC1,tmexC1
WP_1188426271_FEATURES_NDARO_Tetracycline_tmexD1,tmexD1
WP_1188606541_FEATURES_NDARO_Colistin_mcr-84,mcr-8.4
WP_1189780921_FEATURES_NDARO_Beta-Lactam_blaADC-278,blaADC-278
WP_1190594681_FEATURES_NDARO_Beta-Lactam_blaBMHC-1,blaBMHC-1
WP_1196854931_FEATURES_NDARO_Beta-Lactam_blaOXA-1150,blaOXA-1150
WP_1198344611_FEATURES_NDARO_Beta-Lactam_blaOXY-1-15,blaOXY-1-15
CAL823601_FEATURES_NDARO_Phenicol_Lincosamide_Oxazolidinone_Pleuromutilin_Streptogramin_bont_A1,bont_A1
WP_1211287591_FEATURES_NDARO_Beta-Lactam_blaPDC-526,blaPDC-526
WP_1212860631_FEATURES_NDARO_Beta-Lactam_blaPDC-367,blaPDC-367
WP_1213060481_FEATURES_NDARO_Beta-Lactam_blaOXA-1021,blaOXA-1021
WP_1213317221_FEATURES_NDARO_Beta-Lactam_blaOXA-932,blaOXA-932
WP_1213478191_FEATURES_NDARO_Beta-Lactam_blaPDC-364,blaPDC-364
WP_1215273651_FEATURES_NDARO_Beta-Lactam_blaACT-87,blaACT-87
WP_1215724261_FEATURES_NDARO_Beta-Lactam_blaCTX-M-248,blaCTX-M-248
WP_1216068661_FEATURES_NDARO_Beta-Lactam_blaFONA-10,blaFONA-10
WP_1225430281_FEATURES_NDARO_Beta-Lactam_blaOKP-B-22,blaOKP-B-22
WP_1226308221_FEATURES_NDARO_Beta-Lactam_blaEFM-1,blaEFM-1
WP_1226308231_FEATURES_NDARO_Beta-Lactam_blaEVM-1,blaEVM-1
WP_1226308241_FEATURES_NDARO_Beta-Lactam_blaECM-1,blaECM-1
WP_1226308251_FEATURES_NDARO_Beta-Lactam_blaEAM-1,blaEAM-1
WP_1226308261_FEATURES_NDARO_Beta-Lactam_blaGES-38,blaGES-38
WP_1226308271_FEATURES_NDARO_Beta-Lactam_blaGES-39,blaGES-39
WP_1226308281_FEATURES_NDARO_Beta-Lactam_blaVIM-53,blaVIM-53
WP_1226308291_FEATURES_NDARO_Beta-Lactam_blaDHT2-1,blaDHT2-1
WP_1226308301_FEATURES_NDARO_Beta-Lactam_blaSPN79-1,blaSPN79-1
WP_1226308311_FEATURES_NDARO_Beta-Lactam_blaCRD3-1,blaCRD3-1
WP_1226308321_FEATURES_NDARO_Beta-Lactam_blaALG6-1,blaALG6-1
WP_1226308331_FEATURES_NDARO_Beta-Lactam_blaALG11-1,blaALG11-1
WP_1226308341_FEATURES_NDARO_Beta-Lactam_blaGRD33-1,blaGRD33-1
WP_1226308351_FEATURES_NDARO_Beta-Lactam_blaGRD23-1,blaGRD23-1
WP_1226308361_FEATURES_NDARO_Beta-Lactam_blaCMY-158,blaCMY-158
WP_1226308371_FEATURES_NDARO_Beta-Lactam_blaCMY-159,blaCMY-159
WP_1226308381_FEATURES_NDARO_Beta-Lactam_blaSHV-201,blaSHV-201
WP_1226308391_FEATURES_NDARO_Beta-Lactam_blaSHV-202,blaSHV-202
WP_1226308401_FEATURES_NDARO_Aminoglycoside_aac(6_)-Ie_fam,aac(6')-Ie_fam
WP_1226308401_FEATURES_NDARO_Aminoglycoside_aph(2__),aph(2'')
WP_1226308411_FEATURES_NDARO_Beta-Lactam_blaTEM-237,blaTEM-237
WP_1226308421_FEATURES_NDARO_Beta-Lactam_blaOXA-655,blaOXA-655
WP_1226308431_FEATURES_NDARO_Beta-Lactam_blaOXA-656,blaOXA-656
WP_1226308441_FEATURES_NDARO_Beta-Lactam_blaOXA-733,blaOXA-733
WP_1226308451_FEATURES_NDARO_Beta-Lactam_blaPDC-307,blaPDC-307
WP_1226308461_FEATURES_NDARO_Beta-Lactam_blaPDC-308,blaPDC-308
WP_1226308471_FEATURES_NDARO_Beta-Lactam_blaPDC-309,blaPDC-309
WP_1226308481_FEATURES_NDARO_Beta-Lactam_blaPDC-310,blaPDC-310
WP_1226308491_FEATURES_NDARO_Beta-Lactam_blaPDC-311,blaPDC-311
WP_1226308501_FEATURES_NDARO_Beta-Lactam_blaPDC-312,blaPDC-312
WP_1226308511_FEATURES_NDARO_Beta-Lactam_blaPDC-313,blaPDC-313
WP_1226308521_FEATURES_NDARO_Beta-Lactam_blaPDC-314,blaPDC-314
WP_1226308531_FEATURES_NDARO_Beta-Lactam_blaOXA-734,blaOXA-734
WP_1226308541_FEATURES_NDARO_Beta-Lactam_blaOXA-735,blaOXA-735
WP_1226308551_FEATURES_NDARO_Beta-Lactam_blaOXA-736,blaOXA-736
WP_1226308561_FEATURES_NDARO_Beta-Lactam_blaOXA-737,blaOXA-737
WP_1226308571_FEATURES_NDARO_Beta-Lactam_blaOXA-675,blaOXA-675
WP_1226308581_FEATURES_NDARO_Beta-Lactam_blaOXA-676,blaOXA-676
WP_1226308591_FEATURES_NDARO_Beta-Lactam_blaOXA-677,blaOXA-677
WP_1226308601_FEATURES_NDARO_Beta-Lactam_blaOXA-678,blaOXA-678
WP_1226308611_FEATURES_NDARO_Beta-Lactam_blaIMP-80,blaIMP-80
WP_1226308621_FEATURES_NDARO_Beta-Lactam_blaCTX-M-223,blaCTX-M-223
WP_1226308631_FEATURES_NDARO_Beta-Lactam_blaSHV-205,blaSHV-205
WP_1226308641_FEATURES_NDARO_Beta-Lactam_blaOXA-680,blaOXA-680
WP_1226308651_FEATURES_NDARO_Beta-Lactam_blaSHV-208,blaSHV-208
WP_1226308661_FEATURES_NDARO_Beta-Lactam_blaSHV-209,blaSHV-209
WP_1226308671_FEATURES_NDARO_Beta-Lactam_blaSHV-212,blaSHV-212
WP_1226308681_FEATURES_NDARO_Beta-Lactam_blaSHV-213,blaSHV-213
WP_1226308691_FEATURES_NDARO_Beta-Lactam_blaSHV-214,blaSHV-214
WP_1226308701_FEATURES_NDARO_Beta-Lactam_blaSHV-215,blaSHV-215
WP_1226308711_FEATURES_NDARO_Beta-Lactam_blaSHV-216,blaSHV-216
WP_1226308721_FEATURES_NDARO_Beta-Lactam_blaSHV-217,blaSHV-217
WP_1226308731_FEATURES_NDARO_Beta-Lactam_blaSHV-218,blaSHV-218
WP_1226308741_FEATURES_NDARO_Beta-Lactam_blaSHV-219,blaSHV-219
WP_1226308751_FEATURES_NDARO_Beta-Lactam_blaSHV-221,blaSHV-221
WP_1226308761_FEATURES_NDARO_Beta-Lactam_blaSHV-222,blaSHV-222
WP_1226308771_FEATURES_NDARO_Beta-Lactam_blaSHV-225,blaSHV-225
WP_1226308781_FEATURES_NDARO_Beta-Lactam_blaSHV-226,blaSHV-226
WP_1226308791_FEATURES_NDARO_Beta-Lactam_blaSHV-227,blaSHV-227
WP_1226308801_FEATURES_NDARO_Beta-Lactam_blaSHV-228,blaSHV-228
WP_1226308811_FEATURES_NDARO_Beta-Lactam_blaOXA-681,blaOXA-681
WP_1226308821_FEATURES_NDARO_Beta-Lactam_blaPDC-315,blaPDC-315
WP_1226308831_FEATURES_NDARO_Beta-Lactam_blaPDC-316,blaPDC-316
WP_1226308841_FEATURES_NDARO_Beta-Lactam_blaOXA-682,blaOXA-682
WP_1226308851_FEATURES_NDARO_Beta-Lactam_blaOXA-683,blaOXA-683
WP_1226308861_FEATURES_NDARO_Beta-Lactam_blaOXA-684,blaOXA-684
WP_1226308871_FEATURES_NDARO_Beta-Lactam_blaOXA-685,blaOXA-685
WP_1226308881_FEATURES_NDARO_Beta-Lactam_blaOXA-686,blaOXA-686
WP_1226308891_FEATURES_NDARO_Beta-Lactam_blaOXA-687,blaOXA-687
WP_1226308901_FEATURES_NDARO_Beta-Lactam_blaOXA-688,blaOXA-688
WP_1226308911_FEATURES_NDARO_Beta-Lactam_blaOXA-689,blaOXA-689
WP_1226308921_FEATURES_NDARO_Beta-Lactam_blaOXA-690,blaOXA-690
WP_1226308931_FEATURES_NDARO_Beta-Lactam_blaOXA-691,blaOXA-691
WP_1226308941_FEATURES_NDARO_Beta-Lactam_blaOXA-692,blaOXA-692
WP_1226308951_FEATURES_NDARO_Beta-Lactam_blaOXA-693,blaOXA-693
WP_1226308961_FEATURES_NDARO_Beta-Lactam_blaOXA-694,blaOXA-694
WP_1226308971_FEATURES_NDARO_Beta-Lactam_blaOXA-695,blaOXA-695
WP_1226308981_FEATURES_NDARO_Beta-Lactam_blaOXA-696,blaOXA-696
WP_1226308991_FEATURES_NDARO_Beta-Lactam_blaOXA-697,blaOXA-697
WP_1226309001_FEATURES_NDARO_Beta-Lactam_blaOXA-698,blaOXA-698
WP_1226309011_FEATURES_NDARO_Beta-Lactam_blaOXA-699,blaOXA-699
WP_1226309021_FEATURES_NDARO_Beta-Lactam_blaOXA-700,blaOXA-700
WP_1226309031_FEATURES_NDARO_Beta-Lactam_blaOXA-701,blaOXA-701
WP_1226309041_FEATURES_NDARO_Beta-Lactam_blaOXA-702,blaOXA-702
WP_1226309051_FEATURES_NDARO_Beta-Lactam_blaOXA-703,blaOXA-703
WP_1226309061_FEATURES_NDARO_Beta-Lactam_blaOXA-704,blaOXA-704
WP_1226309071_FEATURES_NDARO_Beta-Lactam_blaOXA-705,blaOXA-705
WP_1226309081_FEATURES_NDARO_Beta-Lactam_blaOXA-706,blaOXA-706
WP_1226309091_FEATURES_NDARO_Beta-Lactam_blaOXA-707,blaOXA-707
WP_1226309101_FEATURES_NDARO_Beta-Lactam_blaOXA-718,blaOXA-718
WP_1226309111_FEATURES_NDARO_Beta-Lactam_blaOXA-719,blaOXA-719
WP_1226309121_FEATURES_NDARO_Beta-Lactam_blaOXA-720,blaOXA-720
WP_1226309131_FEATURES_NDARO_Beta-Lactam_blaOXA-721,blaOXA-721
WP_1226309141_FEATURES_NDARO_Beta-Lactam_blaOXA-722,blaOXA-722
WP_1226309151_FEATURES_NDARO_Beta-Lactam_blaOXA-723,blaOXA-723
WP_1226309161_FEATURES_NDARO_Beta-Lactam_blaOXA-708,blaOXA-708
WP_1226309171_FEATURES_NDARO_Beta-Lactam_blaOXA-709,blaOXA-709
WP_1226309181_FEATURES_NDARO_Beta-Lactam_blaOXA-710,blaOXA-710
WP_1226309191_FEATURES_NDARO_Beta-Lactam_blaOXA-711,blaOXA-711
WP_1226309201_FEATURES_NDARO_Beta-Lactam_blaOXA-712,blaOXA-712
WP_1226309211_FEATURES_NDARO_Beta-Lactam_blaOXA-713,blaOXA-713
WP_1226309221_FEATURES_NDARO_Beta-Lactam_blaOXA-714,blaOXA-714
WP_1226309231_FEATURES_NDARO_Beta-Lactam_blaOXA-777,blaOXA-777
WP_1226309241_FEATURES_NDARO_Beta-Lactam_blaOXA-778,blaOXA-778
WP_1226344371_FEATURES_NDARO_Tetracycline_tet(W_N_W),tet(W/N/W)
WP_1226344381_FEATURES_NDARO_Beta-Lactam_blaOXA-779,blaOXA-779
WP_1226344391_FEATURES_NDARO_Beta-Lactam_blaOXA-679,blaOXA-679
WP_1230021001_FEATURES_NDARO_Beta-Lactam_blaGES-40,blaGES-40
WP_1230021011_FEATURES_NDARO_Beta-Lactam_blaKPC-38,blaKPC-38
WP_1230021021_FEATURES_NDARO_Beta-Lactam_blaNDM-27,blaNDM-27
WP_1230021031_FEATURES_NDARO_Beta-Lactam_blaVIM-61,blaVIM-61
WP_1230610771_FEATURES_NDARO_Beta-Lactam_blaFLC-1,blaFLC-1
WP_1230859361_FEATURES_NDARO_Aminoglycoside_aac(6_)-Ib-AKT,aac(6')-Ib-AKT
AYW012991_FEATURES_NDARO_Colistin_mcr-91,mcr-9.1
WP_1238369281_FEATURES_NDARO_Beta-Lactam_blaLEN-51,blaLEN-51
WP_1238650861_FEATURES_NDARO_Beta-Lactam_blaCIM-1,blaCIM-1
WP_1240427151_FEATURES_NDARO_Aminoglycoside_Quinolone_aac(6_)-Ib-cr10,aac(6')-Ib-cr10
WP_1241258611_FEATURES_NDARO_Beta-Lactam_blaOXA-1124,blaOXA-1124
WP_1241294931_FEATURES_NDARO_Beta-Lactam_blaPDC-529,blaPDC-529
WP_1241872091_FEATURES_NDARO_Beta-Lactam_blaPDC-407,blaPDC-407
WP_1242139271_FEATURES_NDARO_Beta-Lactam_blaOXA-1252,blaOXA-1252
WP_1244704501_FEATURES_NDARO_Tetracycline_tet(64),tet(64)
WP_1250527361_FEATURES_NDARO_Beta-Lactam_blaOXA-834,blaOXA-834
WP_1250527761_FEATURES_NDARO_Beta-Lactam_blaADC-114,blaADC-114
WP_1250640481_FEATURES_NDARO_Beta-Lactam_blaOXA-1083,blaOXA-1083
WP_1253533081_FEATURES_NDARO_Quinolone_qnrB96,qnrB96
ABS586431_FEATURES_NDARO_Beta-Lactam_blaEC,blaEC
WP_1261189691_FEATURES_NDARO_Beta-Lactam_blaPDC-371,blaPDC-371
WP_1261238801_FEATURES_NDARO_Aminoglycoside_aac(6_)-Ib-G,aac(6')-Ib-G
WP_1262058271_FEATURES_NDARO_Beta-Lactam_blaOXA-785,blaOXA-785
WP_1262971361_FEATURES_NDARO_Beta-Lactam_blaACT-108,blaACT-108
WP_1264886811_FEATURES_NDARO_Beta-Lactam_blaOXY-2-26,blaOXY-2-26
WP_1265246541_FEATURES_NDARO_Beta-Lactam_blaACT-151,blaACT-151
WP_1265589441_FEATURES_NDARO_Beta-Lactam_blaOXA-1267,blaOXA-1267
WP_1265845561_FEATURES_NDARO_Beta-Lactam_blaOXA-1020,blaOXA-1020
WP_1265904711_FEATURES_NDARO_Beta-Lactam_blaPDC-535,blaPDC-535
WP_1266226891_FEATURES_NDARO_Beta-Lactam_blaOXA-1131,blaOXA-1131
AAK996791_FEATURES_NDARO_Quinolone_pmrA,pmrA
WP_1268179821_FEATURES_NDARO_Beta-Lactam_blaACT-76,blaACT-76
WP_1268617711_FEATURES_NDARO_Beta-Lactam_blaOXA-1029,blaOXA-1029
BAB645661_FEATURES_NDARO_Efflux_bexA,bexA
WP_1277289911_FEATURES_NDARO_Beta-Lactam_blaFRI-6,blaFRI-6
WP_1282682311_FEATURES_NDARO_Beta-Lactam_mecC2,mecC2
WP_1282682321_FEATURES_NDARO_Beta-Lactam_blaADC-183,blaADC-183
WP_1282682331_FEATURES_NDARO_Beta-Lactam_blaCARB-50,blaCARB-50
WP_1282682341_FEATURES_NDARO_Beta-Lactam_blaCFE-2,blaCFE-2
WP_1282682351_FEATURES_NDARO_Beta-Lactam_blaCTX-M-215,blaCTX-M-215
WP_1282682361_FEATURES_NDARO_Beta-Lactam_blaDHA-28,blaDHA-28
WP_1282682371_FEATURES_NDARO_Beta-Lactam_blaKPC-39,blaKPC-39
WP_1282682381_FEATURES_NDARO_Beta-Lactam_blaOXA-738,blaOXA-738
WP_1282682391_FEATURES_NDARO_Beta-Lactam_blaOXA-740,blaOXA-740
WP_1282682401_FEATURES_NDARO_Beta-Lactam_blaOXA-741,blaOXA-741
WP_1282682411_FEATURES_NDARO_Beta-Lactam_blaOXA-742,blaOXA-742
WP_1282682421_FEATURES_NDARO_Beta-Lactam_blaOXA-743,blaOXA-743
WP_1282682431_FEATURES_NDARO_Beta-Lactam_blaOXA-744,blaOXA-744
WP_1282682441_FEATURES_NDARO_Beta-Lactam_blaOXA-745,blaOXA-745
WP_1282682451_FEATURES_NDARO_Beta-Lactam_blaOXA-746,blaOXA-746
WP_1282682461_FEATURES_NDARO_Beta-Lactam_blaOXA-747,blaOXA-747
WP_1282682471_FEATURES_NDARO_Beta-Lactam_blaOXA-748,blaOXA-748
WP_1282682481_FEATURES_NDARO_Beta-Lactam_blaOXA-749,blaOXA-749
WP_1282682491_FEATURES_NDARO_Beta-Lactam_blaOXA-750,blaOXA-750
WP_1282682501_FEATURES_NDARO_Beta-Lactam_blaOXA-751,blaOXA-751
WP_1282682511_FEATURES_NDARO_Beta-Lactam_blaOXA-752,blaOXA-752
WP_1282682521_FEATURES_NDARO_Beta-Lactam_blaOXA-753,blaOXA-753
WP_1282682531_FEATURES_NDARO_Beta-Lactam_blaOXA-754,blaOXA-754
WP_1282682541_FEATURES_NDARO_Beta-Lactam_blaOXA-755,blaOXA-755
WP_1282682551_FEATURES_NDARO_Beta-Lactam_blaOXA-756,blaOXA-756
WP_1282682561_FEATURES_NDARO_Beta-Lactam_blaOXA-757,blaOXA-757
WP_1282682571_FEATURES_NDARO_Beta-Lactam_blaOXA-758,blaOXA-758
WP_1282682581_FEATURES_NDARO_Beta-Lactam_blaOXA-759,blaOXA-759
WP_1282682591_FEATURES_NDARO_Beta-Lactam_blaOXA-760,blaOXA-760
WP_1282682601_FEATURES_NDARO_Beta-Lactam_blaOXA-761,blaOXA-761
WP_1282682611_FEATURES_NDARO_Beta-Lactam_blaOXA-762,blaOXA-762
WP_1282682621_FEATURES_NDARO_Beta-Lactam_blaOXA-763,blaOXA-763
WP_1282682631_FEATURES_NDARO_Beta-Lactam_blaOXA-764,blaOXA-764
WP_1282682641_FEATURES_NDARO_Beta-Lactam_blaOXA-765,blaOXA-765
WP_1282682651_FEATURES_NDARO_Beta-Lactam_blaOXA-766,blaOXA-766
WP_1282682661_FEATURES_NDARO_Beta-Lactam_blaOXA-767,blaOXA-767
WP_1282682671_FEATURES_NDARO_Beta-Lactam_blaOXA-768,blaOXA-768
WP_1282682681_FEATURES_NDARO_Beta-Lactam_blaOXA-769,blaOXA-769
WP_1282682691_FEATURES_NDARO_Beta-Lactam_blaOXA-770,blaOXA-770
WP_1282682701_FEATURES_NDARO_Beta-Lactam_blaOXA-771,blaOXA-771
WP_1282682711_FEATURES_NDARO_Beta-Lactam_blaOXA-772,blaOXA-772
WP_1282682721_FEATURES_NDARO_Beta-Lactam_blaOXA-773,blaOXA-773
WP_1282682731_FEATURES_NDARO_Beta-Lactam_blaOXA-774,blaOXA-774
WP_1282682741_FEATURES_NDARO_Beta-Lactam_blaOXA-775,blaOXA-775
WP_1282682751_FEATURES_NDARO_Beta-Lactam_blaOXA-776,blaOXA-776
WP_1282682761_FEATURES_NDARO_Beta-Lactam_blaOXA-781,blaOXA-781
WP_1282682771_FEATURES_NDARO_Beta-Lactam_blaOXA-782,blaOXA-782
WP_1282682781_FEATURES_NDARO_Beta-Lactam_blaOXA-783,blaOXA-783
WP_1282682791_FEATURES_NDARO_Beta-Lactam_blaOXA-786,blaOXA-786
WP_1282682801_FEATURES_NDARO_Beta-Lactam_blaPDC-317,blaPDC-317
WP_1282682811_FEATURES_NDARO_Beta-Lactam_blaRSA2-1,blaRSA2-1
WP_1282682821_FEATURES_NDARO_Beta-Lactam_blaRSC1-1,blaRSC1-1
WP_1282682831_FEATURES_NDARO_Beta-Lactam_blaRSD1-1,blaRSD1-1
WP_1282682841_FEATURES_NDARO_Beta-Lactam_blaRSD2-1,blaRSD2-1
WP_1282682851_FEATURES_NDARO_Beta-Lactam_blaRSD2-2,blaRSD2-2
WP_1282682861_FEATURES_NDARO_Beta-Lactam_blaVEB-20,blaVEB-20
WP_1282682871_FEATURES_NDARO_Beta-Lactam_blaVIM-62,blaVIM-62
WP_1282682881_FEATURES_NDARO_Quinolone_qnrS15,qnrS15
WP_1282962721_FEATURES_NDARO_Beta-Lactam_blaOXA-1037,blaOXA-1037
WP_1283439571_FEATURES_NDARO_Beta-Lactam_blaMOX-25,blaMOX-25
WP_1284701371_FEATURES_NDARO_Aminoglycoside_aac(6_)_E526,aac(6')_E526
WP_1285504811_FEATURES_NDARO_Beta-Lactam_blaPDC-353,blaPDC-353
WP_1286212421_FEATURES_NDARO_Beta-Lactam_blaOXA-1271,blaOXA-1271
WP_1292562761_FEATURES_NDARO_Beta-Lactam_blaACT-106,blaACT-106
WP_1293360871_FEATURES_NDARO_Colistin_mcr-119,mcr-1.19
WP_1295468091_FEATURES_NDARO_Lincosamide_Macrolide_Streptogramin_erm(56),erm(56)
WP_1301734371_FEATURES_NDARO_Beta-Lactam_blaADC-207,blaADC-207
WP_1302022011_FEATURES_NDARO_Beta-Lactam_blaVIM-69,blaVIM-69
WP_1309496711_FEATURES_NDARO_Trimethoprim_dfrA50,dfrA50
WP_1313867681_FEATURES_NDARO_Lincosamide_Macrolide_Streptogramin_erm(51),erm(51)
WP_1314195831_FEATURES_NDARO_Beta-Lactam_blaTEM-238,blaTEM-238
WP_1315349821_FEATURES_NDARO_Aminoglycoside_Quinolone_aac(6_)-Ib-cr9,aac(6')-Ib-cr9
WP_1320384281_FEATURES_NDARO_Beta-Lactam_blaADC-235,blaADC-235
WP_1325864621_FEATURES_NDARO_Trimethoprim_dfrA37,dfrA37
WP_1326299691_FEATURES_NDARO_Aminoglycoside_aac(6_)-Ib-AKT,aac(6')-Ib-AKT
WP_1327103631_FEATURES_NDARO_Beta-Lactam_blaPDC-443,blaPDC-443
WP_1329958181_FEATURES_NDARO_Beta-Lactam_blaROB-11,blaROB-11
WP_1332389641_FEATURES_NDARO_Beta-Lactam_blaADC-356,blaADC-356
WP_1334526851_FEATURES_NDARO_Beta-Lactam_blaPDC-433,blaPDC-433
ABX006241_FEATURES_NDARO_Fosfomycin_lmrC_abcf,lmrC_abcf
WP_1339638981_FEATURES_NDARO_Beta-Lactam_blaNDM-16b,blaNDM-16b
WP_1339724241_FEATURES_NDARO_Beta-Lactam_blaADC-194,blaADC-194
WP_1339739181_FEATURES_NDARO_Beta-Lactam_blaOXA-822,blaOXA-822
WP_1341793671_FEATURES_NDARO_Beta-Lactam_blaACT-112,blaACT-112
WP_1342163451_FEATURES_NDARO_Beta-Lactam_blaCMY-181,blaCMY-181
WP_1342547061_FEATURES_NDARO_Beta-Lactam_blaPDC-319,blaPDC-319
WP_1342656311_FEATURES_NDARO_Beta-Lactam_blaPDC-402,blaPDC-402
WP_1342952951_FEATURES_NDARO_Beta-Lactam_blaPDC-613,blaPDC-613
WP_1344505401_FEATURES_NDARO_Beta-Lactam_blaPDC-408,blaPDC-408
WP_1346006701_FEATURES_NDARO_Beta-Lactam_blaPDC-423,blaPDC-423
WP_1346289151_FEATURES_NDARO_Aminoglycoside_aac(6_)-Ib-G,aac(6')-Ib-G
WP_1346969371_FEATURES_NDARO_Beta-Lactam_blaOXA-1153,blaOXA-1153
WP_1353509201_FEATURES_NDARO_Beta-Lactam_blaGES-41,blaGES-41
AAL144411_FEATURES_NDARO_Efflux_adeC,adeC
WP_1360266391_FEATURES_NDARO_Beta-Lactam_blaLEN-39,blaLEN-39
WP_1360341071_FEATURES_NDARO_Beta-Lactam_blaOKP-C-1,blaOKP-C-1
WP_1360495601_FEATURES_NDARO_Beta-Lactam_blaLEN-40,blaLEN-40
WP_1360863421_FEATURES_NDARO_Beta-Lactam_blaLEN-38,blaLEN-38
WP_1365120511_FEATURES_NDARO_Beta-Lactam_blaACT-68,blaACT-68
WP_1365120521_FEATURES_NDARO_Beta-Lactam_blaADC-109,blaADC-109
WP_1365120531_FEATURES_NDARO_Beta-Lactam_blaADC-110,blaADC-110
WP_1365120541_FEATURES_NDARO_Beta-Lactam_blaADC-112,blaADC-112
WP_1365120551_FEATURES_NDARO_Beta-Lactam_blaADC-113,blaADC-113
WP_1365120561_FEATURES_NDARO_Beta-Lactam_blaADC-187,blaADC-187
WP_1365120571_FEATURES_NDARO_Beta-Lactam_blaADC-188,blaADC-188
WP_1365120581_FEATURES_NDARO_Beta-Lactam_blaADC-189,blaADC-189
WP_1365120591_FEATURES_NDARO_Beta-Lactam_blaADC-190,blaADC-190
WP_1365120601_FEATURES_NDARO_Beta-Lactam_blaADC-192,blaADC-192
WP_1365120611_FEATURES_NDARO_Beta-Lactam_blaADC-24,blaADC-24
WP_1365120621_FEATURES_NDARO_Beta-Lactam_blaADC-65,blaADC-65
WP_1365120631_FEATURES_NDARO_Beta-Lactam_blaADC-66,blaADC-66
WP_1365120641_FEATURES_NDARO_Beta-Lactam_blaCTX-M-225,blaCTX-M-225
WP_1365120651_FEATURES_NDARO_Beta-Lactam_blaCTX-M-226,blaCTX-M-226
WP_1365120661_FEATURES_NDARO_Beta-Lactam_blaFRI-7,blaFRI-7
WP_1365120671_FEATURES_NDARO_Beta-Lactam_blaIMI-18,blaIMI-18
WP_1365120681_FEATURES_NDARO_Beta-Lactam_blaIMP-39,blaIMP-39
WP_1365120691_FEATURES_NDARO_Beta-Lactam_blaIMP-46,blaIMP-46
WP_1365120701_FEATURES_NDARO_Beta-Lactam_blaKPC-42,blaKPC-42
WP_1365120711_FEATURES_NDARO_Beta-Lactam_blaKPC-43,blaKPC-43
WP_1365120721_FEATURES_NDARO_Beta-Lactam_blaNDM-28,blaNDM-28
WP_1365120731_FEATURES_NDARO_Beta-Lactam_blaOXA-114k,blaOXA-114k
WP_1365120741_FEATURES_NDARO_Beta-Lactam_blaOXA-114n,blaOXA-114n
WP_1365120751_FEATURES_NDARO_Beta-Lactam_blaOXA-114q,blaOXA-114q
WP_1365120761_FEATURES_NDARO_Beta-Lactam_blaOXA-114r,blaOXA-114r
WP_1365120771_FEATURES_NDARO_Beta-Lactam_blaOXA-114s,blaOXA-114s
WP_1365120781_FEATURES_NDARO_Beta-Lactam_blaOXA-114t,blaOXA-114t
WP_1365120791_FEATURES_NDARO_Beta-Lactam_blaOXA-114u,blaOXA-114u
WP_1365120801_FEATURES_NDARO_Beta-Lactam_blaOXA-114v,blaOXA-114v
WP_1365120811_FEATURES_NDARO_Beta-Lactam_blaOXA-114w,blaOXA-114w
WP_1365120821_FEATURES_NDARO_Beta-Lactam_blaOXA-114x,blaOXA-114x
WP_1365120831_FEATURES_NDARO_Beta-Lactam_blaOXA-787,blaOXA-787
WP_1365120841_FEATURES_NDARO_Beta-Lactam_blaOXA-788,blaOXA-788
WP_1365120851_FEATURES_NDARO_Beta-Lactam_blaOXA-793,blaOXA-793
WP_1365120861_FEATURES_NDARO_Beta-Lactam_blaOXA-794,blaOXA-794
WP_1365120871_FEATURES_NDARO_Beta-Lactam_blaOXA-795,blaOXA-795
WP_1365120881_FEATURES_NDARO_Beta-Lactam_blaOXA-797,blaOXA-797
WP_1365120891_FEATURES_NDARO_Beta-Lactam_blaOXA-798,blaOXA-798
WP_1365120901_FEATURES_NDARO_Beta-Lactam_blaOXA-799,blaOXA-799
WP_1365120911_FEATURES_NDARO_Beta-Lactam_blaOXA-800,blaOXA-800
WP_1365120921_FEATURES_NDARO_Beta-Lactam_blaOXA-801,blaOXA-801
WP_1365120931_FEATURES_NDARO_Beta-Lactam_blaOXA-802,blaOXA-802
WP_1365120941_FEATURES_NDARO_Beta-Lactam_blaOXA-803,blaOXA-803
WP_1365120951_FEATURES_NDARO_Beta-Lactam_blaOXA-804,blaOXA-804
WP_1365120961_FEATURES_NDARO_Beta-Lactam_blaOXA-805,blaOXA-805
WP_1365120971_FEATURES_NDARO_Beta-Lactam_blaOXA-806,blaOXA-806
WP_1365120981_FEATURES_NDARO_Beta-Lactam_blaOXA-807,blaOXA-807
WP_1365120991_FEATURES_NDARO_Beta-Lactam_blaOXA-808,blaOXA-808
WP_1365121001_FEATURES_NDARO_Beta-Lactam_blaOXA-809,blaOXA-809
WP_1365121011_FEATURES_NDARO_Beta-Lactam_blaOXA-810,blaOXA-810
WP_1365121021_FEATURES_NDARO_Beta-Lactam_blaOXA-811,blaOXA-811
WP_1365121031_FEATURES_NDARO_Beta-Lactam_blaOXA-823,blaOXA-823
WP_1365121041_FEATURES_NDARO_Beta-Lactam_blaOXA-824,blaOXA-824
WP_1365121051_FEATURES_NDARO_Beta-Lactam_blaPER-13,blaPER-13
WP_1365121061_FEATURES_NDARO_Beta-Lactam_blaVIM-48,blaVIM-48
WP_1365121071_FEATURES_NDARO_Beta-Lactam_blaVIM-55,blaVIM-55
WP_1365121081_FEATURES_NDARO_Beta-Lactam_blaVIM-63,blaVIM-63
WP_1365121091_FEATURES_NDARO_Beta-Lactam_blaVIM-66,blaVIM-66
WP_1365121101_FEATURES_NDARO_Colistin_mcr-116,mcr-1.16
WP_1365121111_FEATURES_NDARO_Colistin_mcr-117,mcr-1.17
WP_1365121121_FEATURES_NDARO_Colistin_mcr-329,mcr-3.29
WP_1368283121_FEATURES_NDARO_Beta-Lactam_blaPDC-528,blaPDC-528
WP_1371382911_FEATURES_NDARO_Beta-Lactam_blaKBL-1,blaKBL-1
WP_1380703411_FEATURES_NDARO_Macrolide_Streptogramin_msr(H),msr(H)
WP_1381491481_FEATURES_NDARO_Beta-Lactam_blaADC-347,blaADC-347
WP_1384033141_FEATURES_NDARO_Beta-Lactam_blaPDC-322,blaPDC-322
WP_1394192581_FEATURES_NDARO_Beta-Lactam_blaOXA-1190,blaOXA-1190
WP_1394622691_FEATURES_NDARO_Beta-Lactam_blaOXA-1162,blaOXA-1162
WP_1398476071_FEATURES_NDARO_Macrolide_erm(53),erm(53)
WP_1399370271_FEATURES_NDARO_Beta-Lactam_blaCMH-24,blaCMH-24
WP_1404231911_FEATURES_NDARO_Aminoglycoside_aac(6_)-Ib-generic,aac(6')-Ib-generic
WP_1404232781_FEATURES_NDARO_Aminoglycoside_aadA1,aadA1
WP_1404232791_FEATURES_NDARO_Aminoglycoside_aadA2,aadA2
WP_1404232801_FEATURES_NDARO_Aminoglycoside_aadA2,aadA2
WP_1404232811_FEATURES_NDARO_Aminoglycoside_aadA2,aadA2
WP_1404232821_FEATURES_NDARO_Aminoglycoside_aadA5,aadA5
WP_1404232831_FEATURES_NDARO_Trimethoprim_dfrA1,dfrA1
WP_1404232841_FEATURES_NDARO_Trimethoprim_dfrA12,dfrA12
WP_1404232851_FEATURES_NDARO_Trimethoprim_dfrA17,dfrA17
WP_1404232861_FEATURES_NDARO_Trimethoprim_dfrA17,dfrA17
WP_1404232871_FEATURES_NDARO_Trimethoprim_dfrA17,dfrA17
WP_1404233051_FEATURES_NDARO_Beta-Lactam_blaADC-195,blaADC-195
WP_1404233061_FEATURES_NDARO_Beta-Lactam_blaB-15,blaB-15
WP_1404233071_FEATURES_NDARO_Beta-Lactam_blaCMY-164,blaCMY-164
WP_1404233081_FEATURES_NDARO_Beta-Lactam_blaFRI-8,blaFRI-8
WP_1404233091_FEATURES_NDARO_Beta-Lactam_blaFRI-9,blaFRI-9
WP_1404233101_FEATURES_NDARO_Beta-Lactam_blaIMI-19,blaIMI-19
WP_1404233111_FEATURES_NDARO_Beta-Lactam_blaKPC-44,blaKPC-44
WP_1404233121_FEATURES_NDARO_Beta-Lactam_blaOXA-643,blaOXA-643
WP_1404233131_FEATURES_NDARO_Beta-Lactam_blaOXA-644,blaOXA-644
WP_1404233141_FEATURES_NDARO_Beta-Lactam_blaOXA-645,blaOXA-645
WP_1404233151_FEATURES_NDARO_Beta-Lactam_blaOXA-647,blaOXA-647
WP_1404233161_FEATURES_NDARO_Beta-Lactam_blaOXA-648,blaOXA-648
WP_1404233171_FEATURES_NDARO_Beta-Lactam_blaOXA-650,blaOXA-650
WP_1404233181_FEATURES_NDARO_Beta-Lactam_blaOXA-825,blaOXA-825
WP_1404233191_FEATURES_NDARO_Beta-Lactam_blaOXA-826,blaOXA-826
WP_1404233201_FEATURES_NDARO_Beta-Lactam_blaOXA-827,blaOXA-827
WP_1404233211_FEATURES_NDARO_Beta-Lactam_blaOXA-828,blaOXA-828
WP_1404233221_FEATURES_NDARO_Beta-Lactam_blaOXA-829,blaOXA-829
WP_1404233231_FEATURES_NDARO_Beta-Lactam_blaOXA-831,blaOXA-831
WP_1404233241_FEATURES_NDARO_Beta-Lactam_blaOXA-833,blaOXA-833
WP_1404233251_FEATURES_NDARO_Beta-Lactam_blaPDC-333,blaPDC-333
WP_1404233261_FEATURES_NDARO_Beta-Lactam_blaPOM-2,blaPOM-2
WP_1404233271_FEATURES_NDARO_Beta-Lactam_blaVIM-64,blaVIM-64
WP_1404233281_FEATURES_NDARO_Beta-Lactam_blaVIM-65,blaVIM-65
WP_1404233291_FEATURES_NDARO_Colistin_mcr-120,mcr-1.20
WP_1404233301_FEATURES_NDARO_Colistin_mcr-121,mcr-1.21
WP_1404233311_FEATURES_NDARO_Colistin_mcr-326,mcr-3.26
WP_1415630141_FEATURES_NDARO_Beta-Lactam_blaPDC-454,blaPDC-454
WP_1419890641_FEATURES_NDARO_Beta-Lactam_blaOXA-935,blaOXA-935
WP_1424462361_FEATURES_NDARO_Beta-Lactam_blaOXY-4-2,blaOXY-4-2
WP_1424640241_FEATURES_NDARO_Beta-Lactam_blaOXY-3-2,blaOXY-3-2
WP_1424655781_FEATURES_NDARO_Beta-Lactam_blaOXY-9-1,blaOXY-9-1
WP_1424678421_FEATURES_NDARO_Beta-Lactam_blaOXY-4-3,blaOXY-4-3
WP_1424710561_FEATURES_NDARO_Beta-Lactam_blaOXY-4-4,blaOXY-4-4
WP_1424812061_FEATURES_NDARO_Beta-Lactam_blaOXY-4-5,blaOXY-4-5
WP_1425121171_FEATURES_NDARO_Beta-Lactam_blaOXY-8-3,blaOXY-8-3
WP_1425154821_FEATURES_NDARO_Beta-Lactam_blaOXY-8-2,blaOXY-8-2
WP_1428367231_FEATURES_NDARO_Beta-Lactam_blaVIM-78,blaVIM-78
WP_1428751251_FEATURES_NDARO_Beta-Lactam_blaVIM-67,blaVIM-67
WP_1429811351_FEATURES_NDARO_Beta-Lactam_blaOXY-3-3,blaOXY-3-3
WP_1443763931_FEATURES_NDARO_Beta-Lactam_blaOXA-894,blaOXA-894
WP_1458500331_FEATURES_NDARO_Beta-Lactam_blaADC-196,blaADC-196
WP_1480444011_FEATURES_NDARO_Beta-Lactam_blaAQU,blaAQU
WP_1480444021_FEATURES_NDARO_Beta-Lactam_blaAQU,blaAQU
WP_1480444041_FEATURES_NDARO_Tetracycline_tet(55),tet(55)
WP_1480444051_FEATURES_NDARO_Beta-Lactam_blaCAM-1,blaCAM-1
WP_1480444061_FEATURES_NDARO_Beta-Lactam_blaCMY-165,blaCMY-165
WP_1480444071_FEATURES_NDARO_Beta-Lactam_blaCMY-166,blaCMY-166
WP_1480444081_FEATURES_NDARO_Beta-Lactam_blaCMY-167,blaCMY-167
WP_1480444091_FEATURES_NDARO_Beta-Lactam_blaCTX-M-227,blaCTX-M-227
WP_1480444101_FEATURES_NDARO_Beta-Lactam_blaCTX-M-228,blaCTX-M-228
WP_1480444111_FEATURES_NDARO_Beta-Lactam_blaCTX-M-229,blaCTX-M-229
WP_1480444121_FEATURES_NDARO_Beta-Lactam_blaDHA-29,blaDHA-29
WP_1480444131_FEATURES_NDARO_Beta-Lactam_blaGES-42,blaGES-42
WP_1480444141_FEATURES_NDARO_Beta-Lactam_blaGES-43,blaGES-43
WP_1480444151_FEATURES_NDARO_Beta-Lactam_blaIMP-81,blaIMP-81
WP_1480444161_FEATURES_NDARO_Beta-Lactam_blaIMP-82,blaIMP-82
WP_1480444171_FEATURES_NDARO_Beta-Lactam_blaIMP-83,blaIMP-83
WP_1480444181_FEATURES_NDARO_Beta-Lactam_blaIMP-84,blaIMP-84
WP_1480444191_FEATURES_NDARO_Beta-Lactam_blaKPC-41,blaKPC-41
WP_1480444201_FEATURES_NDARO_Beta-Lactam_blaKPC-45,blaKPC-45
WP_1480444211_FEATURES_NDARO_Beta-Lactam_blaKPC-46,blaKPC-46
WP_1480444221_FEATURES_NDARO_Beta-Lactam_blaOXA-835,blaOXA-835
WP_1480444231_FEATURES_NDARO_Beta-Lactam_blaOXA-836,blaOXA-836
WP_1480444241_FEATURES_NDARO_Beta-Lactam_blaPAU-1,blaPAU-1
WP_1480444251_FEATURES_NDARO_Beta-Lactam_blaPDC-196,blaPDC-196
WP_1480444261_FEATURES_NDARO_Beta-Lactam_blaPDC-334,blaPDC-334
WP_1480444271_FEATURES_NDARO_Beta-Lactam_blaPDC-335,blaPDC-335
WP_1480444281_FEATURES_NDARO_Beta-Lactam_blaPDC-336,blaPDC-336
WP_1480444291_FEATURES_NDARO_Beta-Lactam_blaPDC-337,blaPDC-337
WP_1480444301_FEATURES_NDARO_Beta-Lactam_blaPDC-338,blaPDC-338
WP_1480444311_FEATURES_NDARO_Beta-Lactam_blaPDC-339,blaPDC-339
WP_1480444321_FEATURES_NDARO_Beta-Lactam_blaPDC-340,blaPDC-340
WP_1480444331_FEATURES_NDARO_Beta-Lactam_blaPDC-341,blaPDC-341
WP_1480444341_FEATURES_NDARO_Beta-Lactam_blaPDC-342,blaPDC-342
WP_1480444351_FEATURES_NDARO_Beta-Lactam_blaPDC-343,blaPDC-343
WP_1480444361_FEATURES_NDARO_Beta-Lactam_blaPDC-344,blaPDC-344
WP_1480444371_FEATURES_NDARO_Beta-Lactam_blaPDC-345,blaPDC-345
WP_1480444381_FEATURES_NDARO_Beta-Lactam_blaPDC-346,blaPDC-346
WP_1480444391_FEATURES_NDARO_Beta-Lactam_blaPDC-347,blaPDC-347
WP_1480444401_FEATURES_NDARO_Beta-Lactam_blaPDC-348,blaPDC-348
WP_1480444411_FEATURES_NDARO_Beta-Lactam_blaPDC-349,blaPDC-349
WP_1480444421_FEATURES_NDARO_Beta-Lactam_blaPDC-350,blaPDC-350
WP_1480444431_FEATURES_NDARO_Beta-Lactam_blaPDC-351,blaPDC-351
WP_1480444441_FEATURES_NDARO_Beta-Lactam_blaPDC-352,blaPDC-352
WP_1480444451_FEATURES_NDARO_Beta-Lactam_blaPDC-354,blaPDC-354
WP_1480444461_FEATURES_NDARO_Beta-Lactam_blaPDC-355,blaPDC-355
WP_1480444471_FEATURES_NDARO_Beta-Lactam_blaPDC-356,blaPDC-356
WP_1480444481_FEATURES_NDARO_Beta-Lactam_blaPDC-357,blaPDC-357
WP_1480444491_FEATURES_NDARO_Beta-Lactam_blaPDC-358,blaPDC-358
WP_1480444501_FEATURES_NDARO_Beta-Lactam_blaPDC-359,blaPDC-359
WP_1480444511_FEATURES_NDARO_Beta-Lactam_blaPDC-360,blaPDC-360
WP_1480444521_FEATURES_NDARO_Beta-Lactam_blaPDC-362,blaPDC-362
WP_1480444531_FEATURES_NDARO_Beta-Lactam_blaPDC-363,blaPDC-363
WP_1480444541_FEATURES_NDARO_Beta-Lactam_blaPDC-365,blaPDC-365
WP_1480444551_FEATURES_NDARO_Beta-Lactam_blaPDC-366,blaPDC-366
WP_1480444561_FEATURES_NDARO_Beta-Lactam_blaPDC-368,blaPDC-368
WP_1480444571_FEATURES_NDARO_Beta-Lactam_blaPDC-369,blaPDC-369
WP_1480444581_FEATURES_NDARO_Beta-Lactam_blaPDC-370,blaPDC-370
WP_1480444591_FEATURES_NDARO_Beta-Lactam_blaPDC-372,blaPDC-372
WP_1480444601_FEATURES_NDARO_Beta-Lactam_blaPDC-373,blaPDC-373
WP_1480444611_FEATURES_NDARO_Beta-Lactam_blaPDC-375,blaPDC-375
WP_1480444621_FEATURES_NDARO_Beta-Lactam_blaPDC-376,blaPDC-376
WP_1480444631_FEATURES_NDARO_Beta-Lactam_blaPDC-377,blaPDC-377
WP_1480444641_FEATURES_NDARO_Beta-Lactam_blaPDC-378,blaPDC-378
WP_1480444651_FEATURES_NDARO_Beta-Lactam_blaPDC-379,blaPDC-379
WP_1480444661_FEATURES_NDARO_Beta-Lactam_blaPDC-380,blaPDC-380
WP_1480444671_FEATURES_NDARO_Beta-Lactam_blaPDC-381,blaPDC-381
WP_1480444681_FEATURES_NDARO_Beta-Lactam_blaPDC-382,blaPDC-382
WP_1480444691_FEATURES_NDARO_Beta-Lactam_blaPDC-383,blaPDC-383
WP_1480444701_FEATURES_NDARO_Beta-Lactam_blaPFM-1,blaPFM-1
WP_1480444711_FEATURES_NDARO_Beta-Lactam_blaPNGM-1,blaPNGM-1
WP_1480444721_FEATURES_NDARO_Beta-Lactam_blaTEM-241,blaTEM-241
WP_1480444731_FEATURES_NDARO_Beta-Lactam_blaTEM-242,blaTEM-242
WP_1480444741_FEATURES_NDARO_Beta-Lactam_blaTEM-39,blaTEM-39
WP_1480444751_FEATURES_NDARO_Beta-Lactam_blaVEB-22,blaVEB-22
WP_1480444761_FEATURES_NDARO_Beta-Lactam_blaVIM-68,blaVIM-68
WP_1480444771_FEATURES_NDARO_Colistin_mcr-122,mcr-1.22
WP_1480444781_FEATURES_NDARO_Colistin_mcr-54,mcr-5.4
WP_1482815681_FEATURES_NDARO_Beta-Lactam_blaOXA-837,blaOXA-837
WP_1485604501_FEATURES_NDARO_Quinolone_qnrVC9,qnrVC9
WP_1489375121_FEATURES_NDARO_Aminoglycoside_aac(6_)-Ib-G,aac(6')-Ib-G
WP_1491009711_FEATURES_NDARO_Trimethoprim_dfrA39,dfrA39
WP_1493167401_FEATURES_NDARO_Aminoglycoside_ant(3__)-Ib,ant(3'')-Ib
WP_1493173721_FEATURES_NDARO_Aminoglycoside_aac(3)-IVb,aac(3)-IVb
WP_1496919651_FEATURES_NDARO_Quinolone_qnrB98,qnrB98
WP_1500353461_FEATURES_NDARO_Beta-Lactam_blaOXA-1250,blaOXA-1250
WP_1503782671_FEATURES_NDARO_Tetracycline_tet(X5),tet(X5)
WP_1506623731_FEATURES_NDARO_Beta-Lactam_blaOXA-1152,blaOXA-1152
WP_1506643041_FEATURES_NDARO_Beta-Lactam_blaOXA-1149,blaOXA-1149
WP_1508234521_FEATURES_NDARO_Beta-Lactam_blaADC-197,blaADC-197
WP_1508234531_FEATURES_NDARO_Beta-Lactam_blaADC-198,blaADC-198
WP_1508234541_FEATURES_NDARO_Beta-Lactam_blaADC-200,blaADC-200
WP_1508234551_FEATURES_NDARO_Beta-Lactam_blaADC-201,blaADC-201
WP_1508234561_FEATURES_NDARO_Beta-Lactam_blaADC-202,blaADC-202
WP_1508234571_FEATURES_NDARO_Beta-Lactam_blaADC-204,blaADC-204
WP_1508234581_FEATURES_NDARO_Beta-Lactam_blaADC-205,blaADC-205
WP_1508234591_FEATURES_NDARO_Beta-Lactam_blaADC-206,blaADC-206
WP_1508234601_FEATURES_NDARO_Beta-Lactam_blaADC-208,blaADC-208
WP_1508234611_FEATURES_NDARO_Beta-Lactam_blaADC-209,blaADC-209
WP_1508234621_FEATURES_NDARO_Beta-Lactam_blaADC-210,blaADC-210
WP_1508234631_FEATURES_NDARO_Beta-Lactam_blaADC-211,blaADC-211
WP_1508234641_FEATURES_NDARO_Beta-Lactam_blaAXC-4,blaAXC-4
WP_1508234651_FEATURES_NDARO_Beta-Lactam_blaAXC-5,blaAXC-5
WP_1508234661_FEATURES_NDARO_Beta-Lactam_blaCARB-51,blaCARB-51
WP_1508234671_FEATURES_NDARO_Beta-Lactam_blaCARB-52,blaCARB-52
WP_1508234681_FEATURES_NDARO_Beta-Lactam_blaEBR-3,blaEBR-3
WP_1508234691_FEATURES_NDARO_Beta-Lactam_blaIMP-65,blaIMP-65
WP_1508234701_FEATURES_NDARO_Beta-Lactam_blaOXA-838,blaOXA-838
WP_1508234711_FEATURES_NDARO_Beta-Lactam_blaOXA-839,blaOXA-839
WP_1508234721_FEATURES_NDARO_Beta-Lactam_blaOXA-840,blaOXA-840
WP_1508234731_FEATURES_NDARO_Beta-Lactam_blaOXA-841,blaOXA-841
WP_1508234741_FEATURES_NDARO_Beta-Lactam_blaOXA-843,blaOXA-843
WP_1508234751_FEATURES_NDARO_Beta-Lactam_blaOXA-844,blaOXA-844
WP_1508234761_FEATURES_NDARO_Beta-Lactam_blaOXA-845,blaOXA-845
WP_1508234771_FEATURES_NDARO_Beta-Lactam_blaOXA-849,blaOXA-849
WP_1508234781_FEATURES_NDARO_Beta-Lactam_blaPDC-318,blaPDC-318
WP_1508234791_FEATURES_NDARO_Beta-Lactam_blaPDC-320,blaPDC-320
WP_1508234801_FEATURES_NDARO_Beta-Lactam_blaPDC-321,blaPDC-321
WP_1508234811_FEATURES_NDARO_Beta-Lactam_blaPDC-323,blaPDC-323
WP_1508234821_FEATURES_NDARO_Beta-Lactam_blaPDC-324,blaPDC-324
WP_1508234831_FEATURES_NDARO_Beta-Lactam_blaPDC-325,blaPDC-325
WP_1508234841_FEATURES_NDARO_Beta-Lactam_blaPDC-326,blaPDC-326
WP_1508234851_FEATURES_NDARO_Beta-Lactam_blaPDC-327,blaPDC-327
WP_1508234861_FEATURES_NDARO_Beta-Lactam_blaPDC-328,blaPDC-328
WP_1508234871_FEATURES_NDARO_Beta-Lactam_blaPDC-329,blaPDC-329
WP_1508234881_FEATURES_NDARO_Beta-Lactam_blaPDC-330,blaPDC-330
WP_1508234891_FEATURES_NDARO_Beta-Lactam_blaPDC-331,blaPDC-331
WP_1508234901_FEATURES_NDARO_Beta-Lactam_blaPDC-332,blaPDC-332
WP_1508234911_FEATURES_NDARO_Beta-Lactam_blaPDC-384,blaPDC-384
WP_1508234921_FEATURES_NDARO_Beta-Lactam_blaPDC-385,blaPDC-385
WP_1508234931_FEATURES_NDARO_Beta-Lactam_blaPDC-386,blaPDC-386
WP_1508234941_FEATURES_NDARO_Beta-Lactam_blaPST-2,blaPST-2
WP_1508234951_FEATURES_NDARO_Beta-Lactam_blaTEM-240,blaTEM-240
WP_1508234961_FEATURES_NDARO_Colistin_mcr-328,mcr-3.28
WP_1508234971_FEATURES_NDARO_Colistin_mcr-83,mcr-8.3
QEY544801_FEATURES_NDARO_Colistin_mcr-111,mcr-11.1
WP_1508966531_FEATURES_NDARO_Beta-Lactam_blaGMA-2,blaGMA-2
WP_1510275271_FEATURES_NDARO_Beta-Lactam_blaOXA-1161,blaOXA-1161
WP_1511306011_FEATURES_NDARO_Beta-Lactam_blaPDC-609,blaPDC-609
WP_1513468661_FEATURES_NDARO_Aminoglycoside_Quinolone_aac(6_)-Ib-cr8,aac(6')-Ib-cr8
WP_1514059431_FEATURES_NDARO_Aminoglycoside_aac(6_)-Ib-G,aac(6')-Ib-G
WP_1517137201_FEATURES_NDARO_Beta-Lactam_blaOXA-1197,blaOXA-1197
WP_1517811191_FEATURES_NDARO_Beta-Lactam_blaOXA-930,blaOXA-930
WP_1517980751_FEATURES_NDARO_Beta-Lactam_blaOXA-1193,blaOXA-1193
WP_1518106441_FEATURES_NDARO_Beta-Lactam_blaOXA-1196,blaOXA-1196
WP_1518253711_FEATURES_NDARO_Beta-Lactam_blaOXA-1195,blaOXA-1195
WP_1518745371_FEATURES_NDARO_Pleuromutilin_tva(A),tva(A)
WP_1523154641_FEATURES_NDARO_Beta-Lactam_blaACT-73,blaACT-73
WP_1523154651_FEATURES_NDARO_Beta-Lactam_blaIMP-85,blaIMP-85
WP_1523154661_FEATURES_NDARO_Beta-Lactam_blaMIR-23,blaMIR-23
WP_1523154671_FEATURES_NDARO_Beta-Lactam_blaNDM-25,blaNDM-25
WP_1523154681_FEATURES_NDARO_Beta-Lactam_blaOXA-830,blaOXA-830
WP_1523154691_FEATURES_NDARO_Beta-Lactam_blaOXA-852,blaOXA-852
WP_1523154701_FEATURES_NDARO_Beta-Lactam_blaOXA-857,blaOXA-857
WP_1523154711_FEATURES_NDARO_Beta-Lactam_blaOXA-858,blaOXA-858
WP_1523154721_FEATURES_NDARO_Beta-Lactam_blaOXA-859,blaOXA-859
WP_1523154731_FEATURES_NDARO_Beta-Lactam_blaOXA-860,blaOXA-860
WP_1523154741_FEATURES_NDARO_Beta-Lactam_blaOXA-861,blaOXA-861
WP_1523154751_FEATURES_NDARO_Beta-Lactam_blaOXA-862,blaOXA-862
WP_1523154761_FEATURES_NDARO_Beta-Lactam_blaOXA-863,blaOXA-863
WP_1523154771_FEATURES_NDARO_Beta-Lactam_blaOXA-864,blaOXA-864
WP_1523154781_FEATURES_NDARO_Beta-Lactam_blaOXA-865,blaOXA-865
WP_1523154791_FEATURES_NDARO_Beta-Lactam_blaOXA-866,blaOXA-866
WP_1523154801_FEATURES_NDARO_Beta-Lactam_blaOXA-867,blaOXA-867
WP_1523154811_FEATURES_NDARO_Beta-Lactam_blaOXA-868,blaOXA-868
WP_1523154821_FEATURES_NDARO_Beta-Lactam_blaOXA-869,blaOXA-869
WP_1523154831_FEATURES_NDARO_Beta-Lactam_blaOXA-870,blaOXA-870
WP_1523154841_FEATURES_NDARO_Beta-Lactam_blaOXA-871,blaOXA-871
WP_1523154851_FEATURES_NDARO_Beta-Lactam_blaOXA-872,blaOXA-872
WP_1523154861_FEATURES_NDARO_Beta-Lactam_blaOXA-873,blaOXA-873
WP_1523154871_FEATURES_NDARO_Beta-Lactam_blaOXA-874,blaOXA-874
WP_1523154881_FEATURES_NDARO_Beta-Lactam_blaOXA-875,blaOXA-875
WP_1523154891_FEATURES_NDARO_Beta-Lactam_blaOXA-876,blaOXA-876
WP_1523154901_FEATURES_NDARO_Beta-Lactam_blaOXA-877,blaOXA-877
WP_1523154911_FEATURES_NDARO_Beta-Lactam_blaOXA-878,blaOXA-878
WP_1523154921_FEATURES_NDARO_Beta-Lactam_blaOXA-879,blaOXA-879
WP_1523154931_FEATURES_NDARO_Beta-Lactam_blaOXA-880,blaOXA-880
WP_1523154941_FEATURES_NDARO_Beta-Lactam_blaOXA-881,blaOXA-881
WP_1523154951_FEATURES_NDARO_Beta-Lactam_blaOXA-882,blaOXA-882
WP_1523154961_FEATURES_NDARO_Beta-Lactam_blaOXA-883,blaOXA-883
WP_1523154971_FEATURES_NDARO_Beta-Lactam_blaOXA-884,blaOXA-884
WP_1523154981_FEATURES_NDARO_Beta-Lactam_blaOXA-885,blaOXA-885
WP_1523154991_FEATURES_NDARO_Beta-Lactam_blaOXA-886,blaOXA-886
WP_1523155001_FEATURES_NDARO_Beta-Lactam_blaOXA-887,blaOXA-887
WP_1523155011_FEATURES_NDARO_Beta-Lactam_blaOXA-888,blaOXA-888
WP_1523155021_FEATURES_NDARO_Beta-Lactam_blaOXA-889,blaOXA-889
WP_1523155031_FEATURES_NDARO_Beta-Lactam_blaOXA-890,blaOXA-890
WP_1523155041_FEATURES_NDARO_Beta-Lactam_blaOXA-891,blaOXA-891
WP_1523155051_FEATURES_NDARO_Beta-Lactam_blaOXA-892,blaOXA-892
WP_1523155061_FEATURES_NDARO_Beta-Lactam_blaPDC-387,blaPDC-387
WP_1523155071_FEATURES_NDARO_Beta-Lactam_blaPDC-388,blaPDC-388
WP_1523308871_FEATURES_NDARO_Beta-Lactam_blaLEN-35,blaLEN-35
WP_1523308881_FEATURES_NDARO_Beta-Lactam_blaLEN-36,blaLEN-36
WP_1523308891_FEATURES_NDARO_Beta-Lactam_blaLEN-37,blaLEN-37
WP_1523308901_FEATURES_NDARO_Beta-Lactam_blaSHV-4,blaSHV-4
WP_1526095701_FEATURES_NDARO_Tetracycline_tet(65),tet(65)
WP_1528192181_FEATURES_NDARO_Beta-Lactam_blaACT-86,blaACT-86
WP_1541234081_FEATURES_NDARO_Beta-Lactam_blaACT-85,blaACT-85
WP_1542054741_FEATURES_NDARO_Beta-Lactam_blaOXA-899,blaOXA-899
WP_1542055891_FEATURES_NDARO_Beta-Lactam_blaOXA-898,blaOXA-898
WP_1544695351_FEATURES_NDARO_Beta-Lactam_blaRATA-2,blaRATA-2
WP_1546795231_FEATURES_NDARO_Beta-Lactam_blaOXY-11-1,blaOXY-11-1
WP_1547726061_FEATURES_NDARO_Beta-Lactam_blaOXA-1259,blaOXA-1259
WP_1549518841_FEATURES_NDARO_Beta-Lactam_blaOXY-6-8,blaOXY-6-8
WP_1550230541_FEATURES_NDARO_Beta-Lactam_blaCMH-10,blaCMH-10
WP_1550265931_FEATURES_NDARO_Beta-Lactam_blaACT-152,blaACT-152
WP_1550370901_FEATURES_NDARO_Beta-Lactam_blaOXY-6-9,blaOXY-6-9
WP_1556848821_FEATURES_NDARO_Beta-Lactam_blaVIM-80,blaVIM-80
WP_1564046441_FEATURES_NDARO_Beta-Lactam_blaADC-221,blaADC-221
WP_1564046451_FEATURES_NDARO_Beta-Lactam_blaCMH-6,blaCMH-6
WP_1564046461_FEATURES_NDARO_Beta-Lactam_blaCMY-168,blaCMY-168
WP_1564046471_FEATURES_NDARO_Beta-Lactam_blaCMY-169,blaCMY-169
WP_1564046481_FEATURES_NDARO_Beta-Lactam_blaCMY-170,blaCMY-170
WP_1564046491_FEATURES_NDARO_Beta-Lactam_blaCTX-M-143,blaCTX-M-143
WP_1564046501_FEATURES_NDARO_Beta-Lactam_blaCTX-M-230,blaCTX-M-230
WP_1564046511_FEATURES_NDARO_Beta-Lactam_blaCTX-M-231,blaCTX-M-231
WP_1564046521_FEATURES_NDARO_Beta-Lactam_blaCTX-M-232,blaCTX-M-232
WP_1564046531_FEATURES_NDARO_Beta-Lactam_blaCTX-M-233,blaCTX-M-233
WP_1564046541_FEATURES_NDARO_Beta-Lactam_blaMOX-14,blaMOX-14
WP_1564046551_FEATURES_NDARO_Beta-Lactam_blaNDM-26,blaNDM-26
WP_1564046561_FEATURES_NDARO_Beta-Lactam_blaNDM-29,blaNDM-29
WP_1564046571_FEATURES_NDARO_Beta-Lactam_blaOKP-B-24,blaOKP-B-24
WP_1564046581_FEATURES_NDARO_Beta-Lactam_blaOXA-896,blaOXA-896
WP_1564046591_FEATURES_NDARO_Beta-Lactam_blaPER-14,blaPER-14
WP_1564046601_FEATURES_NDARO_Beta-Lactam_blaPFM-3,blaPFM-3
WP_1564046611_FEATURES_NDARO_Beta-Lactam_blaSHV-115,blaSHV-115
WP_1564046621_FEATURES_NDARO_Beta-Lactam_blaVEB-23,blaVEB-23
WP_1564046631_FEATURES_NDARO_Beta-Lactam_blaVEB-24,blaVEB-24
WP_1566492321_FEATURES_NDARO_Beta-Lactam_blaKPC-53,blaKPC-53
WP_1566587221_FEATURES_NDARO_Beta-Lactam_blaCTX-M-236,blaCTX-M-236
QHA948081_FEATURES_NDARO_Ionophore_narA,narA
QHA948091_FEATURES_NDARO_Ionophore_narB,narB
WP_1582088061_FEATURES_NDARO_Beta-Lactam_blaKPC-52,blaKPC-52
WP_1582089231_FEATURES_NDARO_Beta-Lactam_blaKPC-51,blaKPC-51
WP_1583868621_FEATURES_NDARO_Beta-Lactam_blaCAE-1,blaCAE-1
WP_1591089841_FEATURES_NDARO_Beta-Lactam_blaGOB-52,blaGOB-52
WP_1591625321_FEATURES_NDARO_Beta-Lactam_blaADC-234,blaADC-234
WP_1592415511_FEATURES_NDARO_Aminoglycoside_Quinolone_aac(6_)-Ib-cr11,aac(6')-Ib-cr11
WP_1592877221_FEATURES_NDARO_Aminoglycoside_aac(6_)-Ib-AKT,aac(6')-Ib-AKT
WP_1593734571_FEATURES_NDARO_Beta-Lactam_blaTEM-37,blaTEM-37
WP_1601648331_FEATURES_NDARO_Beta-Lactam_blaADC-225,blaADC-225
WP_1601648341_FEATURES_NDARO_Beta-Lactam_blaADC-227,blaADC-227
WP_1601648351_FEATURES_NDARO_Beta-Lactam_blaADC-228,blaADC-228
WP_1601648361_FEATURES_NDARO_Beta-Lactam_blaADC-229,blaADC-229
WP_1601648371_FEATURES_NDARO_Beta-Lactam_blaADC-230,blaADC-230
WP_1601648381_FEATURES_NDARO_Beta-Lactam_blaADC-231,blaADC-231
WP_1601648391_FEATURES_NDARO_Beta-Lactam_blaKPC-54,blaKPC-54
WP_1601648401_FEATURES_NDARO_Beta-Lactam_blaVEB-25,blaVEB-25
WP_1601648971_FEATURES_NDARO_Colistin_mcr-123,mcr-1.23
WP_1601648981_FEATURES_NDARO_Colistin_mcr-124,mcr-1.24
WP_1601648991_FEATURES_NDARO_Colistin_mcr-125,mcr-1.25
WP_1607417101_FEATURES_NDARO_Beta-Lactam_blaOXY-1-16,blaOXY-1-16
WP_1612988661_FEATURES_NDARO_Beta-Lactam_blaADC-359,blaADC-359
WP_1615077931_FEATURES_NDARO_Beta-Lactam_blaOXA-917,blaOXA-917
WP_1616672391_FEATURES_NDARO_Fosfomycin_fosL1,fosL1
WP_1621218931_FEATURES_NDARO_Beta-Lactam_blaOXY-1-17,blaOXY-1-17
WP_1622783381_FEATURES_NDARO_Beta-Lactam_blaOXA-909,blaOXA-909
WP_1622802301_FEATURES_NDARO_Beta-Lactam_blaOXA-910,blaOXA-910
WP_1623386721_FEATURES_NDARO_Beta-Lactam_blaPJM-2,blaPJM-2
WP_1626158791_FEATURES_NDARO_Aminoglycoside_gar,gar
WP_1631222361_FEATURES_NDARO_Beta-Lactam_blaPEN-B4,blaPEN-B4
WP_1631706291_FEATURES_NDARO_Beta-Lactam_blaOXA-1005,blaOXA-1005
WP_1633970511_FEATURES_NDARO_Colistin_mcr-127,mcr-1.27
WP_1635301101_FEATURES_NDARO_Beta-Lactam_blaOXY-2-20,blaOXY-2-20
WP_1635919301_FEATURES_NDARO_Beta-Lactam_blaKPC-181,blaKPC-181
WP_1644612801_FEATURES_NDARO_Beta-Lactam_blaACT-78,blaACT-78
WP_1644612811_FEATURES_NDARO_Beta-Lactam_blaACT-79,blaACT-79
WP_1644612821_FEATURES_NDARO_Beta-Lactam_blaACT-80,blaACT-80
WP_1644612831_FEATURES_NDARO_Beta-Lactam_blaACT-81,blaACT-81
WP_1644612841_FEATURES_NDARO_Beta-Lactam_blaACT-82,blaACT-82
WP_1644612851_FEATURES_NDARO_Beta-Lactam_blaACT-83,blaACT-83
WP_1644612881_FEATURES_NDARO_Beta-Lactam_blaCVI-1,blaCVI-1
WP_1644612901_FEATURES_NDARO_Beta-Lactam_blaOXA-897,blaOXA-897
WP_1644612911_FEATURES_NDARO_Beta-Lactam_blaOXA-903,blaOXA-903
WP_1644612921_FEATURES_NDARO_Beta-Lactam_blaOXA-907,blaOXA-907
WP_1644612931_FEATURES_NDARO_Beta-Lactam_blaPDC-389,blaPDC-389
WP_1644612941_FEATURES_NDARO_Beta-Lactam_blaPDC-390,blaPDC-390
WP_1644612951_FEATURES_NDARO_Beta-Lactam_blaPDC-391,blaPDC-391
WP_1644612961_FEATURES_NDARO_Beta-Lactam_blaPDC-392,blaPDC-392
WP_1644612971_FEATURES_NDARO_Beta-Lactam_blaPDC-393,blaPDC-393
WP_1644612981_FEATURES_NDARO_Beta-Lactam_blaPDC-394,blaPDC-394
WP_1644612991_FEATURES_NDARO_Beta-Lactam_blaPDC-395,blaPDC-395
WP_1644613001_FEATURES_NDARO_Beta-Lactam_blaPDC-396,blaPDC-396
WP_1644613011_FEATURES_NDARO_Beta-Lactam_blaPDC-397,blaPDC-397
WP_1644613021_FEATURES_NDARO_Beta-Lactam_blaTEM-228,blaTEM-228
WP_1644613031_FEATURES_NDARO_Beta-Lactam_blaVIM-70,blaVIM-70
WP_1649249881_FEATURES_NDARO_Beta-Lactam_blaCMY-136,blaCMY-136
WP_1649415131_FEATURES_NDARO_Macrolide_Streptogramin_msr(F),msr(F)
WP_1655394871_FEATURES_NDARO_Beta-Lactam_blaTEM-31,blaTEM-31
WP_1657136841_FEATURES_NDARO_Lincosamide_Streptogramin_lsa(D),lsa(D)
WP_1678097871_FEATURES_NDARO_Beta-Lactam_blaYOC-1,blaYOC-1
WP_1682478751_FEATURES_NDARO_Beta-Lactam_blaCMY-171,blaCMY-171
WP_1682478761_FEATURES_NDARO_Beta-Lactam_blaCTX-M-153,blaCTX-M-153
WP_1682478771_FEATURES_NDARO_Beta-Lactam_blaCTX-M-234,blaCTX-M-234
WP_1682478781_FEATURES_NDARO_Beta-Lactam_blaCTX-M-235,blaCTX-M-235
WP_1682478791_FEATURES_NDARO_Beta-Lactam_blaFOX-17,blaFOX-17
WP_1682478811_FEATURES_NDARO_Beta-Lactam_blaIDC-1,blaIDC-1
WP_1682478821_FEATURES_NDARO_Beta-Lactam_blaIDC-2,blaIDC-2
WP_1682478831_FEATURES_NDARO_Beta-Lactam_blaKPC-55,blaKPC-55
WP_1682478841_FEATURES_NDARO_Beta-Lactam_blaOXA-911,blaOXA-911
WP_1682478851_FEATURES_NDARO_Beta-Lactam_blaPDC-398,blaPDC-398
WP_1682478861_FEATURES_NDARO_Beta-Lactam_blaPDC-399,blaPDC-399
WP_1682478871_FEATURES_NDARO_Beta-Lactam_blaPDC-400,blaPDC-400
WP_1682478881_FEATURES_NDARO_Beta-Lactam_blaPDC-401,blaPDC-401
WP_1682478891_FEATURES_NDARO_Beta-Lactam_blaPDC-403,blaPDC-403
WP_1682478901_FEATURES_NDARO_Beta-Lactam_blaPDC-404,blaPDC-404
WP_1682478911_FEATURES_NDARO_Beta-Lactam_blaPDC-405,blaPDC-405
WP_1682478921_FEATURES_NDARO_Beta-Lactam_blaPDC-406,blaPDC-406
WP_1682478931_FEATURES_NDARO_Beta-Lactam_blaPDC-409,blaPDC-409
WP_1682478941_FEATURES_NDARO_Beta-Lactam_blaPDC-410,blaPDC-410
WP_1682478951_FEATURES_NDARO_Beta-Lactam_blaPDC-411,blaPDC-411
WP_1682478961_FEATURES_NDARO_Beta-Lactam_blaPDC-412,blaPDC-412
WP_1682478971_FEATURES_NDARO_Beta-Lactam_blaPDC-413,blaPDC-413
WP_1682478981_FEATURES_NDARO_Beta-Lactam_blaPDC-414,blaPDC-414
WP_1682478991_FEATURES_NDARO_Beta-Lactam_blaPDC-415,blaPDC-415
WP_1682479001_FEATURES_NDARO_Beta-Lactam_blaPDC-416,blaPDC-416
WP_1682479011_FEATURES_NDARO_Beta-Lactam_blaPDC-417,blaPDC-417
WP_1682479021_FEATURES_NDARO_Beta-Lactam_blaPDC-418,blaPDC-418
WP_1682479031_FEATURES_NDARO_Beta-Lactam_blaPDC-419,blaPDC-419
WP_1682479041_FEATURES_NDARO_Beta-Lactam_blaPDC-420,blaPDC-420
WP_1682479051_FEATURES_NDARO_Beta-Lactam_blaPDC-421,blaPDC-421
WP_1682479061_FEATURES_NDARO_Beta-Lactam_blaPER-15,blaPER-15
WP_1683709881_FEATURES_NDARO_Beta-Lactam_blaOXA-915,blaOXA-915
WP_1683709891_FEATURES_NDARO_Beta-Lactam_blaYRC-1,blaYRC-1
WP_1702477471_FEATURES_NDARO_Beta-Lactam_blaOXA-1310,blaOXA-1310
WP_1714767871_FEATURES_NDARO_Beta-Lactam_blaBKC-2,blaBKC-2
WP_1714767881_FEATURES_NDARO_Beta-Lactam_blaKPC-50,blaKPC-50
WP_1714767891_FEATURES_NDARO_Beta-Lactam_blaKPC-57,blaKPC-57
WP_1714767901_FEATURES_NDARO_Beta-Lactam_blaOXA-916,blaOXA-916
WP_1718656901_FEATURES_NDARO_Beta-Lactam_blaOXA-1143,blaOXA-1143
WP_1718890861_FEATURES_NDARO_Beta-Lactam_blaOXA-1246,blaOXA-1246
WP_1718927041_FEATURES_NDARO_Beta-Lactam_blaOXA-1285,blaOXA-1285
WP_1719438771_FEATURES_NDARO_Lincosamide_vga(F),vga(F)
WP_1720659921_FEATURES_NDARO_Lincosamide_vga(F),vga(F)
QKF956891_FEATURES_NDARO_Colistin_mcr-93,mcr-9.3
WP_1726885371_FEATURES_NDARO_Trimethoprim_dfrB10,dfrB10
WP_1726929321_FEATURES_NDARO_Beta-Lactam_blaVMB-1,blaVMB-1
WP_1726933711_FEATURES_NDARO_Beta-Lactam_blaROB-2,blaROB-2
WP_1726936001_FEATURES_NDARO_Aminoglycoside_aac(6_)-F72,aac(6')-F72
WP_1731797841_FEATURES_NDARO_Beta-Lactam_blaPAM-2,blaPAM-2
WP_1732889871_FEATURES_NDARO_Trimethoprim_dfrA48,dfrA48
WP_1747496051_FEATURES_NDARO_Beta-Lactam_blaADC-311,blaADC-311
WP_1747716411_FEATURES_NDARO_Quinolone_qnrB93,qnrB93
WP_1764538371_FEATURES_NDARO_Lincosamide_Macrolide_erm(50),erm(50)
WP_1766736011_FEATURES_NDARO_Beta-Lactam_blaADC-236,blaADC-236
WP_1773170281_FEATURES_NDARO_Beta-Lactam_blaMIR-30,blaMIR-30
WP_1773405031_FEATURES_NDARO_Beta-Lactam_blaOXY-5-6,blaOXY-5-6
WP_1783176751_FEATURES_NDARO_Beta-Lactam_blaOXA-900,blaOXA-900
WP_1792843171_FEATURES_NDARO_Beta-Lactam_blaCARB-54,blaCARB-54
WP_1792843201_FEATURES_NDARO_Beta-Lactam_blaKPC-58,blaKPC-58
WP_1792843221_FEATURES_NDARO_Beta-Lactam_blaKPC-59,blaKPC-59
WP_1792843241_FEATURES_NDARO_Beta-Lactam_blaKPC-60,blaKPC-60
WP_1792843281_FEATURES_NDARO_Beta-Lactam_blaKPC-61,blaKPC-61
WP_1792843331_FEATURES_NDARO_Beta-Lactam_blaOXA-918,blaOXA-918
WP_1792843361_FEATURES_NDARO_Beta-Lactam_blaOXA-920,blaOXA-920
WP_1792843391_FEATURES_NDARO_Beta-Lactam_blaOXA-921,blaOXA-921
WP_1792843421_FEATURES_NDARO_Beta-Lactam_blaOXA-923,blaOXA-923
WP_1792843451_FEATURES_NDARO_Beta-Lactam_blaOXA-924,blaOXA-924
WP_1792843541_FEATURES_NDARO_Beta-Lactam_blaPDC-422,blaPDC-422
WP_1792843571_FEATURES_NDARO_Beta-Lactam_blaPDC-424,blaPDC-424
WP_1792843601_FEATURES_NDARO_Beta-Lactam_blaPDC-425,blaPDC-425
WP_1792843621_FEATURES_NDARO_Beta-Lactam_blaPDC-426,blaPDC-426
WP_1792843651_FEATURES_NDARO_Beta-Lactam_blaPDC-427,blaPDC-427
WP_1792843681_FEATURES_NDARO_Beta-Lactam_blaPDC-428,blaPDC-428
WP_1792843701_FEATURES_NDARO_Beta-Lactam_blaPDC-429,blaPDC-429
WP_1792843711_FEATURES_NDARO_Beta-Lactam_blaPDC-430,blaPDC-430
WP_1792843721_FEATURES_NDARO_Beta-Lactam_blaPDC-432,blaPDC-432
WP_1792843731_FEATURES_NDARO_Beta-Lactam_blaPDC-434,blaPDC-434
WP_1792843741_FEATURES_NDARO_Beta-Lactam_blaPDC-435,blaPDC-435
WP_1792843751_FEATURES_NDARO_Beta-Lactam_blaPDC-436,blaPDC-436
WP_1792843761_FEATURES_NDARO_Beta-Lactam_blaPDC-437,blaPDC-437
WP_1792843771_FEATURES_NDARO_Beta-Lactam_blaPDC-438,blaPDC-438
WP_1792843781_FEATURES_NDARO_Beta-Lactam_blaPDC-439,blaPDC-439
WP_1792843791_FEATURES_NDARO_Beta-Lactam_blaPDC-440,blaPDC-440
WP_1792843801_FEATURES_NDARO_Beta-Lactam_blaPDC-441,blaPDC-441
WP_1792843811_FEATURES_NDARO_Beta-Lactam_blaPDC-444,blaPDC-444
WP_1792843821_FEATURES_NDARO_Beta-Lactam_blaPDC-445,blaPDC-445
WP_1792843831_FEATURES_NDARO_Beta-Lactam_blaPDC-446,blaPDC-446
WP_1792843841_FEATURES_NDARO_Beta-Lactam_blaPDC-447,blaPDC-447
WP_1792843851_FEATURES_NDARO_Beta-Lactam_blaPDC-448,blaPDC-448
WP_1792843861_FEATURES_NDARO_Beta-Lactam_blaPDC-449,blaPDC-449
WP_1792843871_FEATURES_NDARO_Beta-Lactam_blaPDC-450,blaPDC-450
WP_1792843881_FEATURES_NDARO_Beta-Lactam_blaPDC-451,blaPDC-451
WP_1792843891_FEATURES_NDARO_Beta-Lactam_blaPDC-452,blaPDC-452
WP_1792843901_FEATURES_NDARO_Beta-Lactam_blaROB-6,blaROB-6
WP_1792843911_FEATURES_NDARO_Beta-Lactam_blaROB-7,blaROB-7
WP_1792843921_FEATURES_NDARO_Beta-Lactam_blaROB-8,blaROB-8
WP_1792843931_FEATURES_NDARO_Beta-Lactam_blaVEB-26,blaVEB-26
WP_1792843941_FEATURES_NDARO_Beta-Lactam_blaVIM-71,blaVIM-71
WP_1799457051_FEATURES_NDARO_Beta-Lactam_blaPDC-453,blaPDC-453
WP_1802554421_FEATURES_NDARO_Beta-Lactam_blaACT-114,blaACT-114
WP_1808986211_FEATURES_NDARO_Beta-Lactam_blaMOX-23,blaMOX-23
WP_1812400471_FEATURES_NDARO_Beta-Lactam_blaACT-88,blaACT-88
WP_1812468111_FEATURES_NDARO_Beta-Lactam_blaOXY-6-10,blaOXY-6-10
WP_1812511671_FEATURES_NDARO_Beta-Lactam_blaOXY-5-7,blaOXY-5-7
WP_1814641191_FEATURES_NDARO_Colistin_mcr-128,mcr-1.28
WP_1814831941_FEATURES_NDARO_Beta-Lactam_blaOXY-12-1,blaOXY-12-1
WP_1814974951_FEATURES_NDARO_Colistin_mcr-341,mcr-3.41
WP_1815114801_FEATURES_NDARO_Beta-Lactam_blaOXY-6-11,blaOXY-6-11
WP_1817264151_FEATURES_NDARO_Beta-Lactam_blaVAM-1,blaVAM-1
WP_1817271051_FEATURES_NDARO_Beta-Lactam_blaIMP-89,blaIMP-89
WP_1820120761_FEATURES_NDARO_Beta-Lactam_blaOXY-5-8,blaOXY-5-8
WP_1822371121_FEATURES_NDARO_Beta-Lactam_blaOXY-12-2,blaOXY-12-2
WP_1824093241_FEATURES_NDARO_Beta-Lactam_blaOXY-5-9,blaOXY-5-9
WP_1824963391_FEATURES_NDARO_Beta-Lactam_blaCTX-M-240,blaCTX-M-240
WP_1844893481_FEATURES_NDARO_Beta-Lactam_blaPAM-5,blaPAM-5
WP_1851484071_FEATURES_NDARO_Macrolide_estT,estT
WP_1852195661_FEATURES_NDARO_Beta-Lactam_blaOXY-1-18,blaOXY-1-18
WP_1852503081_FEATURES_NDARO_Aminoglycoside_aph(2__)-G141,aph(2'')-G141
WP_1863849571_FEATURES_NDARO_Beta-Lactam_blaOXY-5-10,blaOXY-5-10
WP_1869319651_FEATURES_NDARO_Beta-Lactam_blaIMP-96,blaIMP-96
WP_1869930031_FEATURES_NDARO_Beta-Lactam_cfiA31,cfiA31
WP_1872592261_FEATURES_NDARO_Beta-Lactam_blaCMY-179,blaCMY-179
WP_1872595981_FEATURES_NDARO_Quinolone_qnrB97,qnrB97
CAQ450621_FEATURES_NDARO_Efflux_emrC,emrC
CAQ450631_FEATURES_NDARO_Efflux_emrA-sm,emrA-sm
CAQ450641_FEATURES_NDARO_Efflux_emrB-sm,emrB-sm
WP_1877955001_FEATURES_NDARO_Beta-Lactam_blaCMY-191,blaCMY-191
WP_1880202191_FEATURES_NDARO_Macrolide_mef(F),mef(F)
WP_1882400901_FEATURES_NDARO_Beta-Lactam_blaTEM-61,blaTEM-61
WP_1883318611_FEATURES_NDARO_Trimethoprim_dfrA43,dfrA43
WP_1883318621_FEATURES_NDARO_Beta-Lactam_blaACC-8,blaACC-8
WP_1883318631_FEATURES_NDARO_Beta-Lactam_blaCARB-53,blaCARB-53
WP_1883318641_FEATURES_NDARO_Beta-Lactam_blaCTX-M-237,blaCTX-M-237
WP_1883318651_FEATURES_NDARO_Beta-Lactam_blaCTX-M-238,blaCTX-M-238
WP_1883318661_FEATURES_NDARO_Beta-Lactam_blaCTX-M-239,blaCTX-M-239
WP_1883318671_FEATURES_NDARO_Beta-Lactam_blaCTX-M-241,blaCTX-M-241
WP_1883318681_FEATURES_NDARO_Beta-Lactam_blaGES-44,blaGES-44
WP_1883318691_FEATURES_NDARO_Beta-Lactam_blaGES-45,blaGES-45
WP_1883318701_FEATURES_NDARO_Beta-Lactam_blaIMP-88,blaIMP-88
WP_1883318711_FEATURES_NDARO_Beta-Lactam_blaKPC-66,blaKPC-66
WP_1883318721_FEATURES_NDARO_Beta-Lactam_blaKPC-72,blaKPC-72
WP_1883318731_FEATURES_NDARO_Beta-Lactam_blaKPC-73,blaKPC-73
WP_1883318741_FEATURES_NDARO_Beta-Lactam_blaKPC-74,blaKPC-74
WP_1883318751_FEATURES_NDARO_Beta-Lactam_blaKPC-75,blaKPC-75
WP_1883318761_FEATURES_NDARO_Beta-Lactam_blaOXA-922,blaOXA-922
WP_1883318771_FEATURES_NDARO_Beta-Lactam_blaOXA-928,blaOXA-928
WP_1883318781_FEATURES_NDARO_Beta-Lactam_blaOXA-929,blaOXA-929
WP_1883318791_FEATURES_NDARO_Beta-Lactam_blaPDC-456,blaPDC-456
WP_1883318801_FEATURES_NDARO_Beta-Lactam_blaVEB-27,blaVEB-27
WP_1883318811_FEATURES_NDARO_Beta-Lactam_blaVIM-72,blaVIM-72
WP_1883318821_FEATURES_NDARO_Beta-Lactam_blaVIM-73,blaVIM-73
WP_1883318831_FEATURES_NDARO_Fosfomycin_fosL2,fosL2
WP_1883318841_FEATURES_NDARO_Colistin_mcr-129,mcr-1.29
WP_1883318851_FEATURES_NDARO_Colistin_mcr-130,mcr-1.30
WP_1883318861_FEATURES_NDARO_Colistin_mcr-24,mcr-2.4
WP_1883318871_FEATURES_NDARO_Colistin_mcr-25,mcr-2.5
WP_1883318881_FEATURES_NDARO_Colistin_mcr-26,mcr-2.6
WP_1883318891_FEATURES_NDARO_Colistin_mcr-27,mcr-2.7
WP_1883318901_FEATURES_NDARO_Colistin_mcr-331,mcr-3.31
WP_1883318911_FEATURES_NDARO_Colistin_mcr-332,mcr-3.32
WP_1883318921_FEATURES_NDARO_Colistin_mcr-333,mcr-3.33
WP_1883318931_FEATURES_NDARO_Colistin_mcr-334,mcr-3.34
WP_1883318941_FEATURES_NDARO_Colistin_mcr-335,mcr-3.35
WP_1883318951_FEATURES_NDARO_Colistin_mcr-336,mcr-3.36
WP_1883318961_FEATURES_NDARO_Colistin_mcr-337,mcr-3.37
WP_1883318971_FEATURES_NDARO_Colistin_mcr-340,mcr-3.40
WP_1883318981_FEATURES_NDARO_Quinolone_qnrA11,qnrA11
WP_1883318991_FEATURES_NDARO_Quinolone_qnrA12,qnrA12
WP_1902597741_FEATURES_NDARO_Beta-Lactam_blaCMY-173,blaCMY-173
WP_1902597751_FEATURES_NDARO_Beta-Lactam_blaCTX-M-242,blaCTX-M-242
WP_1902597761_FEATURES_NDARO_Beta-Lactam_blaOXA-931,blaOXA-931
WP_1935422811_FEATURES_NDARO_Beta-Lactam_blaACT-153,blaACT-153
WP_1936837831_FEATURES_NDARO_Beta-Lactam_cfiA28,cfiA28
WP_1942931311_FEATURES_NDARO_Aminoglycoside_gar,gar
WP_1942931321_FEATURES_NDARO_Beta-Lactam_blaAAK-1,blaAAK-1
WP_1942931331_FEATURES_NDARO_Beta-Lactam_blaIMI-20,blaIMI-20
WP_1942931341_FEATURES_NDARO_Beta-Lactam_blaKPC-71,blaKPC-71
WP_1942931351_FEATURES_NDARO_Beta-Lactam_blaKPC-76,blaKPC-76
WP_1942931361_FEATURES_NDARO_Beta-Lactam_blaKPC-77,blaKPC-77
WP_1942931371_FEATURES_NDARO_Beta-Lactam_blaOXA-893,blaOXA-893
WP_1943554081_FEATURES_NDARO_Beta-Lactam_blaOXA-1286,blaOXA-1286
WP_1959946891_FEATURES_NDARO_Quinolone_qnrB94,qnrB94
WP_1960903731_FEATURES_NDARO_Beta-Lactam_blaOXY-2-27,blaOXY-2-27
WP_1963473241_FEATURES_NDARO_Beta-Lactam_blaACT-99,blaACT-99
WP_1965753331_FEATURES_NDARO_Beta-Lactam_blaOXY-1-19,blaOXY-1-19
WP_1966586811_FEATURES_NDARO_Beta-Lactam_blaOXA-1019,blaOXA-1019
WP_1970982961_FEATURES_NDARO_Beta-Lactam_blaTEM-239,blaTEM-239
WP_1976635171_FEATURES_NDARO_Beta-Lactam_blaOXY-5-11,blaOXY-5-11
WP_1977493991_FEATURES_NDARO_Trimethoprim_dfrA38,dfrA38
WP_1977494001_FEATURES_NDARO_Tetracycline_tet(62),tet(62)
WP_1977494011_FEATURES_NDARO_Beta-Lactam_blaGES-46,blaGES-46
WP_1977494021_FEATURES_NDARO_Beta-Lactam_blaKPC-49,blaKPC-49
WP_1977494031_FEATURES_NDARO_Beta-Lactam_blaKPC-78,blaKPC-78
WP_1977494041_FEATURES_NDARO_Beta-Lactam_blaKPC-79,blaKPC-79
WP_1977494051_FEATURES_NDARO_Beta-Lactam_blaNDM-30,blaNDM-30
WP_1977494061_FEATURES_NDARO_Beta-Lactam_blaNDM-31,blaNDM-31
WP_1977494071_FEATURES_NDARO_Beta-Lactam_blaPDC-458,blaPDC-458
WP_1977494081_FEATURES_NDARO_Beta-Lactam_blaPDC-459,blaPDC-459
WP_1977494091_FEATURES_NDARO_Beta-Lactam_blaPDC-460,blaPDC-460
WP_1977494101_FEATURES_NDARO_Beta-Lactam_blaPDC-461,blaPDC-461
WP_1977494111_FEATURES_NDARO_Beta-Lactam_blaPDC-462,blaPDC-462
WP_1977494121_FEATURES_NDARO_Beta-Lactam_blaPDC-463,blaPDC-463
WP_1977494131_FEATURES_NDARO_Beta-Lactam_blaPDC-464,blaPDC-464
WP_1977494141_FEATURES_NDARO_Beta-Lactam_blaPDC-465,blaPDC-465
WP_1977494151_FEATURES_NDARO_Beta-Lactam_blaPDC-466,blaPDC-466
WP_1977494161_FEATURES_NDARO_Beta-Lactam_blaTEM-243,blaTEM-243
WP_1977494171_FEATURES_NDARO_Beta-Lactam_cfiA26,cfiA26
WP_1977494181_FEATURES_NDARO_Beta-Lactam_cfiA27,cfiA27
WP_1984629671_FEATURES_NDARO_Macrolide_msr(I),msr(I)
WP_1984629681_FEATURES_NDARO_Macrolide_mef(J),mef(J)
WP_1987992701_FEATURES_NDARO_Beta-Lactam_blaPFM-4,blaPFM-4
QQK392891_FEATURES_NDARO_Aminoglycoside_aph(3_)-IId,aph(3')-IId
WP_1999353351_FEATURES_NDARO_Beta-Lactam_blaOXA-1194,blaOXA-1194
WP_1999476221_FEATURES_NDARO_Beta-Lactam_blaADC-270,blaADC-270
WP_2003022381_FEATURES_NDARO_Beta-Lactam_blaCMY-174,blaCMY-174
WP_2005257301_FEATURES_NDARO_Beta-Lactam_blaSHV-175,blaSHV-175
WP_2005579721_FEATURES_NDARO_Beta-Lactam_blaACT-154,blaACT-154
WP_2005826791_FEATURES_NDARO_Beta-Lactam_blaOXA-1188,blaOXA-1188
WP_2009258541_FEATURES_NDARO_Beta-Lactam_blaGES-51,blaGES-51
WP_2020894331_FEATURES_NDARO_Beta-Lactam_blaPER-16,blaPER-16
WP_2022721421_FEATURES_NDARO_Beta-Lactam_blaCHM-1,blaCHM-1
WP_2027812891_FEATURES_NDARO_Beta-Lactam_blaKPC-82,blaKPC-82
WP_2043130081_FEATURES_NDARO_Tetracycline_tet(O_W),tet(O/W)
WP_2043130111_FEATURES_NDARO_Tetracycline_tet(W_32_O),tet(W/32/O)
WP_2043762191_FEATURES_NDARO_Trimethoprim_dfrA25,dfrA25
WP_2043762211_FEATURES_NDARO_Fosfomycin_fosM3,fosM3
WP_2043762221_FEATURES_NDARO_Tetracycline_tet(X1),tet(X1)
WP_2043762231_FEATURES_NDARO_Beta-Lactam_blaADC-256,blaADC-256
WP_2043762241_FEATURES_NDARO_Beta-Lactam_blaAFM-2,blaAFM-2
WP_2043762251_FEATURES_NDARO_Beta-Lactam_blaCTX-M-244,blaCTX-M-244
WP_2043762261_FEATURES_NDARO_Beta-Lactam_blaFRI-10,blaFRI-10
WP_2043762271_FEATURES_NDARO_Beta-Lactam_blaGMB-1,blaGMB-1
WP_2043762281_FEATURES_NDARO_Beta-Lactam_blaIMI-21,blaIMI-21
WP_2043762291_FEATURES_NDARO_Beta-Lactam_blaKPC-62,blaKPC-62
WP_2043762301_FEATURES_NDARO_Beta-Lactam_blaKPC-63,blaKPC-63
WP_2043762311_FEATURES_NDARO_Beta-Lactam_blaKPC-64,blaKPC-64
WP_2043762321_FEATURES_NDARO_Beta-Lactam_blaKPC-65,blaKPC-65
WP_2043762331_FEATURES_NDARO_Beta-Lactam_blaKPC-80,blaKPC-80
WP_2043762341_FEATURES_NDARO_Beta-Lactam_blaKPC-81,blaKPC-81
WP_2043762351_FEATURES_NDARO_Beta-Lactam_blaOXA-945,blaOXA-945
WP_2043762361_FEATURES_NDARO_Beta-Lactam_blaOXA-946,blaOXA-946
WP_2043762371_FEATURES_NDARO_Beta-Lactam_blaOXA-947,blaOXA-947
WP_2043762381_FEATURES_NDARO_Beta-Lactam_blaOXA-948,blaOXA-948
WP_2043762391_FEATURES_NDARO_Beta-Lactam_blaOXA-949,blaOXA-949
WP_2043762401_FEATURES_NDARO_Beta-Lactam_blaPDC-467,blaPDC-467
WP_2043762411_FEATURES_NDARO_Beta-Lactam_blaPDC-468,blaPDC-468
WP_2043762421_FEATURES_NDARO_Beta-Lactam_blaPDC-469,blaPDC-469
WP_2043762431_FEATURES_NDARO_Beta-Lactam_blaPDC-470,blaPDC-470
WP_2043762441_FEATURES_NDARO_Beta-Lactam_blaPDC-471,blaPDC-471
WP_2043762451_FEATURES_NDARO_Beta-Lactam_blaPDC-472,blaPDC-472
WP_2043762461_FEATURES_NDARO_Fosfomycin_fosU1,fosU1
WP_2043762471_FEATURES_NDARO_Fosfomycin_fosU2,fosU2
WP_2043787081_FEATURES_NDARO_Beta-Lactam_blaPDC-473,blaPDC-473
WP_2043787091_FEATURES_NDARO_Beta-Lactam_blaPDC-474,blaPDC-474
WP_2043787101_FEATURES_NDARO_Beta-Lactam_blaPDC-475,blaPDC-475
WP_2043787111_FEATURES_NDARO_Beta-Lactam_blaPDC-476,blaPDC-476
WP_2063404471_FEATURES_NDARO_Beta-Lactam_blaMUN-1,blaMUN-1
WP_2066275911_FEATURES_NDARO_Quinolone_qnrVC8,qnrVC8
WP_2085575661_FEATURES_NDARO_Colistin_mcr-102,mcr-10.2
WP_2085846271_FEATURES_NDARO_Colistin_mcr-103,mcr-10.3
WP_2085953191_FEATURES_NDARO_Colistin_mcr-104,mcr-10.4
WP_2090388181_FEATURES_NDARO_Beta-Lactam_blaPDC-576,blaPDC-576
WP_2093591181_FEATURES_NDARO_Beta-Lactam_blaPDC-546,blaPDC-546
WP_2095229461_FEATURES_NDARO_Beta-Lactam_blaFONA-12,blaFONA-12
WP_2096910751_FEATURES_NDARO_Phenicol_Oxazolidinone_poxtA2,poxtA2
WP_2102044681_FEATURES_NDARO_Beta-Lactam_blaKPC-68,blaKPC-68
WP_2102044871_FEATURES_NDARO_Beta-Lactam_blaKPC-67,blaKPC-67
WP_2102054771_FEATURES_NDARO_Beta-Lactam_blaKPC-70,blaKPC-70
WP_2102054861_FEATURES_NDARO_Beta-Lactam_blaKPC-69,blaKPC-69
WP_2109833231_FEATURES_NDARO_Beta-Lactam_blaPDC-597,blaPDC-597
WP_2118163701_FEATURES_NDARO_Beta-Lactam_blaOXA-1011,blaOXA-1011
WP_2118625821_FEATURES_NDARO_Beta-Lactam_blaAFM-3,blaAFM-3
WP_2131339141_FEATURES_NDARO_Quinolone_qnrB89,qnrB89
WP_2133843631_FEATURES_NDARO_Beta-Lactam_blaOXA-1047,blaOXA-1047
WP_2135561711_FEATURES_NDARO_Beta-Lactam_blaVIM-75,blaVIM-75
WP_2136039711_FEATURES_NDARO_Beta-Lactam_blaPJM-1,blaPJM-1
WP_2137023421_FEATURES_NDARO_Beta-Lactam_blaADC-262,blaADC-262
WP_2137828811_FEATURES_NDARO_Beta-Lactam_blaACT-104,blaACT-104
WP_2139945771_FEATURES_NDARO_Beta-Lactam_blaAXC-6,blaAXC-6
WP_2139945781_FEATURES_NDARO_Beta-Lactam_blaCMY-175,blaCMY-175
WP_2139945791_FEATURES_NDARO_Beta-Lactam_blaCMY-176,blaCMY-176
WP_2139945801_FEATURES_NDARO_Beta-Lactam_blaCTX-M-243,blaCTX-M-243
WP_2139945811_FEATURES_NDARO_Beta-Lactam_blaCTX-M-245,blaCTX-M-245
WP_2139945821_FEATURES_NDARO_Beta-Lactam_blaCTX-M-246,blaCTX-M-246
WP_2139945831_FEATURES_NDARO_Beta-Lactam_blaFOX-18,blaFOX-18
WP_2139945841_FEATURES_NDARO_Beta-Lactam_blaFOX-19,blaFOX-19
WP_2139945851_FEATURES_NDARO_Beta-Lactam_blaGES-47,blaGES-47
WP_2139945861_FEATURES_NDARO_Beta-Lactam_blaGES-48,blaGES-48
WP_2139945871_FEATURES_NDARO_Beta-Lactam_blaIMP-90,blaIMP-90
WP_2139945881_FEATURES_NDARO_Beta-Lactam_blaKPC-47,blaKPC-47
WP_2139945891_FEATURES_NDARO_Beta-Lactam_blaKPC-48,blaKPC-48
WP_2139945901_FEATURES_NDARO_Beta-Lactam_blaKPC-84,blaKPC-84
WP_2139945911_FEATURES_NDARO_Beta-Lactam_blaKPC-85,blaKPC-85
WP_2139945921_FEATURES_NDARO_Beta-Lactam_blaKPC-86,blaKPC-86
WP_2139945931_FEATURES_NDARO_Beta-Lactam_blaKPC-87,blaKPC-87
WP_2139945941_FEATURES_NDARO_Beta-Lactam_blaKPC-88,blaKPC-88
WP_2139945951_FEATURES_NDARO_Beta-Lactam_blaOXA-790,blaOXA-790
WP_2139945961_FEATURES_NDARO_Beta-Lactam_blaOXA-791,blaOXA-791
WP_2139945971_FEATURES_NDARO_Beta-Lactam_blaOXA-951,blaOXA-951
WP_2139945981_FEATURES_NDARO_Beta-Lactam_blaOXA-952,blaOXA-952
WP_2139945991_FEATURES_NDARO_Beta-Lactam_blaOXA-954,blaOXA-954
WP_2139946001_FEATURES_NDARO_Beta-Lactam_blaOXA-955,blaOXA-955
WP_2139946011_FEATURES_NDARO_Beta-Lactam_blaOXA-960,blaOXA-960
WP_2139946021_FEATURES_NDARO_Beta-Lactam_blaOXA-961,blaOXA-961
WP_2139946031_FEATURES_NDARO_Beta-Lactam_blaOXA-963,blaOXA-963
WP_2139946041_FEATURES_NDARO_Beta-Lactam_blaOXA-965,blaOXA-965
WP_2139946051_FEATURES_NDARO_Beta-Lactam_blaPDC-477,blaPDC-477
WP_2139946061_FEATURES_NDARO_Beta-Lactam_blaPDC-478,blaPDC-478
WP_2139946071_FEATURES_NDARO_Beta-Lactam_blaPDC-479,blaPDC-479
WP_2139946081_FEATURES_NDARO_Beta-Lactam_blaPDC-480,blaPDC-480
WP_2139946091_FEATURES_NDARO_Beta-Lactam_blaPDC-481,blaPDC-481
WP_2139946101_FEATURES_NDARO_Beta-Lactam_blaPDC-482,blaPDC-482
WP_2139946111_FEATURES_NDARO_Beta-Lactam_blaPDC-483,blaPDC-483
WP_2139946121_FEATURES_NDARO_Beta-Lactam_blaROB-12,blaROB-12
WP_2139946131_FEATURES_NDARO_Beta-Lactam_blaVIM-74,blaVIM-74
WP_2139946141_FEATURES_NDARO_Colistin_mcr-131,mcr-1.31
WP_2139946151_FEATURES_NDARO_Colistin_mcr-132,mcr-1.32
WP_2141401231_FEATURES_NDARO_Beta-Lactam_blaNDM-36,blaNDM-36
WP_2142510601_FEATURES_NDARO_Beta-Lactam_blaNDM-37,blaNDM-37
WP_2148245971_FEATURES_NDARO_Beta-Lactam_blaIND-17,blaIND-17
WP_2157636511_FEATURES_NDARO_Beta-Lactam_blaOXA-1076,blaOXA-1076
WP_2157719351_FEATURES_NDARO_Beta-Lactam_blaACT-155,blaACT-155
WP_2158248991_FEATURES_NDARO_Beta-Lactam_blaCMY-172,blaCMY-172
WP_2165621581_FEATURES_NDARO_Aminoglycoside_aph(3_)-I(H957),aph(3')-I(H957)
WP_2169448711_FEATURES_NDARO_Beta-Lactam_blaRSA1,blaRSA1
WP_2185193611_FEATURES_NDARO_Beta-Lactam_blaSFDC-1,blaSFDC-1
WP_2186883971_FEATURES_NDARO_Lincosamide_Pleuromutilin_Streptogramin_sal(B),sal(B)
WP_2187027291_FEATURES_NDARO_Lincosamide_Pleuromutilin_Streptogramin_sal(C),sal(C)
WP_2197953461_FEATURES_NDARO_Beta-Lactam_blaKPC-95,blaKPC-95
WP_2198049811_FEATURES_NDARO_Beta-Lactam_blaKPC-94,blaKPC-94
WP_2198335671_FEATURES_NDARO_Beta-Lactam_blaKPC-90,blaKPC-90
WP_2198607061_FEATURES_NDARO_Beta-Lactam_blaPLA-5,blaPLA-5
WP_2198607071_FEATURES_NDARO_Beta-Lactam_blaGES-49,blaGES-49
WP_2198607081_FEATURES_NDARO_Beta-Lactam_blaIMP-86,blaIMP-86
WP_2198607091_FEATURES_NDARO_Beta-Lactam_blaIMP-87,blaIMP-87
WP_2198607101_FEATURES_NDARO_Beta-Lactam_blaTEM-244,blaTEM-244
WP_2198607111_FEATURES_NDARO_Beta-Lactam_blaASU1-1,blaASU1-1
WP_2198607121_FEATURES_NDARO_Beta-Lactam_blaB3SU1-1,blaB3SU1-1
WP_2198607131_FEATURES_NDARO_Beta-Lactam_blaB3SU2-1,blaB3SU2-1
WP_2198607141_FEATURES_NDARO_Beta-Lactam_blaOXA-957,blaOXA-957
WP_2198607151_FEATURES_NDARO_Beta-Lactam_blaNDM-34,blaNDM-34
WP_2198607161_FEATURES_NDARO_Beta-Lactam_blaNDM-35,blaNDM-35
WP_2198607171_FEATURES_NDARO_Beta-Lactam_blaVEB-29,blaVEB-29
WP_2198607181_FEATURES_NDARO_Beta-Lactam_blaNDM-38,blaNDM-38
WP_2198607191_FEATURES_NDARO_Beta-Lactam_blaVEB-30,blaVEB-30
WP_2198607201_FEATURES_NDARO_Beta-Lactam_blaKPC-91,blaKPC-91
WP_2198607211_FEATURES_NDARO_Beta-Lactam_blaPDC-484,blaPDC-484
WP_2198607221_FEATURES_NDARO_Beta-Lactam_blaPDC-485,blaPDC-485
WP_2198607231_FEATURES_NDARO_Beta-Lactam_blaPDC-486,blaPDC-486
WP_2198607241_FEATURES_NDARO_Beta-Lactam_blaPDC-487,blaPDC-487
WP_2198607251_FEATURES_NDARO_Beta-Lactam_blaPDC-488,blaPDC-488
WP_2198607261_FEATURES_NDARO_Beta-Lactam_blaOXA-1013,blaOXA-1013
WP_2198607271_FEATURES_NDARO_Beta-Lactam_blaOXA-1015,blaOXA-1015
WP_2198607281_FEATURES_NDARO_Beta-Lactam_blaOXA-1016,blaOXA-1016
WP_2198607291_FEATURES_NDARO_Beta-Lactam_blaLAQ-1,blaLAQ-1
WP_2198607301_FEATURES_NDARO_Beta-Lactam_blaOXA-1017,blaOXA-1017
WP_2198607311_FEATURES_NDARO_Colistin_mcr-28,mcr-2.8
WP_2201205261_FEATURES_NDARO_Beta-Lactam_blaACT-156,blaACT-156
WP_2226632841_FEATURES_NDARO_Beta-Lactam_blaACT-157,blaACT-157
WP_2228910541_FEATURES_NDARO_Glycopeptide_vanH-P,vanH-P
WP_2228910551_FEATURES_NDARO_Glycopeptide_vanP,vanP
WP_2228910561_FEATURES_NDARO_Glycopeptide_vanX-P,vanX-P
WP_2228910571_FEATURES_NDARO_Glycopeptide_vanR-P,vanR-P
WP_2228910581_FEATURES_NDARO_Glycopeptide_vanS-P,vanS-P
WP_2228985721_FEATURES_NDARO_Beta-Lactam_blaTEM-251,blaTEM-251
WP_2231069541_FEATURES_NDARO_Colistin_mcr-47,mcr-4.7
WP_2231469701_FEATURES_NDARO_Beta-Lactam_blaSHV-122b,blaSHV-122b
WP_2231469711_FEATURES_NDARO_Beta-Lactam_blaVIM-76,blaVIM-76
WP_2231469721_FEATURES_NDARO_Beta-Lactam_blaOXA-1018,blaOXA-1018
WP_2231469731_FEATURES_NDARO_Beta-Lactam_blaOXA-1031,blaOXA-1031
WP_2231469741_FEATURES_NDARO_Beta-Lactam_blaPDC-489,blaPDC-489
WP_2231469751_FEATURES_NDARO_Beta-Lactam_blaPDC-490,blaPDC-490
WP_2231469761_FEATURES_NDARO_Beta-Lactam_blaPDC-491,blaPDC-491
WP_2231469771_FEATURES_NDARO_Beta-Lactam_blaPDC-492,blaPDC-492
WP_2231469781_FEATURES_NDARO_Beta-Lactam_blaPDC-493,blaPDC-493
WP_2231469791_FEATURES_NDARO_Beta-Lactam_blaPDC-494,blaPDC-494
WP_2231469801_FEATURES_NDARO_Beta-Lactam_blaPDC-495,blaPDC-495
WP_2231469811_FEATURES_NDARO_Beta-Lactam_blaPDC-496,blaPDC-496
WP_2231469821_FEATURES_NDARO_Beta-Lactam_blaSHV-229,blaSHV-229
WP_2231469831_FEATURES_NDARO_Beta-Lactam_blaNDM-39,blaNDM-39
WP_2231469841_FEATURES_NDARO_Beta-Lactam_blaNDM-40,blaNDM-40
WP_2231749861_FEATURES_NDARO_Beta-Lactam_blaSFC-2,blaSFC-2
WP_2231749871_FEATURES_NDARO_Beta-Lactam_blaFRI-11,blaFRI-11
WP_2231749881_FEATURES_NDARO_Beta-Lactam_blaIMI-22,blaIMI-22
WP_2232924851_FEATURES_NDARO_Beta-Lactam_blaRSA1-1,blaRSA1-1
WP_2235250811_FEATURES_NDARO_Beta-Lactam_blaIMI-23,blaIMI-23
WP_2239157511_FEATURES_NDARO_Beta-Lactam_blaMOX-22,blaMOX-22
WP_2242064591_FEATURES_NDARO_Beta-Lactam_blaMUN-4,blaMUN-4
WP_2244527421_FEATURES_NDARO_Beta-Lactam_blaNDM-33,blaNDM-33
WP_2250250271_FEATURES_NDARO_Beta-Lactam_blaOXA-1287,blaOXA-1287
WP_2250251121_FEATURES_NDARO_Beta-Lactam_blaPDC-634,blaPDC-634
WP_2255190911_FEATURES_NDARO_Beta-Lactam_blaADC-342,blaADC-342
WP_2283331591_FEATURES_NDARO_Beta-Lactam_blaACT-158,blaACT-158
WP_2299980081_FEATURES_NDARO_Beta-Lactam_blaOXA-1269,blaOXA-1269
WP_2309246461_FEATURES_NDARO_Beta-Lactam_blaPRC-1,blaPRC-1
WP_2312368081_FEATURES_NDARO_Colistin_mcr-134,mcr-1.34
WP_2318695851_FEATURES_NDARO_Aminoglycoside_npmB2,npmB2
WP_2318695861_FEATURES_NDARO_Aminoglycoside_npmB1,npmB1
WP_2318695871_FEATURES_NDARO_Beta-Lactam_blaOXA-1042,blaOXA-1042
WP_2318695881_FEATURES_NDARO_Beta-Lactam_blaGES-50,blaGES-50
WP_2318695891_FEATURES_NDARO_Beta-Lactam_blaMOX-16,blaMOX-16
WP_2318695901_FEATURES_NDARO_Beta-Lactam_blaCARB-58,blaCARB-58
WP_2318695911_FEATURES_NDARO_Beta-Lactam_blaOXA-933,blaOXA-933
WP_2318695921_FEATURES_NDARO_Beta-Lactam_blaOXA-934,blaOXA-934
WP_2318695931_FEATURES_NDARO_Beta-Lactam_blaVEB-28,blaVEB-28
WP_2318695941_FEATURES_NDARO_Beta-Lactam_blaOXA-967,blaOXA-967
WP_2318695951_FEATURES_NDARO_Beta-Lactam_blaOXA-968,blaOXA-968
WP_2318695961_FEATURES_NDARO_Beta-Lactam_blaOXA-969,blaOXA-969
WP_2318695971_FEATURES_NDARO_Beta-Lactam_blaOXA-970,blaOXA-970
WP_2318695981_FEATURES_NDARO_Beta-Lactam_blaOXA-971,blaOXA-971
WP_2318695991_FEATURES_NDARO_Beta-Lactam_blaOXA-972,blaOXA-972
WP_2318696001_FEATURES_NDARO_Beta-Lactam_blaOXA-973,blaOXA-973
WP_2318696011_FEATURES_NDARO_Beta-Lactam_blaOXA-974,blaOXA-974
WP_2318696021_FEATURES_NDARO_Beta-Lactam_blaOXA-975,blaOXA-975
WP_2318696031_FEATURES_NDARO_Beta-Lactam_blaOXA-977,blaOXA-977
WP_2318696041_FEATURES_NDARO_Beta-Lactam_blaOXA-978,blaOXA-978
WP_2318696051_FEATURES_NDARO_Beta-Lactam_blaOXA-979,blaOXA-979
WP_2318696061_FEATURES_NDARO_Beta-Lactam_blaOXA-981,blaOXA-981
WP_2318696071_FEATURES_NDARO_Beta-Lactam_blaOXA-982,blaOXA-982
WP_2318696081_FEATURES_NDARO_Beta-Lactam_blaOXA-983,blaOXA-983
WP_2318696091_FEATURES_NDARO_Beta-Lactam_blaOXA-984,blaOXA-984
WP_2318696101_FEATURES_NDARO_Beta-Lactam_blaOXA-985,blaOXA-985
WP_2318696111_FEATURES_NDARO_Beta-Lactam_blaOXA-986,blaOXA-986
WP_2318696121_FEATURES_NDARO_Beta-Lactam_blaOXA-987,blaOXA-987
WP_2318696131_FEATURES_NDARO_Beta-Lactam_blaOXA-988,blaOXA-988
WP_2318696141_FEATURES_NDARO_Beta-Lactam_blaOXA-989,blaOXA-989
WP_2318696151_FEATURES_NDARO_Beta-Lactam_blaOXA-990,blaOXA-990
WP_2318696161_FEATURES_NDARO_Beta-Lactam_blaOXA-991,blaOXA-991
WP_2318696171_FEATURES_NDARO_Beta-Lactam_blaOXA-992,blaOXA-992
WP_2318696181_FEATURES_NDARO_Beta-Lactam_blaOXA-993,blaOXA-993
WP_2318696191_FEATURES_NDARO_Beta-Lactam_blaOXA-994,blaOXA-994
WP_2318696201_FEATURES_NDARO_Beta-Lactam_blaOXA-995,blaOXA-995
WP_2318696211_FEATURES_NDARO_Beta-Lactam_blaOXA-996,blaOXA-996
WP_2318696221_FEATURES_NDARO_Beta-Lactam_blaOXA-997,blaOXA-997
WP_2318696231_FEATURES_NDARO_Beta-Lactam_blaOXA-998,blaOXA-998
WP_2318696241_FEATURES_NDARO_Beta-Lactam_blaOXA-999,blaOXA-999
WP_2318696251_FEATURES_NDARO_Beta-Lactam_blaOXA-1000,blaOXA-1000
WP_2318696261_FEATURES_NDARO_Beta-Lactam_blaOXA-1002,blaOXA-1002
WP_2318696271_FEATURES_NDARO_Beta-Lactam_blaOXA-1003,blaOXA-1003
WP_2318696281_FEATURES_NDARO_Beta-Lactam_blaOXA-1004,blaOXA-1004
WP_2318696291_FEATURES_NDARO_Beta-Lactam_blaOXA-1006,blaOXA-1006
WP_2318696301_FEATURES_NDARO_Beta-Lactam_blaOXA-1007,blaOXA-1007
WP_2318696311_FEATURES_NDARO_Beta-Lactam_blaOXA-1008,blaOXA-1008
WP_2318696321_FEATURES_NDARO_Beta-Lactam_blaOXA-1009,blaOXA-1009
WP_2318696331_FEATURES_NDARO_Beta-Lactam_blaOXA-1010,blaOXA-1010
WP_2318696341_FEATURES_NDARO_Beta-Lactam_blaKPC-98,blaKPC-98
WP_2318696351_FEATURES_NDARO_Beta-Lactam_blaPDC-497,blaPDC-497
WP_2318696361_FEATURES_NDARO_Beta-Lactam_blaNDM-41,blaNDM-41
WP_2318696371_FEATURES_NDARO_Beta-Lactam_blaVIM-77,blaVIM-77
WP_2318696381_FEATURES_NDARO_Beta-Lactam_blaAIM-2,blaAIM-2
WP_2318696391_FEATURES_NDARO_Beta-Lactam_blaKPC-96,blaKPC-96
WP_2318696401_FEATURES_NDARO_Beta-Lactam_blaKPC-97,blaKPC-97
WP_2318696411_FEATURES_NDARO_Beta-Lactam_blaCMH-7,blaCMH-7
WP_2318696421_FEATURES_NDARO_Quinolone_qnrA13,qnrA13
WP_2318696431_FEATURES_NDARO_Beta-Lactam_blaOXA-1038,blaOXA-1038
WP_2318696441_FEATURES_NDARO_Beta-Lactam_blaVIM-79,blaVIM-79
WP_2318696451_FEATURES_NDARO_Beta-Lactam_blaCTX-M-251,blaCTX-M-251
WP_2318696461_FEATURES_NDARO_Beta-Lactam_blaCMY-177,blaCMY-177
WP_2318696471_FEATURES_NDARO_Beta-Lactam_blaOXA-1040,blaOXA-1040
WP_2318696481_FEATURES_NDARO_Beta-Lactam_blaADC-260,blaADC-260
WP_2318696491_FEATURES_NDARO_Beta-Lactam_blaOXA-1041,blaOXA-1041
WP_2318696501_FEATURES_NDARO_Beta-Lactam_blaKPC-103,blaKPC-103
WP_2318696511_FEATURES_NDARO_Beta-Lactam_blaKPC-104,blaKPC-104
WP_2318696521_FEATURES_NDARO_Beta-Lactam_blaKPC-107,blaKPC-107
WP_2318696531_FEATURES_NDARO_Beta-Lactam_blaKPC-105,blaKPC-105
WP_2318696541_FEATURES_NDARO_Beta-Lactam_blaKPC-108,blaKPC-108
WP_2318696551_FEATURES_NDARO_Beta-Lactam_blaKPC-106,blaKPC-106
WP_2318737811_FEATURES_NDARO_Beta-Lactam_blaKPC-102,blaKPC-102
WP_2318737821_FEATURES_NDARO_Beta-Lactam_blaPDC-498,blaPDC-498
WP_2318737831_FEATURES_NDARO_Beta-Lactam_blaPDC-499,blaPDC-499
WP_2318737841_FEATURES_NDARO_Beta-Lactam_blaPDC-500,blaPDC-500
WP_2318737851_FEATURES_NDARO_Beta-Lactam_blaAXC-7,blaAXC-7
WP_2329320001_FEATURES_NDARO_Beta-Lactam_blaACT-98,blaACT-98
WP_2330034451_FEATURES_NDARO_Beta-Lactam_blaACT-159,blaACT-159
WP_2341646901_FEATURES_NDARO_Beta-Lactam_cfiA30,cfiA30
WP_2342251711_FEATURES_NDARO_Beta-Lactam_blaMUN-3,blaMUN-3
WP_2345754401_FEATURES_NDARO_Beta-Lactam_blaPDC-623,blaPDC-623
WP_2348559251_FEATURES_NDARO_Beta-Lactam_blaIMP-93,blaIMP-93
WP_2379203251_FEATURES_NDARO_Beta-Lactam_blaOXA-1108,blaOXA-1108
WP_2388397901_FEATURES_NDARO_Beta-Lactam_blaVIM-82,blaVIM-82
WP_2400677121_FEATURES_NDARO_Beta-Lactam_blaACT-100,blaACT-100
WP_2400677131_FEATURES_NDARO_Beta-Lactam_blaACT-96,blaACT-96
WP_2400677141_FEATURES_NDARO_Beta-Lactam_blaACT-97,blaACT-97
WP_2400677151_FEATURES_NDARO_Beta-Lactam_blaADC-261,blaADC-261
WP_2400677161_FEATURES_NDARO_Beta-Lactam_blaADC-264,blaADC-264
WP_2400677171_FEATURES_NDARO_Beta-Lactam_blaAFM-4,blaAFM-4
WP_2400677181_FEATURES_NDARO_Beta-Lactam_blaCTX-M-252,blaCTX-M-252
WP_2400677191_FEATURES_NDARO_Beta-Lactam_blaIMI-24,blaIMI-24
WP_2400677201_FEATURES_NDARO_Beta-Lactam_blaIMP-92,blaIMP-92
WP_2400677211_FEATURES_NDARO_Beta-Lactam_blaIMP-94,blaIMP-94
WP_2400677221_FEATURES_NDARO_Beta-Lactam_blaKPC-112,blaKPC-112
WP_2400677231_FEATURES_NDARO_Beta-Lactam_blaKPC-83,blaKPC-83
WP_2400677241_FEATURES_NDARO_Beta-Lactam_blaKPC-89,blaKPC-89
WP_2400677251_FEATURES_NDARO_Beta-Lactam_blaKPC-92,blaKPC-92
WP_2400677261_FEATURES_NDARO_Beta-Lactam_blaOXA-1044,blaOXA-1044
WP_2400677271_FEATURES_NDARO_Beta-Lactam_blaOXA-1046,blaOXA-1046
WP_2400677281_FEATURES_NDARO_Beta-Lactam_blaOXA-1048,blaOXA-1048
WP_2400677291_FEATURES_NDARO_Beta-Lactam_blaOXA-1049,blaOXA-1049
WP_2400677301_FEATURES_NDARO_Beta-Lactam_blaOXA-1050,blaOXA-1050
WP_2400677311_FEATURES_NDARO_Beta-Lactam_blaOXA-1051,blaOXA-1051
WP_2400677321_FEATURES_NDARO_Beta-Lactam_blaOXA-1053,blaOXA-1053
WP_2400677331_FEATURES_NDARO_Beta-Lactam_blaOXA-1055,blaOXA-1055
WP_2400677341_FEATURES_NDARO_Beta-Lactam_blaOXA-1056,blaOXA-1056
WP_2400677351_FEATURES_NDARO_Beta-Lactam_blaOXA-1057,blaOXA-1057
WP_2400677361_FEATURES_NDARO_Beta-Lactam_blaPDC-501,blaPDC-501
WP_2400677371_FEATURES_NDARO_Beta-Lactam_blaPDC-502,blaPDC-502
WP_2400677381_FEATURES_NDARO_Beta-Lactam_blaPDC-503,blaPDC-503
WP_2400677391_FEATURES_NDARO_Beta-Lactam_blaPDC-504,blaPDC-504
WP_2400677401_FEATURES_NDARO_Beta-Lactam_blaPDC-505,blaPDC-505
WP_2400677411_FEATURES_NDARO_Beta-Lactam_blaPDC-506,blaPDC-506
WP_2400677421_FEATURES_NDARO_Beta-Lactam_blaPDC-507,blaPDC-507
WP_2400677431_FEATURES_NDARO_Beta-Lactam_blaPDC-508,blaPDC-508
WP_2400677441_FEATURES_NDARO_Beta-Lactam_blaPDC-509,blaPDC-509
WP_2400677451_FEATURES_NDARO_Beta-Lactam_blaPDC-510,blaPDC-510
WP_2400677461_FEATURES_NDARO_Beta-Lactam_blaPDC-511,blaPDC-511
WP_2400677471_FEATURES_NDARO_Colistin_mcr-133,mcr-1.33
WP_2414693081_FEATURES_NDARO_Beta-Lactam_blaOXA-1140,blaOXA-1140
WP_2417007851_FEATURES_NDARO_Beta-Lactam_blaOXY-2-30,blaOXY-2-30
WP_2429340651_FEATURES_NDARO_Beta-Lactam_blaACT-105,blaACT-105
WP_2429340661_FEATURES_NDARO_Beta-Lactam_blaACT-107,blaACT-107
WP_2429340671_FEATURES_NDARO_Beta-Lactam_blaIMP-95,blaIMP-95
WP_2429340681_FEATURES_NDARO_Beta-Lactam_blaKPC-113,blaKPC-113
WP_2429340691_FEATURES_NDARO_Beta-Lactam_blaKPC-114,blaKPC-114
WP_2429340701_FEATURES_NDARO_Beta-Lactam_blaKPC-115,blaKPC-115
WP_2429340711_FEATURES_NDARO_Beta-Lactam_blaKPC-116,blaKPC-116
WP_2429340721_FEATURES_NDARO_Beta-Lactam_blaKPC-117,blaKPC-117
WP_2429340731_FEATURES_NDARO_Beta-Lactam_blaKPC-118,blaKPC-118
WP_2429340741_FEATURES_NDARO_Beta-Lactam_blaKPC-119,blaKPC-119
WP_2429340751_FEATURES_NDARO_Beta-Lactam_blaKPC-120,blaKPC-120
WP_2429340761_FEATURES_NDARO_Beta-Lactam_blaKPC-121,blaKPC-121
WP_2429340771_FEATURES_NDARO_Beta-Lactam_blaKPC-122,blaKPC-122
WP_2429340781_FEATURES_NDARO_Beta-Lactam_blaKPC-123,blaKPC-123
WP_2429340791_FEATURES_NDARO_Beta-Lactam_blaOXA-1058,blaOXA-1058
WP_2429340801_FEATURES_NDARO_Beta-Lactam_blaOXA-1059,blaOXA-1059
WP_2429340811_FEATURES_NDARO_Beta-Lactam_blaOXA-1060,blaOXA-1060
WP_2429340821_FEATURES_NDARO_Beta-Lactam_blaOXA-1061,blaOXA-1061
WP_2429340831_FEATURES_NDARO_Beta-Lactam_blaOXA-1062,blaOXA-1062
WP_2429340841_FEATURES_NDARO_Beta-Lactam_blaOXA-1063,blaOXA-1063
WP_2429340851_FEATURES_NDARO_Beta-Lactam_blaOXA-1064,blaOXA-1064
WP_2429340861_FEATURES_NDARO_Beta-Lactam_blaOXA-1065,blaOXA-1065
WP_2429340871_FEATURES_NDARO_Beta-Lactam_blaOXA-1066,blaOXA-1066
WP_2429340881_FEATURES_NDARO_Beta-Lactam_blaOXA-1067,blaOXA-1067
WP_2429340891_FEATURES_NDARO_Beta-Lactam_blaOXA-1068,blaOXA-1068
WP_2429340901_FEATURES_NDARO_Beta-Lactam_blaOXA-1069,blaOXA-1069
WP_2429340911_FEATURES_NDARO_Beta-Lactam_blaOXA-1070,blaOXA-1070
WP_2429340921_FEATURES_NDARO_Beta-Lactam_blaOXA-1071,blaOXA-1071
WP_2429340931_FEATURES_NDARO_Beta-Lactam_blaOXA-1072,blaOXA-1072
WP_2429340941_FEATURES_NDARO_Beta-Lactam_blaOXA-1073,blaOXA-1073
WP_2429340951_FEATURES_NDARO_Beta-Lactam_blaOXA-1074,blaOXA-1074
WP_2429340961_FEATURES_NDARO_Beta-Lactam_blaOXA-1075,blaOXA-1075
WP_2429340971_FEATURES_NDARO_Beta-Lactam_blaOXA-1077,blaOXA-1077
WP_2429340981_FEATURES_NDARO_Beta-Lactam_blaOXA-1078,blaOXA-1078
WP_2429340991_FEATURES_NDARO_Beta-Lactam_blaOXA-1079,blaOXA-1079
WP_2429341001_FEATURES_NDARO_Beta-Lactam_blaOXA-1080,blaOXA-1080
WP_2429341011_FEATURES_NDARO_Beta-Lactam_blaOXA-1081,blaOXA-1081
WP_2429341021_FEATURES_NDARO_Beta-Lactam_blaOXA-1082,blaOXA-1082
WP_2429341031_FEATURES_NDARO_Beta-Lactam_blaOXA-1084,blaOXA-1084
WP_2429341041_FEATURES_NDARO_Beta-Lactam_blaOXA-1085,blaOXA-1085
WP_2429341051_FEATURES_NDARO_Beta-Lactam_blaOXA-1086,blaOXA-1086
WP_2429341061_FEATURES_NDARO_Beta-Lactam_blaOXA-1092,blaOXA-1092
WP_2429341071_FEATURES_NDARO_Beta-Lactam_blaOXA-1093,blaOXA-1093
WP_2429341081_FEATURES_NDARO_Beta-Lactam_blaOXA-1094,blaOXA-1094
WP_2429341091_FEATURES_NDARO_Beta-Lactam_blaOXA-1095,blaOXA-1095
WP_2429341101_FEATURES_NDARO_Beta-Lactam_blaOXA-1096,blaOXA-1096
WP_2429341111_FEATURES_NDARO_Beta-Lactam_blaOXA-1097,blaOXA-1097
WP_2429341121_FEATURES_NDARO_Beta-Lactam_blaOXA-1098,blaOXA-1098
WP_2429341131_FEATURES_NDARO_Beta-Lactam_blaOXA-1100,blaOXA-1100
WP_2429341141_FEATURES_NDARO_Beta-Lactam_blaOXA-1101,blaOXA-1101
WP_2429341151_FEATURES_NDARO_Beta-Lactam_blaOXA-1102,blaOXA-1102
WP_2429341161_FEATURES_NDARO_Beta-Lactam_blaOXA-1103,blaOXA-1103
WP_2429341171_FEATURES_NDARO_Beta-Lactam_blaOXA-1104,blaOXA-1104
WP_2429341181_FEATURES_NDARO_Beta-Lactam_blaOXA-1105,blaOXA-1105
WP_2429341191_FEATURES_NDARO_Beta-Lactam_blaOXA-1106,blaOXA-1106
WP_2429341201_FEATURES_NDARO_Beta-Lactam_blaOXA-1107,blaOXA-1107
WP_2429341211_FEATURES_NDARO_Beta-Lactam_blaPDC-512,blaPDC-512
WP_2429341221_FEATURES_NDARO_Beta-Lactam_blaPDC-514,blaPDC-514
WP_2429341231_FEATURES_NDARO_Beta-Lactam_blaPDC-515,blaPDC-515
WP_2429341241_FEATURES_NDARO_Beta-Lactam_blaPDC-516,blaPDC-516
WP_2429341251_FEATURES_NDARO_Beta-Lactam_blaTEM-245,blaTEM-245
WP_2429341261_FEATURES_NDARO_Beta-Lactam_blaTEM-246,blaTEM-246
WP_2429341271_FEATURES_NDARO_Colistin_mcr-105,mcr-10.5
WP_2429350241_FEATURES_NDARO_Beta-Lactam_blaCTX-M-261,blaCTX-M-261
WP_2432106881_FEATURES_NDARO_Beta-Lactam_blaPDC-537,blaPDC-537
WP_2439391601_FEATURES_NDARO_Beta-Lactam_blaKPC-93,blaKPC-93
WP_2440540591_FEATURES_NDARO_Beta-Lactam_blaMOX-24,blaMOX-24
WP_2477917181_FEATURES_NDARO_Beta-Lactam_blaADC-271,blaADC-271
WP_2480488131_FEATURES_NDARO_Beta-Lactam_blaCMH-13,blaCMH-13
WP_2482154181_FEATURES_NDARO_Beta-Lactam_blaACT-160,blaACT-160
WP_2484963761_FEATURES_NDARO_Beta-Lactam_blaKPC-125,blaKPC-125
WP_2498280581_FEATURES_NDARO_Beta-Lactam_blaACT-GC1,blaACT-GC1
WP_2498280591_FEATURES_NDARO_Beta-Lactam_blaADC-266,blaADC-266
WP_2498280601_FEATURES_NDARO_Beta-Lactam_blaGES-52,blaGES-52
WP_2498280611_FEATURES_NDARO_Beta-Lactam_blaGES-53,blaGES-53
WP_2498280621_FEATURES_NDARO_Beta-Lactam_blaKLUG-1,blaKLUG-1
WP_2498280631_FEATURES_NDARO_Beta-Lactam_blaKPC-126,blaKPC-126
WP_2498280641_FEATURES_NDARO_Beta-Lactam_blaNDM-42,blaNDM-42
WP_2498280651_FEATURES_NDARO_Beta-Lactam_blaOXA-1117,blaOXA-1117
WP_2498280661_FEATURES_NDARO_Beta-Lactam_blaOXA-1118,blaOXA-1118
WP_2498280671_FEATURES_NDARO_Beta-Lactam_blaPDC-517,blaPDC-517
WP_2498280681_FEATURES_NDARO_Beta-Lactam_blaPDC-518,blaPDC-518
WP_2498280691_FEATURES_NDARO_Beta-Lactam_blaSRT-4,blaSRT-4
WP_2498280701_FEATURES_NDARO_Beta-Lactam_blaWUS-1,blaWUS-1
WP_2501156251_FEATURES_NDARO_Beta-Lactam_blaGES-54,blaGES-54
WP_2501275811_FEATURES_NDARO_Beta-Lactam_blaACT-110,blaACT-110
WP_2502003221_FEATURES_NDARO_Beta-Lactam_blaKPC-100,blaKPC-100
WP_2502003231_FEATURES_NDARO_Beta-Lactam_blaKPC-127,blaKPC-127
WP_2502003241_FEATURES_NDARO_Beta-Lactam_blaKPC-128,blaKPC-128
ACN657321_FEATURES_NDARO_Efflux_emrD,emrD
WP_2507185471_FEATURES_NDARO_Beta-Lactam_cfiA29,cfiA29
CAB145202_FEATURES_NDARO_Streptothricin_acr3,acr3
WP_2514641691_FEATURES_NDARO_Aminoglycoside_aadA33,aadA33
WP_2520295291_FEATURES_NDARO_Beta-Lactam_blaACT-94,blaACT-94
ACO067521_FEATURES_NDARO_Efflux_emhB,emhB
WP_2524627261_FEATURES_NDARO_Beta-Lactam_blaACT-161,blaACT-161
WP_2526495261_FEATURES_NDARO_Beta-Lactam_blaOXA-1278,blaOXA-1278
WP_2526551631_FEATURES_NDARO_Beta-Lactam_blaOXA-1012,blaOXA-1012
WP_2529441381_FEATURES_NDARO_Colistin_almE,almE
WP_2531144391_FEATURES_NDARO_Beta-Lactam_blaOXA-1110,blaOXA-1110
WP_2531472581_FEATURES_NDARO_Beta-Lactam_blaOXA-1112,blaOXA-1112
WP_2532829161_FEATURES_NDARO_Beta-Lactam_blaCDA-1,blaCDA-1
WP_2538920941_FEATURES_NDARO_Beta-Lactam_blaKPC-130,blaKPC-130
WP_2542056011_FEATURES_NDARO_Beta-Lactam_blaCTX-M-255,blaCTX-M-255
WP_2545632511_FEATURES_NDARO_Phenicol_Quinolone_cmeB_RE,cmeB_RE
WP_2548873081_FEATURES_NDARO_Beta-Lactam_blaMUN-2,blaMUN-2
WP_2548884011_FEATURES_NDARO_Beta-Lactam_blaMUN-5,blaMUN-5
WP_2568239721_FEATURES_NDARO_Beta-Lactam_blaVIM-84,blaVIM-84
WP_2568755911_FEATURES_NDARO_Beta-Lactam_blaADC-267,blaADC-267
WP_2568755921_FEATURES_NDARO_Beta-Lactam_blaADC-272,blaADC-272
WP_2568755931_FEATURES_NDARO_Beta-Lactam_blaADC-273,blaADC-273
WP_2568755941_FEATURES_NDARO_Beta-Lactam_blaADC-274,blaADC-274
WP_2568755951_FEATURES_NDARO_Beta-Lactam_blaADC-275,blaADC-275
WP_2568755961_FEATURES_NDARO_Beta-Lactam_blaADC-276,blaADC-276
WP_2568755971_FEATURES_NDARO_Beta-Lactam_blaADC-277,blaADC-277
WP_2568755981_FEATURES_NDARO_Beta-Lactam_blaADC-281,blaADC-281
WP_2568755991_FEATURES_NDARO_Beta-Lactam_blaADC-282,blaADC-282
WP_2568756001_FEATURES_NDARO_Beta-Lactam_blaCMY-178,blaCMY-178
WP_2568756011_FEATURES_NDARO_Beta-Lactam_blaCTX-M-253,blaCTX-M-253
WP_2568756021_FEATURES_NDARO_Beta-Lactam_blaCTX-M-254,blaCTX-M-254
WP_2568756031_FEATURES_NDARO_Beta-Lactam_blaGOB-53,blaGOB-53
WP_2568756041_FEATURES_NDARO_Beta-Lactam_blaKPC-131,blaKPC-131
WP_2568756051_FEATURES_NDARO_Beta-Lactam_blaNDM-43,blaNDM-43
WP_2568756061_FEATURES_NDARO_Beta-Lactam_blaNWM-1,blaNWM-1
WP_2568756071_FEATURES_NDARO_Beta-Lactam_blaOXA-1052,blaOXA-1052
WP_2568756081_FEATURES_NDARO_Beta-Lactam_blaOXA-1087,blaOXA-1087
WP_2568756091_FEATURES_NDARO_Beta-Lactam_blaOXA-1119,blaOXA-1119
WP_2568756101_FEATURES_NDARO_Beta-Lactam_blaOXA-1120,blaOXA-1120
WP_2568756111_FEATURES_NDARO_Beta-Lactam_blaOXA-1121,blaOXA-1121
WP_2568756121_FEATURES_NDARO_Beta-Lactam_blaOXA-1122,blaOXA-1122
WP_2568756131_FEATURES_NDARO_Beta-Lactam_blaOXA-1123,blaOXA-1123
WP_2568756141_FEATURES_NDARO_Beta-Lactam_blaOXA-1126,blaOXA-1126
WP_2568756151_FEATURES_NDARO_Beta-Lactam_blaOXA-1128,blaOXA-1128
WP_2568756161_FEATURES_NDARO_Beta-Lactam_blaOXA-1130,blaOXA-1130
WP_2568756171_FEATURES_NDARO_Beta-Lactam_blaOXA-1134,blaOXA-1134
WP_2568756181_FEATURES_NDARO_Beta-Lactam_blaOXA-1136,blaOXA-1136
WP_2568756191_FEATURES_NDARO_Beta-Lactam_blaOXA-1137,blaOXA-1137
WP_2568756201_FEATURES_NDARO_Beta-Lactam_blaOXA-1138,blaOXA-1138
WP_2568756211_FEATURES_NDARO_Beta-Lactam_blaOXA-1139,blaOXA-1139
WP_2568756221_FEATURES_NDARO_Beta-Lactam_blaOXA-944,blaOXA-944
WP_2568756231_FEATURES_NDARO_Beta-Lactam_blaOXY-2-17,blaOXY-2-17
WP_2568756241_FEATURES_NDARO_Beta-Lactam_blaOXY-2-19,blaOXY-2-19
WP_2568756251_FEATURES_NDARO_Beta-Lactam_blaOXY-2-28,blaOXY-2-28
WP_2568756261_FEATURES_NDARO_Beta-Lactam_blaOXY-7-1,blaOXY-7-1
WP_2568756271_FEATURES_NDARO_Beta-Lactam_blaPDC-519,blaPDC-519
WP_2568756281_FEATURES_NDARO_Beta-Lactam_blaPDC-520,blaPDC-520
WP_2568756291_FEATURES_NDARO_Beta-Lactam_blaPDC-521,blaPDC-521
WP_2568756301_FEATURES_NDARO_Beta-Lactam_blaPDC-522,blaPDC-522
WP_2568756311_FEATURES_NDARO_Beta-Lactam_blaPDC-523,blaPDC-523
WP_2568756321_FEATURES_NDARO_Beta-Lactam_blaPDC-524,blaPDC-524
WP_2568756331_FEATURES_NDARO_Beta-Lactam_blaPDC-525,blaPDC-525
WP_2568756341_FEATURES_NDARO_Beta-Lactam_blaPDC-527,blaPDC-527
WP_2568756351_FEATURES_NDARO_Beta-Lactam_blaTEM-247,blaTEM-247
WP_2571021351_FEATURES_NDARO_Beta-Lactam_blaCTX-M-256,blaCTX-M-256
WP_2571021361_FEATURES_NDARO_Beta-Lactam_blaGES-55,blaGES-55
WP_2571021371_FEATURES_NDARO_Beta-Lactam_blaKPC-132,blaKPC-132
WP_2571021381_FEATURES_NDARO_Beta-Lactam_blaKPC-133,blaKPC-133
WP_2573945781_FEATURES_NDARO_Beta-Lactam_blaADC-283,blaADC-283
WP_2573945791_FEATURES_NDARO_Beta-Lactam_blaFRI-12,blaFRI-12
WP_2573945801_FEATURES_NDARO_Beta-Lactam_blaKPC-110,blaKPC-110
WP_2573945811_FEATURES_NDARO_Beta-Lactam_blaKPC-111,blaKPC-111
WP_2573945821_FEATURES_NDARO_Beta-Lactam_blaOXA-1141,blaOXA-1141
WP_2573945831_FEATURES_NDARO_Beta-Lactam_blaOXA-1142,blaOXA-1142
WP_2573945841_FEATURES_NDARO_Beta-Lactam_blaOXA-1145,blaOXA-1145
WP_2573945851_FEATURES_NDARO_Beta-Lactam_blaPDC-530,blaPDC-530
WP_2576975911_FEATURES_NDARO_Colistin_mcr-342,mcr-3.42
WP_2581647471_FEATURES_NDARO_Beta-Lactam_blaVIM-81,blaVIM-81
WP_2588857951_FEATURES_NDARO_Beta-Lactam_blaMUN-6,blaMUN-6
WP_2591159671_FEATURES_NDARO_Beta-Lactam_blaKPC-157,blaKPC-157
WP_2593638391_FEATURES_NDARO_Beta-Lactam_blaACT-162,blaACT-162
ACQ828161_FEATURES_NDARO_Efflux_amvA,amvA
WP_2605434441_FEATURES_NDARO_Beta-Lactam_blaEBR-5,blaEBR-5
WP_2608904151_FEATURES_NDARO_Beta-Lactam_blaVIM-85,blaVIM-85
WP_2614703401_FEATURES_NDARO_Beta-Lactam_blaADC-312,blaADC-312
WP_2614793091_FEATURES_NDARO_Beta-Lactam_blaADC-325,blaADC-325
WP_2620938361_FEATURES_NDARO_Beta-Lactam_blaADC-321,blaADC-321
WP_2624516301_FEATURES_NDARO_Beta-Lactam_blaOXA-1114,blaOXA-1114
WP_2626970821_FEATURES_NDARO_Aminoglycoside_aac(6_)-Iap,aac(6')-Iap
WP_2626971211_FEATURES_NDARO_Beta-Lactam_blaADC-285,blaADC-285
WP_2626971221_FEATURES_NDARO_Beta-Lactam_blaCTX-M-257,blaCTX-M-257
WP_2626971231_FEATURES_NDARO_Beta-Lactam_blaCTX-M-258,blaCTX-M-258
WP_2626971251_FEATURES_NDARO_Beta-Lactam_blaFOX-20,blaFOX-20
WP_2626971261_FEATURES_NDARO_Beta-Lactam_blaGES-56,blaGES-56
WP_2626971271_FEATURES_NDARO_Beta-Lactam_blaGIM-3,blaGIM-3
WP_2626971281_FEATURES_NDARO_Beta-Lactam_blaIMP-97,blaIMP-97
WP_2626971291_FEATURES_NDARO_Beta-Lactam_blaKPC-101,blaKPC-101
WP_2626971301_FEATURES_NDARO_Beta-Lactam_blaKPC-134,blaKPC-134
WP_2626971311_FEATURES_NDARO_Beta-Lactam_blaKPC-135,blaKPC-135
WP_2626971331_FEATURES_NDARO_Beta-Lactam_blaKPC-138,blaKPC-138
WP_2626971341_FEATURES_NDARO_Beta-Lactam_blaKPC-139,blaKPC-139
WP_2626971351_FEATURES_NDARO_Beta-Lactam_blaKPC-140,blaKPC-140
WP_2626971361_FEATURES_NDARO_Beta-Lactam_blaKPC-141,blaKPC-141
WP_2626971371_FEATURES_NDARO_Beta-Lactam_blaKPC-142,blaKPC-142
WP_2626971381_FEATURES_NDARO_Beta-Lactam_blaKPC-143,blaKPC-143
WP_2626971391_FEATURES_NDARO_Beta-Lactam_blaKPC-144,blaKPC-144
WP_2626971401_FEATURES_NDARO_Beta-Lactam_blaKPC-99,blaKPC-99
WP_2626971411_FEATURES_NDARO_Beta-Lactam_blaMOX-17,blaMOX-17
WP_2626971421_FEATURES_NDARO_Beta-Lactam_blaNDM-44,blaNDM-44
WP_2626971431_FEATURES_NDARO_Beta-Lactam_blaOXA-1146,blaOXA-1146
WP_2626971441_FEATURES_NDARO_Beta-Lactam_blaOXA-1147,blaOXA-1147
WP_2626971451_FEATURES_NDARO_Beta-Lactam_blaOXA-1148,blaOXA-1148
WP_2626971501_FEATURES_NDARO_Beta-Lactam_blaOXA-1151,blaOXA-1151
WP_2626971841_FEATURES_NDARO_Beta-Lactam_blaPDC-531,blaPDC-531
WP_2626971851_FEATURES_NDARO_Beta-Lactam_blaPDC-532,blaPDC-532
WP_2626971871_FEATURES_NDARO_Beta-Lactam_blaPDC-533,blaPDC-533
WP_2626971881_FEATURES_NDARO_Beta-Lactam_blaPEN-B2,blaPEN-B2
WP_2626971891_FEATURES_NDARO_Beta-Lactam_blaPEN-B3,blaPEN-B3
WP_2626971921_FEATURES_NDARO_Beta-Lactam_blaTEM-248,blaTEM-248
WP_2626971931_FEATURES_NDARO_Beta-Lactam_blaTEM-249,blaTEM-249
WP_2626971941_FEATURES_NDARO_Beta-Lactam_blaVEB-31,blaVEB-31
WP_2626971951_FEATURES_NDARO_Beta-Lactam_blaVIM-83,blaVIM-83
WP_2627619571_FEATURES_NDARO_Beta-Lactam_crxA,crxA
WP_2629614801_FEATURES_NDARO_Beta-Lactam_blaPDC-565,blaPDC-565
WP_2630964421_FEATURES_NDARO_Beta-Lactam_blaOXA-1184,blaOXA-1184
WP_2635980851_FEATURES_NDARO_Beta-Lactam_blaCTX-M-259,blaCTX-M-259
WP_2642546321_FEATURES_NDARO_Beta-Lactam_blaKPC-148,blaKPC-148
WP_2654325411_FEATURES_NDARO_Beta-Lactam_blaKPC-204,blaKPC-204
AAN292401_FEATURES_NDARO_Efflux_bepD,bepD
AAN292411_FEATURES_NDARO_Efflux_bepE,bepE
AAN298711_FEATURES_NDARO_Efflux_bepC,bepC
WP_2657609081_FEATURES_NDARO_Beta-Lactam_blaOXA-105,blaOXA-105
WP_2659294721_FEATURES_NDARO_Beta-Lactam_blaSHV-242,blaSHV-242
AAN335341_FEATURES_NDARO_Efflux_bepG,bepG
AAN335351_FEATURES_NDARO_Efflux_bepF,bepF
WP_2688718421_FEATURES_NDARO_Nitroimidazole_nimK,nimK
WP_2688718431_FEATURES_NDARO_Beta-Lactam_blaACT-91,blaACT-91
WP_2688718441_FEATURES_NDARO_Beta-Lactam_blaACT-92,blaACT-92
WP_2688718451_FEATURES_NDARO_Beta-Lactam_blaADC-286,blaADC-286
WP_2688718461_FEATURES_NDARO_Beta-Lactam_blaADC-290,blaADC-290
WP_2688718471_FEATURES_NDARO_Beta-Lactam_blaCMH-8,blaCMH-8
WP_2688718481_FEATURES_NDARO_Beta-Lactam_blaCMY-184,blaCMY-184
WP_2688718501_FEATURES_NDARO_Beta-Lactam_blaGES-57,blaGES-57
WP_2688718511_FEATURES_NDARO_Beta-Lactam_blaIMP-98,blaIMP-98
WP_2688718521_FEATURES_NDARO_Beta-Lactam_blaKLUC-6,blaKLUC-6
WP_2688718531_FEATURES_NDARO_Beta-Lactam_blaKPC-145,blaKPC-145
WP_2688718541_FEATURES_NDARO_Beta-Lactam_blaKPC-146,blaKPC-146
WP_2688718551_FEATURES_NDARO_Beta-Lactam_blaKPC-147,blaKPC-147
WP_2688718561_FEATURES_NDARO_Beta-Lactam_blaKPC-151,blaKPC-151
WP_2688718571_FEATURES_NDARO_Beta-Lactam_blaKPC-153,blaKPC-153
WP_2688718581_FEATURES_NDARO_Beta-Lactam_blaMOX-18,blaMOX-18
WP_2688718591_FEATURES_NDARO_Beta-Lactam_blaMOX-19,blaMOX-19
WP_2688718601_FEATURES_NDARO_Beta-Lactam_blaMOX-20,blaMOX-20
WP_2688718611_FEATURES_NDARO_Beta-Lactam_blaMOX-21,blaMOX-21
WP_2688718621_FEATURES_NDARO_Beta-Lactam_blaNDM-45,blaNDM-45
WP_2688718631_FEATURES_NDARO_Beta-Lactam_blaNDM-46,blaNDM-46
WP_2688718641_FEATURES_NDARO_Beta-Lactam_blaNDM-47,blaNDM-47
WP_2688718651_FEATURES_NDARO_Beta-Lactam_blaNDM-48,blaNDM-48
WP_2688718661_FEATURES_NDARO_Beta-Lactam_blaOXA-1154,blaOXA-1154
WP_2688718671_FEATURES_NDARO_Beta-Lactam_blaOXA-1155,blaOXA-1155
WP_2688718681_FEATURES_NDARO_Beta-Lactam_blaOXA-1156,blaOXA-1156
WP_2688718691_FEATURES_NDARO_Beta-Lactam_blaOXA-1157,blaOXA-1157
WP_2688718701_FEATURES_NDARO_Beta-Lactam_blaOXA-1158,blaOXA-1158
WP_2688718711_FEATURES_NDARO_Beta-Lactam_blaOXA-1164,blaOXA-1164
WP_2688718721_FEATURES_NDARO_Beta-Lactam_blaOXA-1165,blaOXA-1165
WP_2688718731_FEATURES_NDARO_Beta-Lactam_blaOXA-1168,blaOXA-1168
WP_2688718741_FEATURES_NDARO_Beta-Lactam_blaOXA-1169,blaOXA-1169
WP_2688718751_FEATURES_NDARO_Beta-Lactam_blaOXA-1170,blaOXA-1170
WP_2688718761_FEATURES_NDARO_Beta-Lactam_blaOXA-1171,blaOXA-1171
WP_2688718771_FEATURES_NDARO_Beta-Lactam_blaOXA-1172,blaOXA-1172
WP_2688718781_FEATURES_NDARO_Beta-Lactam_blaOXA-1173,blaOXA-1173
WP_2688718791_FEATURES_NDARO_Beta-Lactam_blaOXA-1175,blaOXA-1175
WP_2688718801_FEATURES_NDARO_Beta-Lactam_blaOXA-1176,blaOXA-1176
WP_2688718811_FEATURES_NDARO_Beta-Lactam_blaOXA-1177,blaOXA-1177
WP_2688718821_FEATURES_NDARO_Beta-Lactam_blaOXA-1178,blaOXA-1178
WP_2688718841_FEATURES_NDARO_Beta-Lactam_blaPDC-534,blaPDC-534
WP_2688718851_FEATURES_NDARO_Beta-Lactam_blaPDC-536,blaPDC-536
WP_2688718881_FEATURES_NDARO_Beta-Lactam_blaSHV-230,blaSHV-230
WP_2688718891_FEATURES_NDARO_Beta-Lactam_blaSHV-231,blaSHV-231
WP_2711472951_FEATURES_NDARO_Beta-Lactam_blaCTX-M-273,blaCTX-M-273
WP_2722365491_FEATURES_NDARO_Beta-Lactam_blaADC-320,blaADC-320
WP_2722472171_FEATURES_NDARO_Beta-Lactam_blaADC-307,blaADC-307
WP_2722672181_FEATURES_NDARO_Beta-Lactam_blaADC-305,blaADC-305
WP_2722737721_FEATURES_NDARO_Beta-Lactam_blaADC-316,blaADC-316
WP_2722766591_FEATURES_NDARO_Beta-Lactam_blaADC-324,blaADC-324
WP_2722846841_FEATURES_NDARO_Beta-Lactam_blaADC-319,blaADC-319
WP_2722895971_FEATURES_NDARO_Beta-Lactam_blaADC-332,blaADC-332
WP_2722905491_FEATURES_NDARO_Beta-Lactam_blaADC-314,blaADC-314
WP_2722915581_FEATURES_NDARO_Beta-Lactam_blaADC-327,blaADC-327
WP_2722916581_FEATURES_NDARO_Beta-Lactam_blaADC-322,blaADC-322
WP_2723050101_FEATURES_NDARO_Beta-Lactam_blaADC-331,blaADC-331
WP_2723070671_FEATURES_NDARO_Beta-Lactam_blaADC-304,blaADC-304
WP_2723111941_FEATURES_NDARO_Beta-Lactam_blaADC-318,blaADC-318
WP_2723129531_FEATURES_NDARO_Beta-Lactam_blaADC-329,blaADC-329
WP_2723158801_FEATURES_NDARO_Beta-Lactam_blaADC-326,blaADC-326
WP_2723218941_FEATURES_NDARO_Beta-Lactam_blaADC-333,blaADC-333
WP_2723260441_FEATURES_NDARO_Beta-Lactam_blaADC-309,blaADC-309
WP_2723332511_FEATURES_NDARO_Beta-Lactam_blaADC-313,blaADC-313
WP_2723579591_FEATURES_NDARO_Beta-Lactam_blaADC-330,blaADC-330
WP_2723591171_FEATURES_NDARO_Beta-Lactam_blaADC-323,blaADC-323
WP_2723720471_FEATURES_NDARO_Beta-Lactam_blaADC-306,blaADC-306
WP_2723894751_FEATURES_NDARO_Beta-Lactam_blaADC-317,blaADC-317
WP_2742930811_FEATURES_NDARO_Aminoglycoside_aph(2__)-Ii,aph(2'')-Ii
WP_2742930821_FEATURES_NDARO_Beta-Lactam_blaCMY-185,blaCMY-185
WP_2742930831_FEATURES_NDARO_Beta-Lactam_blaKPC-109,blaKPC-109
WP_2742930841_FEATURES_NDARO_Beta-Lactam_blaKPC-155,blaKPC-155
WP_2742930851_FEATURES_NDARO_Beta-Lactam_blaKPC-156,blaKPC-156
WP_2742930861_FEATURES_NDARO_Beta-Lactam_blaNDM-49,blaNDM-49
WP_2742930871_FEATURES_NDARO_Beta-Lactam_blaNDM-50,blaNDM-50
WP_2742930881_FEATURES_NDARO_Beta-Lactam_blaOXA-1181,blaOXA-1181
WP_2742930891_FEATURES_NDARO_Beta-Lactam_blaOXA-1182,blaOXA-1182
WP_2742930901_FEATURES_NDARO_Beta-Lactam_blaOXA-1185,blaOXA-1185
WP_2742930911_FEATURES_NDARO_Beta-Lactam_blaPDC-538,blaPDC-538
WP_2742930921_FEATURES_NDARO_Beta-Lactam_blaPDC-539,blaPDC-539
WP_2742930931_FEATURES_NDARO_Beta-Lactam_blaVIM-86,blaVIM-86
WP_2743757891_FEATURES_NDARO_Beta-Lactam_blaIND-19,blaIND-19
WP_2743757901_FEATURES_NDARO_Beta-Lactam_blaIND-18,blaIND-18
WP_2743757911_FEATURES_NDARO_Beta-Lactam_blaPDC-540,blaPDC-540
WP_2743757921_FEATURES_NDARO_Beta-Lactam_blaPDC-541,blaPDC-541
WP_2743757931_FEATURES_NDARO_Beta-Lactam_blaPDC-542,blaPDC-542
WP_2748588131_FEATURES_NDARO_Beta-Lactam_blaADC-292,blaADC-292
WP_2749450011_FEATURES_NDARO_Beta-Lactam_blaOXA-1192,blaOXA-1192
WP_2755738171_FEATURES_NDARO_Beta-Lactam_blaOXA-1215,blaOXA-1215
WP_2758027051_FEATURES_NDARO_Beta-Lactam_blaPDC-547,blaPDC-547
WP_2778570671_FEATURES_NDARO_Beta-Lactam_blaPER-17,blaPER-17
WP_2779157231_FEATURES_NDARO_Beta-Lactam_blaOXA-18,blaOXA-18
WP_2792407651_FEATURES_NDARO_Beta-Lactam_blaACT-113,blaACT-113
WP_2792407661_FEATURES_NDARO_Beta-Lactam_blaACT-117,blaACT-117
WP_2792407671_FEATURES_NDARO_Beta-Lactam_blaACT-118,blaACT-118
WP_2792407681_FEATURES_NDARO_Beta-Lactam_blaACT-119,blaACT-119
WP_2792407691_FEATURES_NDARO_Beta-Lactam_blaADC-293,blaADC-293
WP_2792407701_FEATURES_NDARO_Beta-Lactam_blaADC-294,blaADC-294
WP_2792407711_FEATURES_NDARO_Beta-Lactam_blaFONA-13,blaFONA-13
WP_2792407721_FEATURES_NDARO_Beta-Lactam_blaFONA-9,blaFONA-9
WP_2792407731_FEATURES_NDARO_Beta-Lactam_blaGES-58,blaGES-58
WP_2792407741_FEATURES_NDARO_Beta-Lactam_blaIMP-99,blaIMP-99
WP_2792407751_FEATURES_NDARO_Beta-Lactam_blaKPC-136,blaKPC-136
WP_2792407761_FEATURES_NDARO_Beta-Lactam_blaKPC-159,blaKPC-159
WP_2792407771_FEATURES_NDARO_Beta-Lactam_blaKPC-160,blaKPC-160
WP_2792407781_FEATURES_NDARO_Beta-Lactam_blaKPC-161,blaKPC-161
WP_2792407791_FEATURES_NDARO_Beta-Lactam_blaKPC-162,blaKPC-162
WP_2792407801_FEATURES_NDARO_Beta-Lactam_blaKPC-163,blaKPC-163
WP_2792407811_FEATURES_NDARO_Beta-Lactam_blaKPC-164,blaKPC-164
WP_2792407821_FEATURES_NDARO_Beta-Lactam_blaKPC-165,blaKPC-165
WP_2792407831_FEATURES_NDARO_Beta-Lactam_blaKPC-166,blaKPC-166
WP_2792407841_FEATURES_NDARO_Beta-Lactam_blaKPC-167,blaKPC-167
WP_2792407851_FEATURES_NDARO_Beta-Lactam_blaNDM-51,blaNDM-51
WP_2792407861_FEATURES_NDARO_Beta-Lactam_blaNDM-52,blaNDM-52
WP_2792407871_FEATURES_NDARO_Beta-Lactam_blaNDM-53,blaNDM-53
WP_2792407881_FEATURES_NDARO_Beta-Lactam_blaNDM-54,blaNDM-54
WP_2792407891_FEATURES_NDARO_Beta-Lactam_blaNDM-55,blaNDM-55
WP_2792407901_FEATURES_NDARO_Beta-Lactam_blaOXA-1088,blaOXA-1088
WP_2792407911_FEATURES_NDARO_Beta-Lactam_blaOXA-1109,blaOXA-1109
WP_2792407921_FEATURES_NDARO_Beta-Lactam_blaOXA-1111,blaOXA-1111
WP_2792407931_FEATURES_NDARO_Beta-Lactam_blaOXA-1113,blaOXA-1113
WP_2792407941_FEATURES_NDARO_Beta-Lactam_blaOXA-1115,blaOXA-1115
WP_2792407951_FEATURES_NDARO_Beta-Lactam_blaOXA-1116,blaOXA-1116
WP_2792407961_FEATURES_NDARO_Beta-Lactam_blaOXA-1186,blaOXA-1186
WP_2792407971_FEATURES_NDARO_Beta-Lactam_blaOXA-1187,blaOXA-1187
WP_2792407981_FEATURES_NDARO_Beta-Lactam_blaOXA-1198,blaOXA-1198
WP_2792407991_FEATURES_NDARO_Beta-Lactam_blaPDC-513,blaPDC-513
WP_2792408001_FEATURES_NDARO_Beta-Lactam_blaPDC-543,blaPDC-543
WP_2792408011_FEATURES_NDARO_Beta-Lactam_blaPDC-544,blaPDC-544
WP_2792408021_FEATURES_NDARO_Beta-Lactam_blaPDC-545,blaPDC-545
WP_2792408031_FEATURES_NDARO_Beta-Lactam_blaPDC-548,blaPDC-548
WP_2792408041_FEATURES_NDARO_Beta-Lactam_blaPDC-549,blaPDC-549
WP_2792408051_FEATURES_NDARO_Beta-Lactam_blaPDC-550,blaPDC-550
WP_2792408061_FEATURES_NDARO_Beta-Lactam_blaPDC-551,blaPDC-551
WP_2792408071_FEATURES_NDARO_Beta-Lactam_blaPDC-552,blaPDC-552
WP_2792408081_FEATURES_NDARO_Beta-Lactam_blaRAHN-5,blaRAHN-5
WP_2792408091_FEATURES_NDARO_Beta-Lactam_blaTEM-250,blaTEM-250
WP_2793831451_FEATURES_NDARO_Beta-Lactam_blaCMH-11,blaCMH-11
WP_2793831461_FEATURES_NDARO_Beta-Lactam_blaCMH-12,blaCMH-12
WP_2793831471_FEATURES_NDARO_Beta-Lactam_blaCTX-M-260,blaCTX-M-260
WP_2799842251_FEATURES_NDARO_Beta-Lactam_blaADC-338,blaADC-338
WP_2801469981_FEATURES_NDARO_Beta-Lactam_blaNDM-57,blaNDM-57
WP_2801477321_FEATURES_NDARO_Beta-Lactam_blaAMZ-1,blaAMZ-1
WP_2809405911_FEATURES_NDARO_Beta-Lactam_blaNDM-56,blaNDM-56
WP_2810524751_FEATURES_NDARO_Colistin_mcr-49,mcr-4.9
WP_2814411441_FEATURES_NDARO_Beta-Lactam_blaOXA-1203,blaOXA-1203
WP_2814610781_FEATURES_NDARO_Beta-Lactam_blaCMY-186,blaCMY-186
WP_2836240151_FEATURES_NDARO_Beta-Lactam_blaDHA-30,blaDHA-30
WP_2844958401_FEATURES_NDARO_Beta-Lactam_blaOXA-1206,blaOXA-1206
WP_2849579731_FEATURES_NDARO_Quinolone_qnrB84,qnrB84
WP_2857982451_FEATURES_NDARO_Beta-Lactam_blaIMP-100,blaIMP-100
WP_2898117331_FEATURES_NDARO_Tetracycline_tetB(60),tetB(60)
WP_2898117341_FEATURES_NDARO_Tetracycline_tetA(60),tetA(60)
WP_2904683441_FEATURES_NDARO_Trimethoprim_dfrL,dfrL
WP_2904683451_FEATURES_NDARO_Beta-Lactam_blaADC-335,blaADC-335
WP_2904683461_FEATURES_NDARO_Beta-Lactam_blaCTX-M-262,blaCTX-M-262
WP_2904683471_FEATURES_NDARO_Beta-Lactam_blaCTX-M-263,blaCTX-M-263
WP_2904683481_FEATURES_NDARO_Beta-Lactam_blaCTX-M-264,blaCTX-M-264
WP_2904683491_FEATURES_NDARO_Beta-Lactam_blaCTX-M-265,blaCTX-M-265
WP_2904683501_FEATURES_NDARO_Beta-Lactam_blaGES-59,blaGES-59
WP_2904683511_FEATURES_NDARO_Beta-Lactam_blaKPC-124,blaKPC-124
WP_2904683521_FEATURES_NDARO_Beta-Lactam_blaKPC-129,blaKPC-129
WP_2904683531_FEATURES_NDARO_Beta-Lactam_blaKPC-178,blaKPC-178
WP_2904683541_FEATURES_NDARO_Beta-Lactam_blaKPC-179,blaKPC-179
WP_2904683551_FEATURES_NDARO_Beta-Lactam_blaKPC-180,blaKPC-180
WP_2904683561_FEATURES_NDARO_Beta-Lactam_blaNDM-58,blaNDM-58
WP_2904683571_FEATURES_NDARO_Beta-Lactam_blaNDM-60,blaNDM-60
WP_2904683581_FEATURES_NDARO_Beta-Lactam_blaOXA-1200,blaOXA-1200
WP_2904683591_FEATURES_NDARO_Beta-Lactam_blaOXA-1201,blaOXA-1201
WP_2904683601_FEATURES_NDARO_Beta-Lactam_blaOXA-1202,blaOXA-1202
WP_2904683611_FEATURES_NDARO_Beta-Lactam_blaOXA-1205,blaOXA-1205
WP_2904683621_FEATURES_NDARO_Beta-Lactam_blaOXA-1207,blaOXA-1207
WP_2904683631_FEATURES_NDARO_Beta-Lactam_blaOXA-1208,blaOXA-1208
WP_2904683641_FEATURES_NDARO_Beta-Lactam_blaPDC-553,blaPDC-553
WP_2904683651_FEATURES_NDARO_Beta-Lactam_blaPSZ-1,blaPSZ-1
WP_2904683661_FEATURES_NDARO_Colistin_mcr-135,mcr-1.35
WP_3044869961_FEATURES_NDARO_Beta-Lactam_blaL1,blaL1
WP_3044869971_FEATURES_NDARO_Beta-Lactam_blaADC-337,blaADC-337
WP_3044869981_FEATURES_NDARO_Beta-Lactam_blaBIC-2,blaBIC-2
WP_3044869991_FEATURES_NDARO_Beta-Lactam_blaCTX-M-266,blaCTX-M-266
WP_3044870001_FEATURES_NDARO_Beta-Lactam_blaKPC-158,blaKPC-158
WP_3044870011_FEATURES_NDARO_Beta-Lactam_blaKPC-182,blaKPC-182
WP_3044870021_FEATURES_NDARO_Beta-Lactam_blaKPC-183,blaKPC-183
WP_3044870031_FEATURES_NDARO_Beta-Lactam_blaKPC-184,blaKPC-184
WP_3044870041_FEATURES_NDARO_Beta-Lactam_blaOXA-1211,blaOXA-1211
WP_3044870051_FEATURES_NDARO_Beta-Lactam_blaOXA-1212,blaOXA-1212
WP_3044870061_FEATURES_NDARO_Beta-Lactam_blaOXA-1213,blaOXA-1213
WP_3044870071_FEATURES_NDARO_Beta-Lactam_blaPDC-554,blaPDC-554
WP_3044870081_FEATURES_NDARO_Beta-Lactam_blaPDC-555,blaPDC-555
WP_3044870091_FEATURES_NDARO_Beta-Lactam_blaPDC-556,blaPDC-556
WP_3044870101_FEATURES_NDARO_Beta-Lactam_blaPDC-557,blaPDC-557
WP_3044870111_FEATURES_NDARO_Beta-Lactam_blaPDC-558,blaPDC-558
WP_3044870121_FEATURES_NDARO_Beta-Lactam_blaPDC-559,blaPDC-559
WP_3044870131_FEATURES_NDARO_Beta-Lactam_blaPDC-560,blaPDC-560
WP_3044870141_FEATURES_NDARO_Beta-Lactam_blaPDC-561,blaPDC-561
WP_3044870151_FEATURES_NDARO_Beta-Lactam_blaPDC-562,blaPDC-562
WP_3044870161_FEATURES_NDARO_Beta-Lactam_blaPDC-563,blaPDC-563
WP_3054498961_FEATURES_NDARO_Beta-Lactam_blaKPC-201,blaKPC-201
WP_3089263601_FEATURES_NDARO_Beta-Lactam_blaCMH-25,blaCMH-25
WP_3092588261_FEATURES_NDARO_Beta-Lactam_blaOXA-1204,blaOXA-1204
WP_3093678971_FEATURES_NDARO_Beta-Lactam_blaKPC-154,blaKPC-154
WP_3110332901_FEATURES_NDARO_Beta-Lactam_blaOCH,blaOCH
WP_3110332911_FEATURES_NDARO_Beta-Lactam_blaOCH,blaOCH
WP_3110332921_FEATURES_NDARO_Beta-Lactam_blaOCH,blaOCH
WP_3110332931_FEATURES_NDARO_Beta-Lactam_blaOCH,blaOCH
WP_3110332941_FEATURES_NDARO_Beta-Lactam_blaOCH,blaOCH
WP_3110332951_FEATURES_NDARO_Macrolide_erm(55),erm(55)
WP_3110332961_FEATURES_NDARO_Macrolide_erm(55),erm(55)
WP_3110332971_FEATURES_NDARO_Beta-Lactam_blaACT-120,blaACT-120
WP_3110332981_FEATURES_NDARO_Beta-Lactam_blaACT-121,blaACT-121
WP_3110332991_FEATURES_NDARO_Beta-Lactam_blaACT-122,blaACT-122
WP_3110333001_FEATURES_NDARO_Beta-Lactam_blaACT-123,blaACT-123
WP_3110333011_FEATURES_NDARO_Beta-Lactam_blaACT-124,blaACT-124
WP_3110333021_FEATURES_NDARO_Beta-Lactam_blaADC-339,blaADC-339
WP_3110333031_FEATURES_NDARO_Beta-Lactam_blaADC-340,blaADC-340
WP_3110333041_FEATURES_NDARO_Beta-Lactam_blaADC-341,blaADC-341
WP_3110333051_FEATURES_NDARO_Beta-Lactam_blaDHA-31,blaDHA-31
WP_3110333061_FEATURES_NDARO_Beta-Lactam_blaIMP-102,blaIMP-102
WP_3110333071_FEATURES_NDARO_Beta-Lactam_blaKPC-170,blaKPC-170
WP_3110333081_FEATURES_NDARO_Beta-Lactam_blaKPC-185,blaKPC-185
WP_3110333091_FEATURES_NDARO_Beta-Lactam_blaKPC-186,blaKPC-186
WP_3110333101_FEATURES_NDARO_Beta-Lactam_blaKPC-187,blaKPC-187
WP_3110333111_FEATURES_NDARO_Beta-Lactam_blaKPC-189,blaKPC-189
WP_3110333121_FEATURES_NDARO_Beta-Lactam_blaKPC-190,blaKPC-190
WP_3110333131_FEATURES_NDARO_Beta-Lactam_blaKPC-191,blaKPC-191
WP_3110333141_FEATURES_NDARO_Beta-Lactam_blaKPC-192,blaKPC-192
WP_3110333151_FEATURES_NDARO_Beta-Lactam_blaNDM-61,blaNDM-61
WP_3110333161_FEATURES_NDARO_Beta-Lactam_blaOXA-1214,blaOXA-1214
WP_3110333171_FEATURES_NDARO_Beta-Lactam_blaOXA-1216,blaOXA-1216
WP_3110333181_FEATURES_NDARO_Beta-Lactam_blaOXA-1217,blaOXA-1217
WP_3110333191_FEATURES_NDARO_Beta-Lactam_blaOXA-1218,blaOXA-1218
WP_3110333201_FEATURES_NDARO_Beta-Lactam_blaOXA-1219,blaOXA-1219
WP_3110333211_FEATURES_NDARO_Beta-Lactam_blaOXA-1220,blaOXA-1220
WP_3110333221_FEATURES_NDARO_Beta-Lactam_blaPDC-564,blaPDC-564
WP_3110333231_FEATURES_NDARO_Beta-Lactam_blaPDC-566,blaPDC-566
WP_3110333241_FEATURES_NDARO_Beta-Lactam_blaPDC-567,blaPDC-567
WP_3110333251_FEATURES_NDARO_Beta-Lactam_blaPDC-568,blaPDC-568
WP_3110333261_FEATURES_NDARO_Beta-Lactam_blaPDC-569,blaPDC-569
WP_3110333271_FEATURES_NDARO_Beta-Lactam_blaPDC-570,blaPDC-570
WP_3110333281_FEATURES_NDARO_Beta-Lactam_blaPDC-571,blaPDC-571
WP_3110333291_FEATURES_NDARO_Beta-Lactam_blaPDC-573,blaPDC-573
WP_3110333301_FEATURES_NDARO_Beta-Lactam_blaPDC-574,blaPDC-574
WP_3110333311_FEATURES_NDARO_Beta-Lactam_blaPDC-575,blaPDC-575
WP_3110333321_FEATURES_NDARO_Colistin_mcr-136,mcr-1.36
WP_3110333331_FEATURES_NDARO_Colistin_mcr-48,mcr-4.8
WP_3110333341_FEATURES_NDARO_Colistin_mcr-55,mcr-5.5
WP_3110559361_FEATURES_NDARO_Beta-Lactam_blaOXA-1247,blaOXA-1247
WP_3119179631_FEATURES_NDARO_Beta-Lactam_blaOXA-1258,blaOXA-1258
WP_3164723021_FEATURES_NDARO_Beta-Lactam_blaKPC-197,blaKPC-197
WP_3182455371_FEATURES_NDARO_Aminoglycoside_aac(6_)-D42,aac(6')-D42
WP_3182455381_FEATURES_NDARO_Aminoglycoside_aac(6_)_E449,aac(6')_E449
WP_3182455391_FEATURES_NDARO_Aminoglycoside_aac(6_)_E553,aac(6')_E553
WP_3182455401_FEATURES_NDARO_Aminoglycoside_aac(6_)_E64,aac(6')_E64
WP_3182455411_FEATURES_NDARO_Aminoglycoside_aac(6_)-F309,aac(6')-F309
WP_3182455421_FEATURES_NDARO_Aminoglycoside_aph(3_)-H510,aph(3')-H510
WP_3182455431_FEATURES_NDARO_Beta-Lactam_blaCAM-2,blaCAM-2
WP_3182455441_FEATURES_NDARO_Beta-Lactam_blaCTX-M-268,blaCTX-M-268
WP_3182455451_FEATURES_NDARO_Beta-Lactam_blaCTX-M-269,blaCTX-M-269
WP_3182455461_FEATURES_NDARO_Beta-Lactam_blaDHA-33,blaDHA-33
WP_3182455471_FEATURES_NDARO_Beta-Lactam_blaKPC-137,blaKPC-137
WP_3182455481_FEATURES_NDARO_Beta-Lactam_blaKPC-168,blaKPC-168
WP_3182455491_FEATURES_NDARO_Beta-Lactam_blaKPC-176,blaKPC-176
WP_3182455501_FEATURES_NDARO_Beta-Lactam_blaKPC-193,blaKPC-193
WP_3182455511_FEATURES_NDARO_Beta-Lactam_blaKPC-194,blaKPC-194
WP_3182455521_FEATURES_NDARO_Beta-Lactam_blaKPC-195,blaKPC-195
WP_3182455531_FEATURES_NDARO_Beta-Lactam_blaKPC-196,blaKPC-196
WP_3182455541_FEATURES_NDARO_Beta-Lactam_blaOXA-1223,blaOXA-1223
WP_3182455551_FEATURES_NDARO_Trimethoprim_dfrB11,dfrB11
WP_3198616261_FEATURES_NDARO_Beta-Lactam_blaIMP-50,blaIMP-50
WP_3198773461_FEATURES_NDARO_Beta-Lactam_blaIMI-10,blaIMI-10
WP_3207009151_FEATURES_NDARO_Beta-Lactam_blaACT-163,blaACT-163
WP_3207243231_FEATURES_NDARO_Beta-Lactam_blaACT-164,blaACT-164
WP_3207343261_FEATURES_NDARO_Beta-Lactam_blaIMI-25,blaIMI-25
WP_3207351361_FEATURES_NDARO_Beta-Lactam_blaIMI-26,blaIMI-26
WP_3210889851_FEATURES_NDARO_Beta-Lactam_blaOXA-1261,blaOXA-1261
WP_3210914471_FEATURES_NDARO_Beta-Lactam_blaOXA-1263,blaOXA-1263
WP_3210939501_FEATURES_NDARO_Beta-Lactam_blaOXA-1262,blaOXA-1262
WP_3210971011_FEATURES_NDARO_Beta-Lactam_blaOXA-1260,blaOXA-1260
WP_3211401361_FEATURES_NDARO_Beta-Lactam_blaKPC-203,blaKPC-203
CAB145191_FEATURES_NDARO_Streptothricin_arsC_thio,arsC_thio
WP_3219814831_FEATURES_NDARO_Beta-Lactam_blaADC-344,blaADC-344
WP_3219936191_FEATURES_NDARO_Beta-Lactam_blaADC-345,blaADC-345
WP_3222636901_FEATURES_NDARO_Beta-Lactam_blaCTX-M-270,blaCTX-M-270
WP_3228811411_FEATURES_NDARO_Beta-Lactam_blaPNC-1,blaPNC-1
WP_3229724951_FEATURES_NDARO_Beta-Lactam_blaKPC-205,blaKPC-205
WP_3235799671_FEATURES_NDARO_Beta-Lactam_blaGES-61,blaGES-61
WP_3287030541_FEATURES_NDARO_Beta-Lactam_blaADC-346,blaADC-346
WP_3287030551_FEATURES_NDARO_Beta-Lactam_blaCMY-190,blaCMY-190
WP_3287030561_FEATURES_NDARO_Beta-Lactam_blaCTX-M-247,blaCTX-M-247
WP_3287030571_FEATURES_NDARO_Beta-Lactam_blaCTX-M-249,blaCTX-M-249
WP_3287030581_FEATURES_NDARO_Beta-Lactam_blaIMP-101,blaIMP-101
WP_3287030591_FEATURES_NDARO_Beta-Lactam_blaKPC-149,blaKPC-149
WP_3287030601_FEATURES_NDARO_Beta-Lactam_blaKPC-150,blaKPC-150
WP_3287030611_FEATURES_NDARO_Beta-Lactam_blaKPC-152,blaKPC-152
WP_3287030621_FEATURES_NDARO_Beta-Lactam_blaKPC-202,blaKPC-202
WP_3287030631_FEATURES_NDARO_Beta-Lactam_blaKPC-206,blaKPC-206
WP_3287030641_FEATURES_NDARO_Beta-Lactam_blaKPC-207,blaKPC-207
WP_3287030651_FEATURES_NDARO_Beta-Lactam_blaKPC-208,blaKPC-208
WP_3287030661_FEATURES_NDARO_Beta-Lactam_blaOXA-1167,blaOXA-1167
WP_3287030671_FEATURES_NDARO_Beta-Lactam_blaOXA-1225,blaOXA-1225
WP_3287030681_FEATURES_NDARO_Beta-Lactam_blaPDC-577,blaPDC-577
WP_3287030691_FEATURES_NDARO_Beta-Lactam_blaPDC-578,blaPDC-578
WP_3287030701_FEATURES_NDARO_Beta-Lactam_blaPDC-579,blaPDC-579
WP_3287030711_FEATURES_NDARO_Beta-Lactam_blaPDC-580,blaPDC-580
WP_3287030721_FEATURES_NDARO_Beta-Lactam_blaPDC-581,blaPDC-581
WP_3287030731_FEATURES_NDARO_Beta-Lactam_blaSHV-233,blaSHV-233
WP_3287030741_FEATURES_NDARO_Beta-Lactam_blaSHV-234,blaSHV-234
WP_3287030751_FEATURES_NDARO_Beta-Lactam_blaSHV-235,blaSHV-235
WP_3287030761_FEATURES_NDARO_Beta-Lactam_blaSHV-236,blaSHV-236
WP_3287030771_FEATURES_NDARO_Beta-Lactam_blaSHV-237,blaSHV-237
WP_3287030781_FEATURES_NDARO_Beta-Lactam_blaSHV-238,blaSHV-238
WP_3287030791_FEATURES_NDARO_Beta-Lactam_blaSHV-239,blaSHV-239
WP_3287030801_FEATURES_NDARO_Beta-Lactam_blaSHV-241,blaSHV-241
WP_3287030811_FEATURES_NDARO_Beta-Lactam_blaSHV-243,blaSHV-243
WP_3287030821_FEATURES_NDARO_Beta-Lactam_blaVEB-33,blaVEB-33
WP_3317062521_FEATURES_NDARO_Beta-Lactam_blaOXA-1295,blaOXA-1295
WP_3330433011_FEATURES_NDARO_Beta-Lactam_blaACT-165,blaACT-165
WP_3331691171_FEATURES_NDARO_Beta-Lactam_blaACT-166,blaACT-166
WP_3342648351_FEATURES_NDARO_Beta-Lactam_blaADC-349,blaADC-349
WP_3343777671_FEATURES_NDARO_Beta-Lactam_blaOXA-1237,blaOXA-1237
WP_3361870191_FEATURES_NDARO_Beta-Lactam_blaNDM-66,blaNDM-66
WP_3364333941_FEATURES_NDARO_Beta-Lactam_blaKPC-211,blaKPC-211
WP_3364334501_FEATURES_NDARO_Beta-Lactam_blaKPC-214,blaKPC-214
WP_3364335171_FEATURES_NDARO_Beta-Lactam_blaKPC-215,blaKPC-215
WP_3364341051_FEATURES_NDARO_Beta-Lactam_blaKPC-212,blaKPC-212
WP_3364648071_FEATURES_NDARO_Beta-Lactam_blaKPC-213,blaKPC-213
WP_3383732801_FEATURES_NDARO_Beta-Lactam_blaDYB-1,blaDYB-1
WP_3384240971_FEATURES_NDARO_Beta-Lactam_blaADC-351,blaADC-351
WP_3384240981_FEATURES_NDARO_Beta-Lactam_blaADC-352,blaADC-352
WP_3384240991_FEATURES_NDARO_Beta-Lactam_blaADC-353,blaADC-353
WP_3384241001_FEATURES_NDARO_Beta-Lactam_blaCMY-188,blaCMY-188
WP_3384241011_FEATURES_NDARO_Beta-Lactam_blaKHM-2,blaKHM-2
WP_3384241021_FEATURES_NDARO_Beta-Lactam_blaKPC-169,blaKPC-169
WP_3384241031_FEATURES_NDARO_Beta-Lactam_blaKPC-171,blaKPC-171
WP_3384241041_FEATURES_NDARO_Beta-Lactam_blaKPC-172,blaKPC-172
WP_3384241051_FEATURES_NDARO_Beta-Lactam_blaKPC-173,blaKPC-173
WP_3384241061_FEATURES_NDARO_Beta-Lactam_blaKPC-174,blaKPC-174
WP_3384241071_FEATURES_NDARO_Beta-Lactam_blaKPC-175,blaKPC-175
WP_3384241081_FEATURES_NDARO_Beta-Lactam_blaKPC-177,blaKPC-177
WP_3384241091_FEATURES_NDARO_Beta-Lactam_blaKPC-209,blaKPC-209
WP_3384241101_FEATURES_NDARO_Beta-Lactam_blaKPC-216,blaKPC-216
WP_3384241111_FEATURES_NDARO_Beta-Lactam_blaNDM-64,blaNDM-64
WP_3384241121_FEATURES_NDARO_Beta-Lactam_blaNDM-65,blaNDM-65
WP_3384241131_FEATURES_NDARO_Beta-Lactam_blaNDM-67,blaNDM-67
WP_3384241141_FEATURES_NDARO_Beta-Lactam_blaNDM-68,blaNDM-68
WP_3384241151_FEATURES_NDARO_Beta-Lactam_blaOXA-1226,blaOXA-1226
WP_3384241161_FEATURES_NDARO_Beta-Lactam_blaOXA-1227,blaOXA-1227
WP_3384241171_FEATURES_NDARO_Beta-Lactam_blaOXA-1228,blaOXA-1228
WP_3384241181_FEATURES_NDARO_Beta-Lactam_blaOXA-1229,blaOXA-1229
WP_3384241191_FEATURES_NDARO_Beta-Lactam_blaOXA-1230,blaOXA-1230
WP_3384241201_FEATURES_NDARO_Beta-Lactam_blaOXA-1231,blaOXA-1231
WP_3384241211_FEATURES_NDARO_Beta-Lactam_blaOXA-1232,blaOXA-1232
WP_3384241221_FEATURES_NDARO_Beta-Lactam_blaOXA-1233,blaOXA-1233
WP_3384241231_FEATURES_NDARO_Beta-Lactam_blaOXA-1234,blaOXA-1234
WP_3384241241_FEATURES_NDARO_Beta-Lactam_blaOXA-1235,blaOXA-1235
WP_3384241251_FEATURES_NDARO_Beta-Lactam_blaOXA-1236,blaOXA-1236
WP_3384241261_FEATURES_NDARO_Beta-Lactam_blaOXA-1238,blaOXA-1238
WP_3384241271_FEATURES_NDARO_Beta-Lactam_blaOXA-1239,blaOXA-1239
WP_3384241281_FEATURES_NDARO_Beta-Lactam_blaOXA-1240,blaOXA-1240
WP_3384241291_FEATURES_NDARO_Beta-Lactam_blaPDC-582,blaPDC-582
WP_3384241301_FEATURES_NDARO_Beta-Lactam_blaPDC-583,blaPDC-583
WP_3384241311_FEATURES_NDARO_Beta-Lactam_blaPDC-584,blaPDC-584
WP_3384241321_FEATURES_NDARO_Beta-Lactam_blaPDC-585,blaPDC-585
WP_3384241331_FEATURES_NDARO_Beta-Lactam_blaPDC-586,blaPDC-586
WP_3384241341_FEATURES_NDARO_Beta-Lactam_blaPDC-587,blaPDC-587
WP_3384241351_FEATURES_NDARO_Beta-Lactam_blaPDC-588,blaPDC-588
WP_3384241361_FEATURES_NDARO_Beta-Lactam_blaPDC-589,blaPDC-589
WP_3384241371_FEATURES_NDARO_Beta-Lactam_blaPDC-590,blaPDC-590
WP_3384241381_FEATURES_NDARO_Beta-Lactam_blaPDC-591,blaPDC-591
WP_3384241391_FEATURES_NDARO_Beta-Lactam_blaPDC-592,blaPDC-592
WP_3384241401_FEATURES_NDARO_Beta-Lactam_blaSED-2,blaSED-2
WP_3384241411_FEATURES_NDARO_Beta-Lactam_blaVEB-34,blaVEB-34
WP_3384241421_FEATURES_NDARO_Beta-Lactam_blaVIM-87,blaVIM-87
WP_3406388181_FEATURES_NDARO_Beta-Lactam_blaPDC-593,blaPDC-593
WP_3406388191_FEATURES_NDARO_Beta-Lactam_blaPDC-594,blaPDC-594
WP_3406388201_FEATURES_NDARO_Beta-Lactam_blaPDC-595,blaPDC-595
WP_3406388211_FEATURES_NDARO_Beta-Lactam_blaPDC-596,blaPDC-596
WP_3406388221_FEATURES_NDARO_Beta-Lactam_blaPDC-598,blaPDC-598
WP_3406388231_FEATURES_NDARO_Beta-Lactam_blaPDC-599,blaPDC-599
WP_3406388241_FEATURES_NDARO_Beta-Lactam_blaPDC-600,blaPDC-600
WP_3468190201_FEATURES_NDARO_Beta-Lactam_blaVEB-38,blaVEB-38
WP_3488665741_FEATURES_NDARO_Beta-Lactam_blaKPC-228,blaKPC-228
WP_3537981041_FEATURES_NDARO_Beta-Lactam_blaCMH-27,blaCMH-27
WP_3554106431_FEATURES_NDARO_Beta-Lactam_blaTEM-252,blaTEM-252
WP_3670865631_FEATURES_NDARO_Beta-Lactam_blaOXA-1279,blaOXA-1279
WP_3671879101_FEATURES_NDARO_Beta-Lactam_blaACT-140,blaACT-140
WP_3671879111_FEATURES_NDARO_Beta-Lactam_blaACT-167,blaACT-167
WP_3671879121_FEATURES_NDARO_Beta-Lactam_blaACT-168,blaACT-168
WP_3671879131_FEATURES_NDARO_Beta-Lactam_blaACT-169,blaACT-169
WP_3671879141_FEATURES_NDARO_Beta-Lactam_blaACT-170,blaACT-170
WP_3671879151_FEATURES_NDARO_Beta-Lactam_blaACT-171,blaACT-171
WP_3671879161_FEATURES_NDARO_Beta-Lactam_blaACT-172,blaACT-172
WP_3671879171_FEATURES_NDARO_Beta-Lactam_blaACT-173,blaACT-173
WP_3671879181_FEATURES_NDARO_Beta-Lactam_blaACT-174,blaACT-174
WP_3671879191_FEATURES_NDARO_Beta-Lactam_blaACT-175,blaACT-175
WP_3671879201_FEATURES_NDARO_Beta-Lactam_blaACT-176,blaACT-176
WP_3671879211_FEATURES_NDARO_Beta-Lactam_blaACT-177,blaACT-177
WP_3671879221_FEATURES_NDARO_Beta-Lactam_blaACT-178,blaACT-178
WP_3671879231_FEATURES_NDARO_Beta-Lactam_blaACT-179,blaACT-179
WP_3671879241_FEATURES_NDARO_Beta-Lactam_blaACT-180,blaACT-180
WP_3671879251_FEATURES_NDARO_Beta-Lactam_blaACT-181,blaACT-181
WP_3671879261_FEATURES_NDARO_Beta-Lactam_blaACT-182,blaACT-182
WP_3671879271_FEATURES_NDARO_Beta-Lactam_blaACT-183,blaACT-183
WP_3671879281_FEATURES_NDARO_Beta-Lactam_blaACT-184,blaACT-184
WP_3671879291_FEATURES_NDARO_Beta-Lactam_blaACT-185,blaACT-185
WP_3671879301_FEATURES_NDARO_Beta-Lactam_blaACT-186,blaACT-186
WP_3671879311_FEATURES_NDARO_Beta-Lactam_blaACT-187,blaACT-187
WP_3671879321_FEATURES_NDARO_Beta-Lactam_blaACT-188,blaACT-188
WP_3671879331_FEATURES_NDARO_Beta-Lactam_blaACT-189,blaACT-189
WP_3671879341_FEATURES_NDARO_Beta-Lactam_blaACT-190,blaACT-190
WP_3671879351_FEATURES_NDARO_Beta-Lactam_blaACT-191,blaACT-191
WP_3671879361_FEATURES_NDARO_Beta-Lactam_blaACT-192,blaACT-192
WP_3671879371_FEATURES_NDARO_Beta-Lactam_blaACT-193,blaACT-193
WP_3671879381_FEATURES_NDARO_Beta-Lactam_blaACT-194,blaACT-194
WP_3671879391_FEATURES_NDARO_Beta-Lactam_blaAFM-5,blaAFM-5
WP_3671879401_FEATURES_NDARO_Beta-Lactam_blaCMH-26,blaCMH-26
WP_3671879411_FEATURES_NDARO_Beta-Lactam_blaCMH-28,blaCMH-28
WP_3671879421_FEATURES_NDARO_Beta-Lactam_blaCMH-29,blaCMH-29
WP_3671879431_FEATURES_NDARO_Beta-Lactam_blaCMH-30,blaCMH-30
WP_3671879441_FEATURES_NDARO_Beta-Lactam_blaCMH-31,blaCMH-31
WP_3671879451_FEATURES_NDARO_Beta-Lactam_blaCMH-32,blaCMH-32
WP_3671879461_FEATURES_NDARO_Beta-Lactam_blaCMH-33,blaCMH-33
WP_3671879471_FEATURES_NDARO_Beta-Lactam_blaCMH-34,blaCMH-34
WP_3671879481_FEATURES_NDARO_Beta-Lactam_blaGES-60,blaGES-60
WP_3671879491_FEATURES_NDARO_Beta-Lactam_blaKPC-217,blaKPC-217
WP_3671879501_FEATURES_NDARO_Beta-Lactam_blaKPC-218,blaKPC-218
WP_3671879511_FEATURES_NDARO_Beta-Lactam_blaKPC-223,blaKPC-223
WP_3671879521_FEATURES_NDARO_Beta-Lactam_blaKPC-224,blaKPC-224
WP_3671879531_FEATURES_NDARO_Beta-Lactam_blaKPC-225,blaKPC-225
WP_3671879541_FEATURES_NDARO_Beta-Lactam_blaKPC-226,blaKPC-226
WP_3671879551_FEATURES_NDARO_Beta-Lactam_blaKPC-227,blaKPC-227
WP_3671879561_FEATURES_NDARO_Beta-Lactam_blaKPC-230,blaKPC-230
WP_3671879571_FEATURES_NDARO_Beta-Lactam_blaMIR-27,blaMIR-27
WP_3671879581_FEATURES_NDARO_Beta-Lactam_blaMIR-31,blaMIR-31
WP_3671879591_FEATURES_NDARO_Beta-Lactam_blaMIR-32,blaMIR-32
WP_3671879601_FEATURES_NDARO_Beta-Lactam_blaMIR-33,blaMIR-33
WP_3671879611_FEATURES_NDARO_Beta-Lactam_blaMIR-34,blaMIR-34
WP_3671879621_FEATURES_NDARO_Beta-Lactam_blaMIR-35,blaMIR-35
WP_3671879631_FEATURES_NDARO_Beta-Lactam_blaNDM-69,blaNDM-69
WP_3671879641_FEATURES_NDARO_Beta-Lactam_blaNDM-70,blaNDM-70
WP_3671879651_FEATURES_NDARO_Beta-Lactam_blaOXA-1241,blaOXA-1241
WP_3671879661_FEATURES_NDARO_Beta-Lactam_blaOXA-1242,blaOXA-1242
WP_3671879671_FEATURES_NDARO_Beta-Lactam_blaOXA-1243,blaOXA-1243
WP_3671879681_FEATURES_NDARO_Beta-Lactam_blaOXA-1244,blaOXA-1244
WP_3671879691_FEATURES_NDARO_Beta-Lactam_blaOXA-1248,blaOXA-1248
WP_3671879701_FEATURES_NDARO_Beta-Lactam_blaOXA-1249,blaOXA-1249
WP_3671879711_FEATURES_NDARO_Beta-Lactam_blaOXA-1251,blaOXA-1251
WP_3671879721_FEATURES_NDARO_Beta-Lactam_blaOXA-1256,blaOXA-1256
WP_3671879731_FEATURES_NDARO_Beta-Lactam_blaOXA-1257,blaOXA-1257
WP_3671879741_FEATURES_NDARO_Beta-Lactam_blaPDC-601,blaPDC-601
WP_3671879751_FEATURES_NDARO_Beta-Lactam_blaPNC-2,blaPNC-2
WP_3671879761_FEATURES_NDARO_Beta-Lactam_blaPNC-3,blaPNC-3
WP_3671879771_FEATURES_NDARO_Beta-Lactam_blaSHV-19,blaSHV-19
WP_3671879781_FEATURES_NDARO_Beta-Lactam_blaSHV-245,blaSHV-245
WP_3671879791_FEATURES_NDARO_Beta-Lactam_blaSHV-6,blaSHV-6
WP_3671879801_FEATURES_NDARO_Beta-Lactam_blaSHV-84,blaSHV-84
WP_3671879811_FEATURES_NDARO_Quinolone_qnrB99,qnrB99
WP_3671879821_FEATURES_NDARO_Quinolone_qnrE5,qnrE5
WP_3671879831_FEATURES_NDARO_Quinolone_qnrE6,qnrE6
WP_3680387321_FEATURES_NDARO_Beta-Lactam_blaPDC-602,blaPDC-602
WP_3687805981_FEATURES_NDARO_Beta-Lactam_blaGES-66,blaGES-66
WP_3694621561_FEATURES_NDARO_Quinolone_qnrB90,qnrB90
WP_3736100491_FEATURES_NDARO_Beta-Lactam_blaTEM-257,blaTEM-257
WP_3736392201_FEATURES_NDARO_Beta-Lactam_blaTEM-255,blaTEM-255
WP_3755160501_FEATURES_NDARO_Beta-Lactam_blaADC-354,blaADC-354
WP_3755160511_FEATURES_NDARO_Beta-Lactam_blaADC-355,blaADC-355
WP_3755160521_FEATURES_NDARO_Beta-Lactam_blaADC-357,blaADC-357
WP_3755160531_FEATURES_NDARO_Beta-Lactam_blaADC-358,blaADC-358
WP_3755160541_FEATURES_NDARO_Beta-Lactam_blaAXC-8,blaAXC-8
WP_3755160551_FEATURES_NDARO_Beta-Lactam_blaCTX-M-271,blaCTX-M-271
WP_3755160561_FEATURES_NDARO_Beta-Lactam_blaCTX-M-272,blaCTX-M-272
WP_3755160571_FEATURES_NDARO_Beta-Lactam_blaGES-62,blaGES-62
WP_3755160581_FEATURES_NDARO_Beta-Lactam_blaIMP-104,blaIMP-104
WP_3755160591_FEATURES_NDARO_Beta-Lactam_blaKPC-188,blaKPC-188
WP_3755160601_FEATURES_NDARO_Beta-Lactam_blaKPC-231,blaKPC-231
WP_3755160611_FEATURES_NDARO_Beta-Lactam_blaKPC-232,blaKPC-232
WP_3755160621_FEATURES_NDARO_Beta-Lactam_blaKPC-233,blaKPC-233
WP_3755160631_FEATURES_NDARO_Beta-Lactam_blaNDM-71,blaNDM-71
WP_3755160641_FEATURES_NDARO_Beta-Lactam_blaNDM-72,blaNDM-72
WP_3755160651_FEATURES_NDARO_Beta-Lactam_blaOXA-1221,blaOXA-1221
WP_3755160661_FEATURES_NDARO_Beta-Lactam_blaOXA-1265,blaOXA-1265
WP_3755160671_FEATURES_NDARO_Beta-Lactam_blaOXA-1266,blaOXA-1266
WP_3755160681_FEATURES_NDARO_Beta-Lactam_blaOXA-1277,blaOXA-1277
WP_3755160691_FEATURES_NDARO_Beta-Lactam_blaOXA-1280,blaOXA-1280
WP_3755160701_FEATURES_NDARO_Beta-Lactam_blaOXA-1282,blaOXA-1282
WP_3755160711_FEATURES_NDARO_Beta-Lactam_blaOXA-1283,blaOXA-1283
WP_3755160721_FEATURES_NDARO_Beta-Lactam_blaOXA-1291,blaOXA-1291
WP_3755160731_FEATURES_NDARO_Beta-Lactam_blaOXA-1296,blaOXA-1296
WP_3755160741_FEATURES_NDARO_Beta-Lactam_blaOXA-1297,blaOXA-1297
WP_3755160751_FEATURES_NDARO_Beta-Lactam_blaOXA-1299,blaOXA-1299
WP_3755160761_FEATURES_NDARO_Beta-Lactam_blaOXA-1300,blaOXA-1300
WP_3755160771_FEATURES_NDARO_Beta-Lactam_blaOXA-1301,blaOXA-1301
WP_3755160781_FEATURES_NDARO_Beta-Lactam_blaOXA-1302,blaOXA-1302
WP_3755160791_FEATURES_NDARO_Beta-Lactam_blaOXA-1303,blaOXA-1303
WP_3755160801_FEATURES_NDARO_Beta-Lactam_blaOXA-410,blaOXA-410
WP_3755160811_FEATURES_NDARO_Beta-Lactam_blaPDC-603,blaPDC-603
WP_3755160821_FEATURES_NDARO_Beta-Lactam_blaPDC-604,blaPDC-604
WP_3755160831_FEATURES_NDARO_Beta-Lactam_blaPDC-605,blaPDC-605
WP_3755160841_FEATURES_NDARO_Beta-Lactam_blaPDC-606,blaPDC-606
WP_3755160851_FEATURES_NDARO_Beta-Lactam_blaPDC-607,blaPDC-607
WP_3755160861_FEATURES_NDARO_Beta-Lactam_blaPDC-608,blaPDC-608
WP_3755160871_FEATURES_NDARO_Beta-Lactam_blaPDC-610,blaPDC-610
WP_3755160881_FEATURES_NDARO_Beta-Lactam_blaPDC-611,blaPDC-611
WP_3755160891_FEATURES_NDARO_Beta-Lactam_blaPDC-612,blaPDC-612
WP_3755160901_FEATURES_NDARO_Beta-Lactam_blaPDC-614,blaPDC-614
WP_3755160911_FEATURES_NDARO_Beta-Lactam_blaPDC-615,blaPDC-615
WP_3755160921_FEATURES_NDARO_Beta-Lactam_blaPDC-616,blaPDC-616
WP_3755160931_FEATURES_NDARO_Beta-Lactam_blaPDC-617,blaPDC-617
WP_3755160941_FEATURES_NDARO_Beta-Lactam_blaPDC-618,blaPDC-618
WP_3755160951_FEATURES_NDARO_Beta-Lactam_blaPDC-619,blaPDC-619
WP_3755160961_FEATURES_NDARO_Beta-Lactam_blaPDC-621,blaPDC-621
WP_3755160971_FEATURES_NDARO_Beta-Lactam_blaPDC-622,blaPDC-622
WP_3755160981_FEATURES_NDARO_Beta-Lactam_blaPDC-624,blaPDC-624
WP_3755160991_FEATURES_NDARO_Beta-Lactam_blaPDC-625,blaPDC-625
WP_3755161001_FEATURES_NDARO_Beta-Lactam_blaPDC-626,blaPDC-626
WP_3755161011_FEATURES_NDARO_Beta-Lactam_blaPDC-627,blaPDC-627
WP_3755161021_FEATURES_NDARO_Beta-Lactam_blaPDC-628,blaPDC-628
WP_3755161031_FEATURES_NDARO_Beta-Lactam_blaPDC-629,blaPDC-629
WP_3755161041_FEATURES_NDARO_Beta-Lactam_blaPDC-631,blaPDC-631
WP_3755161051_FEATURES_NDARO_Beta-Lactam_blaPDC-632,blaPDC-632
WP_3755161061_FEATURES_NDARO_Beta-Lactam_blaPDC-633,blaPDC-633
WP_3755161071_FEATURES_NDARO_Beta-Lactam_blaPDC-635,blaPDC-635
WP_3755161081_FEATURES_NDARO_Beta-Lactam_blaPDC-637,blaPDC-637
WP_3755161091_FEATURES_NDARO_Beta-Lactam_blaPDC-638,blaPDC-638
WP_3755161101_FEATURES_NDARO_Beta-Lactam_blaPDC-639,blaPDC-639
WP_3755161111_FEATURES_NDARO_Beta-Lactam_blaTEM-253,blaTEM-253
WP_3755161121_FEATURES_NDARO_Beta-Lactam_blaTEM-254,blaTEM-254
WP_3767976881_FEATURES_NDARO_Beta-Lactam_blaKPC-234,blaKPC-234
WP_3767976891_FEATURES_NDARO_Beta-Lactam_blaPDC-640,blaPDC-640
WP_3776428351_FEATURES_NDARO_Beta-Lactam_blaVIM-91,blaVIM-91
WP_3927131231_FEATURES_NDARO_Beta-Lactam_blaCMY-192,blaCMY-192
WP_3942948881_FEATURES_NDARO_Beta-Lactam_blaCMY-194,blaCMY-194
WP_3942948891_FEATURES_NDARO_Beta-Lactam_blaCMY-195,blaCMY-195
WP_3942948901_FEATURES_NDARO_Beta-Lactam_blaCMY-196,blaCMY-196
WP_3942948911_FEATURES_NDARO_Beta-Lactam_blaCMY-197,blaCMY-197
WP_3942948921_FEATURES_NDARO_Beta-Lactam_blaCMY-198,blaCMY-198
WP_3942948931_FEATURES_NDARO_Beta-Lactam_blaCMY-199,blaCMY-199
WP_3942948941_FEATURES_NDARO_Beta-Lactam_blaCTX-M-274,blaCTX-M-274
WP_3942948951_FEATURES_NDARO_Beta-Lactam_blaCTX-M-275,blaCTX-M-275
WP_3942948961_FEATURES_NDARO_Beta-Lactam_blaCTX-M-276,blaCTX-M-276
WP_3942948971_FEATURES_NDARO_Beta-Lactam_blaCTX-M-277,blaCTX-M-277
WP_3942948981_FEATURES_NDARO_Beta-Lactam_blaCTX-M-278,blaCTX-M-278
WP_3942948991_FEATURES_NDARO_Beta-Lactam_blaDHA-34,blaDHA-34
WP_3942949001_FEATURES_NDARO_Beta-Lactam_blaGES-65,blaGES-65
WP_3942949011_FEATURES_NDARO_Beta-Lactam_blaIMP-105,blaIMP-105
WP_3942949021_FEATURES_NDARO_Beta-Lactam_blaKPC-236,blaKPC-236
WP_3942949031_FEATURES_NDARO_Beta-Lactam_blaKPC-237,blaKPC-237
WP_3942949041_FEATURES_NDARO_Beta-Lactam_blaKPC-238,blaKPC-238
WP_3942949051_FEATURES_NDARO_Beta-Lactam_blaKPC-239,blaKPC-239
WP_3942949061_FEATURES_NDARO_Beta-Lactam_blaKPC-240,blaKPC-240
WP_3942949071_FEATURES_NDARO_Beta-Lactam_blaKPC-241,blaKPC-241
WP_3942949081_FEATURES_NDARO_Beta-Lactam_blaKPC-242,blaKPC-242
WP_3942949091_FEATURES_NDARO_Beta-Lactam_blaNDM-73,blaNDM-73
WP_3942949101_FEATURES_NDARO_Beta-Lactam_blaNDM-74,blaNDM-74
WP_3942949111_FEATURES_NDARO_Beta-Lactam_blaOXA-1304,blaOXA-1304
WP_3942949121_FEATURES_NDARO_Beta-Lactam_blaOXA-1305,blaOXA-1305
WP_3942949131_FEATURES_NDARO_Beta-Lactam_blaOXA-1306,blaOXA-1306
WP_3942949141_FEATURES_NDARO_Beta-Lactam_blaOXA-1307,blaOXA-1307
WP_3942949151_FEATURES_NDARO_Beta-Lactam_blaOXA-1308,blaOXA-1308
WP_3942949161_FEATURES_NDARO_Beta-Lactam_blaOXA-1309,blaOXA-1309
WP_3942949171_FEATURES_NDARO_Beta-Lactam_blaPER-18,blaPER-18
WP_3942949181_FEATURES_NDARO_Beta-Lactam_blaTEM-258,blaTEM-258
WP_3942949191_FEATURES_NDARO_Beta-Lactam_blaVEB-35,blaVEB-35
WP_3942949201_FEATURES_NDARO_Beta-Lactam_blaVEB-36,blaVEB-36
WP_3942949211_FEATURES_NDARO_Beta-Lactam_blaVEB-37,blaVEB-37
WP_3942949221_FEATURES_NDARO_Beta-Lactam_blaVEB-39,blaVEB-39
WP_3942949231_FEATURES_NDARO_Beta-Lactam_blaVIM-88,blaVIM-88
WP_3942949241_FEATURES_NDARO_Beta-Lactam_blaVIM-89,blaVIM-89
WP_3942949251_FEATURES_NDARO_Beta-Lactam_blaVIM-90,blaVIM-90
WP_3951497901_FEATURES_NDARO_Beta-Lactam_blaVIM-92,blaVIM-92
WP_4052592401_FEATURES_NDARO_Beta-Lactam_blaKPC-245,blaKPC-245
WP_4089067691_FEATURES_NDARO_Beta-Lactam_blaBIM-2,blaBIM-2
WP_4089067701_FEATURES_NDARO_Beta-Lactam_blaIMP-106,blaIMP-106
WP_4089067711_FEATURES_NDARO_Beta-Lactam_blaKPC-243,blaKPC-243
WP_4089067721_FEATURES_NDARO_Beta-Lactam_blaKPC-244,blaKPC-244
WP_4089067731_FEATURES_NDARO_Beta-Lactam_blaNDM-75,blaNDM-75
WP_4089067741_FEATURES_NDARO_Beta-Lactam_blaNDM-76,blaNDM-76
WP_4089067751_FEATURES_NDARO_Beta-Lactam_blaNDM-77,blaNDM-77
WP_4089067761_FEATURES_NDARO_Beta-Lactam_blaNDM-78,blaNDM-78
WP_4089067771_FEATURES_NDARO_Beta-Lactam_blaOXA-1054,blaOXA-1054
WP_4089067781_FEATURES_NDARO_Beta-Lactam_blaOXA-1311,blaOXA-1311
WP_4089067791_FEATURES_NDARO_Beta-Lactam_blaOXA-1312,blaOXA-1312
WP_4089067801_FEATURES_NDARO_Beta-Lactam_blaOXA-1313,blaOXA-1313
WP_4089067811_FEATURES_NDARO_Beta-Lactam_blaOXA-1314,blaOXA-1314
WP_4089067821_FEATURES_NDARO_Beta-Lactam_blaOXA-1315,blaOXA-1315
WP_4089067831_FEATURES_NDARO_Beta-Lactam_blaOXA-1316,blaOXA-1316
WP_4089067841_FEATURES_NDARO_Beta-Lactam_blaOXA-1317,blaOXA-1317
WP_4089067851_FEATURES_NDARO_Beta-Lactam_blaOXA-1318,blaOXA-1318
WP_4089067861_FEATURES_NDARO_Beta-Lactam_blaOXA-1319,blaOXA-1319
WP_4089067871_FEATURES_NDARO_Beta-Lactam_blaOXA-1322,blaOXA-1322
WP_4089067881_FEATURES_NDARO_Beta-Lactam_blaPAC-2,blaPAC-2
WP_4089067891_FEATURES_NDARO_Beta-Lactam_cfiA32,cfiA32
WP_4089067901_FEATURES_NDARO_Beta-Lactam_cfiA33,cfiA33
EFF041781_FEATURES_NDARO_Efflux_emrD,emrD
EFF391471_FEATURES_NDARO_Efflux_norM-NG,norM-NG
ADO964861_FEATURES_NDARO_Efflux_hmrM,hmrM
BAC772511_FEATURES_NDARO_Efflux_sdeY,sdeY
ADZ126991_FEATURES_NDARO_Efflux_ranA,ranA
ADZ127001_FEATURES_NDARO_Efflux_ranB,ranB
CCA593151_FEATURES_NDARO_Rifamycin_helR,helR
BAA314561_FEATURES_NDARO_Efflux_norM-Vib,norM-Vib
AAY906172_FEATURES_NDARO_Efflux_emhA,emhA
AEQ935361_FEATURES_NDARO_Fluoroquinolone_crpP,crpP
EHE724601_FEATURES_NDARO_Quinolone_pmrA,pmrA
AAQ921821_FEATURES_NDARO_Efflux_emhC,emhC
CAE505411_FEATURES_NDARO_Sulfonamide_spaC,spaC
CAE505421_FEATURES_NDARO_Sulfonamide_spaB,spaB
CAE505431_FEATURES_NDARO_Sulfonamide_srtA,srtA
CAE505441_FEATURES_NDARO_Sulfonamide_spaA,spaA
BAA342991_FEATURES_NDARO_Efflux_mexX,mexX
CAA810471_FEATURES_NDARO_Efflux_mtrR,mtrR
AAA744361_FEATURES_NDARO_Efflux_mexA,mexA
WP_0000183211_FEATURES_NDARO_Aminoglycoside_aph(3_)-Ia,aph(3')-Ia
WP_0000183261_FEATURES_NDARO_Aminoglycoside_aph(3_)-Ia,aph(3')-Ia
WP_0000183291_FEATURES_NDARO_Aminoglycoside_aph(3_)-Ia,aph(3')-Ia
WP_0000183301_FEATURES_NDARO_Aminoglycoside_aph(3_)-Ia,aph(3')-Ia
WP_0000193041_FEATURES_NDARO_Trimethoprim_dfrA19,dfrA19
WP_0000270501_FEATURES_NDARO_Beta-Lactam_blaTEM-116,blaTEM-116
WP_0000270571_FEATURES_NDARO_Beta-Lactam_blaTEM-1,blaTEM-1
WP_0000270601_FEATURES_NDARO_Beta-Lactam_blaTEM-181,blaTEM-181
WP_0000270611_FEATURES_NDARO_Beta-Lactam_blaTEM-10,blaTEM-10
WP_0000310171_FEATURES_NDARO_Macrolide_mph(B),mph(B)
WP_0000344201_FEATURES_NDARO_Sulfonamide_sul3,sul3
WP_0000525121_FEATURES_NDARO_Macrolide_Streptogramin_msr(E),msr(E)
WP_0000547441_FEATURES_NDARO_Streptothricin_satA_Bant,satA_Bant
WP_0000672681_FEATURES_NDARO_Aminoglycoside_ant(9)-Ia,ant(9)-Ia
WP_0000957251_FEATURES_NDARO_Phenicol_cmlA1,cmlA1
WP_0001169061_FEATURES_NDARO_Aminoglycoside_aph(6)-Ic,aph(6)-Ic
WP_0001318861_FEATURES_NDARO_Aminoglycoside_aac(3)-VIa,aac(3)-VIa
WP_0001319351_FEATURES_NDARO_Bleomycin_ble_Tn5,ble_Tn5
WP_0001436861_FEATURES_NDARO_Phenicol_catA8,catA8
WP_0001550921_FEATURES_NDARO_Macrolide_mph(E),mph(E)
WP_0001634351_FEATURES_NDARO_Mupirocin_mupA,mupA
WP_0001757351_FEATURES_NDARO_Trimethoprim_dfrS1,dfrS1
WP_0001862371_FEATURES_NDARO_Phenicol_catB3,catB3
WP_0001963861_FEATURES_NDARO_Beta-Lactam_mecI_of_mecC,mecI_of_mecC
WP_0001966971_FEATURES_NDARO_Macrolide_mph(C),mph(C)
WP_0002141191_FEATURES_NDARO_Phenicol_floR,floR
WP_0002141211_FEATURES_NDARO_Phenicol_floR,floR
WP_0002141221_FEATURES_NDARO_Phenicol_floR,floR
WP_0002141231_FEATURES_NDARO_Phenicol_floR,floR
WP_0002141251_FEATURES_NDARO_Phenicol_floR2,floR2
WP_0002193911_FEATURES_NDARO_Macrolide_mph(A),mph(A)
WP_0002378161_FEATURES_NDARO_Rifamycin_arr-2,arr-2
WP_0002395901_FEATURES_NDARO_Beta-Lactam_blaCTX-M-15,blaCTX-M-15
WP_0002395911_FEATURES_NDARO_Beta-Lactam_blaCTX-M-32,blaCTX-M-32
WP_0002590181_FEATURES_NDARO_Sulfonamide_sul1,sul1
WP_0002590311_FEATURES_NDARO_Sulfonamide_sul1,sul1
WP_0002590321_FEATURES_NDARO_Sulfonamide_sul1,sul1
WP_0003479341_FEATURES_NDARO_Phenicol_Quinolone_oqxB,oqxB
WP_0003599861_FEATURES_NDARO_Aminoglycoside_armA,armA
WP_0003617041_FEATURES_NDARO_Quinolone_qnrVC4,qnrVC4
WP_0003617051_FEATURES_NDARO_Quinolone_qnrVC5,qnrVC5
WP_0003692141_FEATURES_NDARO_Beta-Lactam_mecI_of_mecA,mecI_of_mecA
WP_0003692161_FEATURES_NDARO_Beta-Lactam_mecI_of_mecA,mecI_of_mecA
WP_0003818021_FEATURES_NDARO_Aminoglycoside_ant(2__)-Ia,ant(2'')-Ia
WP_0003818031_FEATURES_NDARO_Aminoglycoside_ant(2__)-Ia,ant(2'')-Ia
WP_0004023471_FEATURES_NDARO_Glycopeptide_vanX-A,vanX-A
WP_0004023481_FEATURES_NDARO_Glycopeptide_vanX-A,vanX-A
WP_0004057521_FEATURES_NDARO_Aminoglycoside_aac(6_)_E606,aac(6')_E606
WP_0004122111_FEATURES_NDARO_Phenicol_catA1,catA1
WP_0004157141_FEATURES_NDARO_Quinolone_qnrVC1,qnrVC1
WP_0004175171_FEATURES_NDARO_Macrolide_mef(A),mef(A)
WP_0004175191_FEATURES_NDARO_Macrolide_mef(A),mef(A)
WP_0004203131_FEATURES_NDARO_Macrolide_Streptogramin_msr(D),msr(D)
WP_0004203171_FEATURES_NDARO_Macrolide_Streptogramin_msr(D),msr(D)
WP_0004226331_FEATURES_NDARO_Aminoglycoside_aph(3_)-VIb,aph(3')-VIb
WP_0004226361_FEATURES_NDARO_Aminoglycoside_aph(3_)-VIa,aph(3')-VIa
WP_0004388741_FEATURES_NDARO_Macrolide_Streptogramin_msr(A),msr(A)
WP_0004423731_FEATURES_NDARO_Trimethoprim_dfrB1,dfrB1
WP_0004809681_FEATURES_NDARO_Aminoglycoside_aph(6)-Id,aph(6)-Id
WP_0004809721_FEATURES_NDARO_Aminoglycoside_aph(6)-Id,aph(6)-Id
WP_0004922831_FEATURES_NDARO_Tetracycline_tet(K),tet(K)
WP_0004922841_FEATURES_NDARO_Tetracycline_tet(K),tet(K)
WP_0004978401_FEATURES_NDARO_Beta-Lactam_blaIII,blaIII
WP_0005035731_FEATURES_NDARO_Aminoglycoside_aadA5,aadA5
WP_0005035741_FEATURES_NDARO_Aminoglycoside_aadA5,aadA5
WP_0005164041_FEATURES_NDARO_Glycopeptide_vanZ-A,vanZ-A
WP_0005574521_FEATURES_NDARO_Aminoglycoside_aac(3)-IIe,aac(3)-IIe
WP_0005574541_FEATURES_NDARO_Aminoglycoside_aac(3)-IId,aac(3)-IId
WP_0005710651_FEATURES_NDARO_Trimethoprim_dfrA8,dfrA8
WP_0005724051_FEATURES_NDARO_Aminoglycoside_aph(3_)-IIa,aph(3')-IIa
WP_0005867821_FEATURES_NDARO_Beta-Lactam_blaOXA-20,blaOXA-20
WP_0006161161_FEATURES_NDARO_Fosfomycin_fosD,fosD
WP_0006272901_FEATURES_NDARO_Streptothricin_sat4,sat4
WP_0006917211_FEATURES_NDARO_Tetracycline_tet(W),tet(W)
WP_0006917221_FEATURES_NDARO_Tetracycline_tet(S),tet(S)
WP_0006917271_FEATURES_NDARO_Tetracycline_tet(M),tet(M)
WP_0006917291_FEATURES_NDARO_Tetracycline_tet(M),tet(M)
WP_0006917361_FEATURES_NDARO_Tetracycline_tet(M),tet(M)
WP_0006917371_FEATURES_NDARO_Tetracycline_tet(M),tet(M)
WP_0006917411_FEATURES_NDARO_Tetracycline_tet(M),tet(M)
WP_0006917431_FEATURES_NDARO_Tetracycline_tet(M),tet(M)
WP_0006917461_FEATURES_NDARO_Tetracycline_tet(M),tet(M)
WP_0006917491_FEATURES_NDARO_Tetracycline_tet(M),tet(M)
WP_0006917591_FEATURES_NDARO_Tetracycline_tet(O),tet(O)
WP_0007006481_FEATURES_NDARO_Lincosamide_lnu(A),lnu(A)
WP_0007032461_FEATURES_NDARO_Trimethoprim_dfrA31,dfrA31
WP_0007034181_FEATURES_NDARO_Trimethoprim_dfrA7,dfrA7
WP_0007041561_FEATURES_NDARO_Streptothricin_sat2_fam,sat2_fam
WP_0007067311_FEATURES_NDARO_Beta-Lactam_blaVEB-1,blaVEB-1
WP_0007135301_FEATURES_NDARO_Beta-Lactam_blaOXA-72,blaOXA-72
WP_0007213061_FEATURES_NDARO_Beta-Lactam_mecA,mecA
WP_0007213091_FEATURES_NDARO_Beta-Lactam_mecA,mecA
WP_0007213101_FEATURES_NDARO_Beta-Lactam_mecA,mecA
WP_0007223151_FEATURES_NDARO_Beta-Lactam_blaOXA-9,blaOXA-9
WP_0007255291_FEATURES_NDARO_Beta-Lactam_mecC,mecC
WP_0007332741_FEATURES_NDARO_Beta-Lactam_blaZ,blaZ
WP_0007332751_FEATURES_NDARO_Beta-Lactam_blaZ,blaZ
WP_0007332811_FEATURES_NDARO_Beta-Lactam_blaZ,blaZ
WP_0007332831_FEATURES_NDARO_Beta-Lactam_blaPC1,blaPC1
WP_0007332851_FEATURES_NDARO_Beta-Lactam_blaZ,blaZ
WP_0007332871_FEATURES_NDARO_Beta-Lactam_blaZ,blaZ
WP_0007332891_FEATURES_NDARO_Beta-Lactam_blaZ,blaZ
WP_0007334021_FEATURES_NDARO_Beta-Lactam_blaZ-mecC,blaZ-mecC
WP_0007428141_FEATURES_NDARO_Aminoglycoside_aph(4)-Ia,aph(4)-Ia
WP_0007772011_FEATURES_NDARO_Fosfomycin_fosLL,fosLL
WP_0007775541_FEATURES_NDARO_Trimethoprim_dfrA1,dfrA1
WP_0007775551_FEATURES_NDARO_Trimethoprim_dfrA1,dfrA1
WP_0007781801_FEATURES_NDARO_Beta-Lactam_varG,varG
WP_0007818121_FEATURES_NDARO_Trimethoprim_dfrA51,dfrA51
WP_0007992231_FEATURES_NDARO_Beta-Lactam_BcII,BcII
WP_0007992271_FEATURES_NDARO_Beta-Lactam_BcII,BcII
WP_0007992321_FEATURES_NDARO_Beta-Lactam_BcII,BcII
WP_0008006891_FEATURES_NDARO_Phenicol_catB11,catB11
WP_0008040631_FEATURES_NDARO_Tetracycline_tet(A),tet(A)
WP_0008040641_FEATURES_NDARO_Tetracycline_tet(A),tet(A)
WP_0008062421_FEATURES_NDARO_Colistin_almF,almF
WP_0008108331_FEATURES_NDARO_Lincosamide_Macrolide_erm(A),erm(A)
WP_0008414461_FEATURES_NDARO_Tetracycline_tet(C),tet(C)
WP_0008414481_FEATURES_NDARO_Tetracycline_tet(C),tet(C)
WP_0008463901_FEATURES_NDARO_Beta-Lactam_blaOXA-10,blaOXA-10
WP_0008540091_FEATURES_NDARO_Beta-Lactam_blaOXA-235,blaOXA-235
WP_0008540101_FEATURES_NDARO_Beta-Lactam_blaOXA-237,blaOXA-237
WP_0008555371_FEATURES_NDARO_FusidicAcid_fusB,fusB
WP_0008557691_FEATURES_NDARO_Aminoglycoside_rmtC,rmtC
WP_0008687951_FEATURES_NDARO_Trimethoprim_dfrG,dfrG
WP_0009202391_FEATURES_NDARO_Fosfomycin_fosB_gen,fosB_gen
WP_0009389871_FEATURES_NDARO_Fosfomycin_fosB2,fosB2
WP_0009397271_FEATURES_NDARO_Lincosamide_lnu(F),lnu(F)
WP_0009419331_FEATURES_NDARO_Fosfomycin_fosA75,fosA7.5
WP_0009419341_FEATURES_NDARO_Fosfomycin_fosA7,fosA7
WP_0009419351_FEATURES_NDARO_Fosfomycin_fosA72,fosA7.2
WP_0009437631_FEATURES_NDARO_Fosfomycin_fosBx1,fosBx1
WP_0009437721_FEATURES_NDARO_Fosfomycin_fosBx1-fam,fosBx1-fam
WP_0009464871_FEATURES_NDARO_Sulfonamide_sul1,sul1
WP_0009495741_FEATURES_NDARO_Trimethoprim_dfrA36,dfrA36
WP_0009529231_FEATURES_NDARO_Beta-Lactam_mecR1,mecR1
WP_0009598051_FEATURES_NDARO_Aminoglycoside_aacA57-2,aacA57-2
WP_0009609761_FEATURES_NDARO_Aminoglycoside_aac(6_)-Ian,aac(6')-Ian
WP_0009765131_FEATURES_NDARO_Beta-Lactam_blaCMY-30,blaCMY-30
WP_0009765141_FEATURES_NDARO_Beta-Lactam_blaCMY-2,blaCMY-2
WP_0009765151_FEATURES_NDARO_Beta-Lactam_blaCMY-23,blaCMY-23
WP_0010032601_FEATURES_NDARO_Lincosamide_Macrolide_Streptogramin_erm(C),erm(C)
WP_0010032631_FEATURES_NDARO_Lincosamide_Macrolide_Streptogramin_erm(C),erm(C)
WP_0010032641_FEATURES_NDARO_Lincosamide_Macrolide_Streptogramin_erm(C),erm(C)
WP_0010076731_FEATURES_NDARO_Beta-Lactam_blaOXA-2,blaOXA-2
WP_0010090121_FEATURES_NDARO_Phenicol_catB9,catB9
WP_0010103871_FEATURES_NDARO_Phenicol_catA9,catA9
WP_0010105051_FEATURES_NDARO_Phenicol_Lincosamide_Oxazolidinone_Pleuromutilin_Streptogramin_cfr,cfr
WP_0010119391_FEATURES_NDARO_Phenicol_catA2,catA2
WP_0010142301_FEATURES_NDARO_Aminoglycoside_ant(4_)-Ia,ant(4')-Ia
WP_0010217741_FEATURES_NDARO_Beta-Lactam_blaOXA-856,blaOXA-856
WP_0010217751_FEATURES_NDARO_Beta-Lactam_blaOXA-68,blaOXA-68
WP_0010217761_FEATURES_NDARO_Beta-Lactam_blaOXA-91,blaOXA-91
WP_0010217771_FEATURES_NDARO_Beta-Lactam_blaOXA-98,blaOXA-98
WP_0010217781_FEATURES_NDARO_Beta-Lactam_blaOXA-317,blaOXA-317
WP_0010217791_FEATURES_NDARO_Beta-Lactam_blaOXA-69,blaOXA-69
WP_0010217801_FEATURES_NDARO_Beta-Lactam_blaOXA-208,blaOXA-208
WP_0010217811_FEATURES_NDARO_Beta-Lactam_blaOXA-90,blaOXA-90
WP_0010217821_FEATURES_NDARO_Beta-Lactam_blaOXA-65,blaOXA-65
WP_0010217831_FEATURES_NDARO_Beta-Lactam_blaOXA-180,blaOXA-180
WP_0010217841_FEATURES_NDARO_Beta-Lactam_blaOXA-259,blaOXA-259
WP_0010217851_FEATURES_NDARO_Beta-Lactam_blaOXA-71,blaOXA-71
WP_0010217861_FEATURES_NDARO_Beta-Lactam_blaOXA-113,blaOXA-113
WP_0010217871_FEATURES_NDARO_Beta-Lactam_blaOXA-312,blaOXA-312
WP_0010217881_FEATURES_NDARO_Beta-Lactam_blaOXA-64,blaOXA-64
WP_0010217891_FEATURES_NDARO_Beta-Lactam_blaOXA-402,blaOXA-402
WP_0010217921_FEATURES_NDARO_Beta-Lactam_blaOXA-66,blaOXA-66
WP_0010217931_FEATURES_NDARO_Beta-Lactam_blaOXA-82,blaOXA-82
WP_0010217941_FEATURES_NDARO_Beta-Lactam_blaOXA-109,blaOXA-109
WP_0010217951_FEATURES_NDARO_Beta-Lactam_blaOXA-100,blaOXA-100
WP_0010227561_FEATURES_NDARO_Beta-Lactam_blaOXA-242,blaOXA-242
WP_0010227571_FEATURES_NDARO_Beta-Lactam_blaOXA-976,blaOXA-976
WP_0010227581_FEATURES_NDARO_Beta-Lactam_blaOXA-223,blaOXA-223
WP_0010252921_FEATURES_NDARO_Beta-Lactam_blaOXA-75,blaOXA-75
WP_0010271191_FEATURES_NDARO_Trimethoprim_dfrA10,dfrA10
WP_0010281441_FEATURES_NDARO_Aminoglycoside_aac(6_)-Ie,aac(6')-Ie
WP_0010281441_FEATURES_NDARO_Aminoglycoside_aph(2__)-Ia,aph(2'')-Ia
WP_0010310751_FEATURES_NDARO_Trimethoprim_dfrA18,dfrA18
WP_0010316791_FEATURES_NDARO_Tetracycline_tet(59),tet(59)
WP_0010331571_FEATURES_NDARO_FusidicAcid_fusC,fusC
WP_0010387901_FEATURES_NDARO_Lincosamide_Macrolide_Streptogramin_erm(B),erm(B)
WP_0010387921_FEATURES_NDARO_Lincosamide_Macrolide_Streptogramin_erm(B),erm(B)
WP_0010387951_FEATURES_NDARO_Lincosamide_Macrolide_Streptogramin_erm(B),erm(B)
WP_0010394661_FEATURES_NDARO_Tetracycline_tet(D),tet(D)
WP_0010413721_FEATURES_NDARO_Macrolide_mphM,mphM
WP_0010432601_FEATURES_NDARO_Sulfonamide_sul2,sul2
WP_0010432651_FEATURES_NDARO_Sulfonamide_sul2,sul2
WP_0010460041_FEATURES_NDARO_Beta-Lactam_blaOXA-23,blaOXA-23
WP_0010595421_FEATURES_NDARO_Glycopeptide_vanH-A,vanH-A
WP_0010721971_FEATURES_NDARO_Lincosamide_Macrolide_erm(A),erm(A)
WP_0010722011_FEATURES_NDARO_Lincosamide_Macrolide_erm(A),erm(A)
WP_0010798451_FEATURES_NDARO_Glycopeptide_vanA,vanA
WP_0010823191_FEATURES_NDARO_Aminoglycoside_aph(3__)-Ib,aph(3'')-Ib
WP_0010837251_FEATURES_NDARO_Trimethoprim_dfrA12,dfrA12
WP_0010890641_FEATURES_NDARO_Tetracycline_tet(B),tet(B)
WP_0010890681_FEATURES_NDARO_Tetracycline_tet(B),tet(B)
WP_0010890721_FEATURES_NDARO_Tetracycline_tet(B),tet(B)
WP_0010963761_FEATURES_NDARO_Beta-Lactam_blaR1,blaR1
WP_0010963861_FEATURES_NDARO_Beta-Lactam_blaR1-2,blaR1-2
WP_0010963921_FEATURES_NDARO_Beta-Lactam_blaR1,blaR1
WP_0010968871_FEATURES_NDARO_Aminoglycoside_aph(3_)-IIIa,aph(3')-IIIa
WP_0011002891_FEATURES_NDARO_Tetracycline_tet(38),tet(38)
WP_0011002931_FEATURES_NDARO_Tetracycline_tet(38),tet(38)
WP_0011002941_FEATURES_NDARO_Tetracycline_tet(38),tet(38)
WP_0011002961_FEATURES_NDARO_Tetracycline_tet(38),tet(38)
WP_0011002991_FEATURES_NDARO_Tetracycline_tet(38),tet(38)
WP_0011003001_FEATURES_NDARO_Tetracycline_tet(38),tet(38)
WP_0011007521_FEATURES_NDARO_Beta-Lactam_blaPER-10,blaPER-10
WP_0011007531_FEATURES_NDARO_Beta-Lactam_blaPER-1,blaPER-1
WP_0011096441_FEATURES_NDARO_Aminoglycoside_aacA16,aacA16
WP_0011126241_FEATURES_NDARO_Aminoglycoside_ant(3__)-IIa,ant(3'')-IIa
WP_0011434501_FEATURES_NDARO_Trimethoprim_dfrA23,dfrA23
WP_0011597601_FEATURES_NDARO_Beta-Lactam_blaADC-79,blaADC-79
WP_0011597611_FEATURES_NDARO_Beta-Lactam_blaADC-176,blaADC-176
WP_0011991921_FEATURES_NDARO_Aminoglycoside_aac(3)-IVa,aac(3)-IVa
WP_0012063151_FEATURES_NDARO_Aminoglycoside_aadA1,aadA1
WP_0012063161_FEATURES_NDARO_Aminoglycoside_aadA1,aadA1
WP_0012063171_FEATURES_NDARO_Aminoglycoside_aadA1,aadA1
WP_0012063561_FEATURES_NDARO_Aminoglycoside_aadA2,aadA2
WP_0012095081_FEATURES_NDARO_Aminoglycoside_aadA1,aadA1
WP_0012110001_FEATURES_NDARO_Beta-Lactam_blaGES-11,blaGES-11
WP_0012111981_FEATURES_NDARO_Beta-Lactam_blaADC-241,blaADC-241
WP_0012111991_FEATURES_NDARO_Beta-Lactam_blaADC-243,blaADC-243
WP_0012112001_FEATURES_NDARO_Beta-Lactam_blaADC-249,blaADC-249
WP_0012112011_FEATURES_NDARO_Beta-Lactam_blaADC-291,blaADC-291
WP_0012112021_FEATURES_NDARO_Beta-Lactam_blaADC-302,blaADC-302
WP_0012112031_FEATURES_NDARO_Beta-Lactam_blaADC-74,blaADC-74
WP_0012112051_FEATURES_NDARO_Beta-Lactam_blaADC-11,blaADC-11
WP_0012112071_FEATURES_NDARO_Beta-Lactam_blaADC-240,blaADC-240
WP_0012112081_FEATURES_NDARO_Beta-Lactam_blaADC-175,blaADC-175
WP_0012112091_FEATURES_NDARO_Beta-Lactam_blaADC-140,blaADC-140
WP_0012112101_FEATURES_NDARO_Beta-Lactam_blaADC-185,blaADC-185
WP_0012112121_FEATURES_NDARO_Beta-Lactam_blaADC-169,blaADC-169
WP_0012112141_FEATURES_NDARO_Beta-Lactam_blaADC-144,blaADC-144
WP_0012112151_FEATURES_NDARO_Beta-Lactam_blaADC-115,blaADC-115
WP_0012112161_FEATURES_NDARO_Beta-Lactam_blaADC-82,blaADC-82
WP_0012112171_FEATURES_NDARO_Beta-Lactam_blaADC-25,blaADC-25
WP_0012112181_FEATURES_NDARO_Beta-Lactam_blaADC-30,blaADC-30
WP_0012112191_FEATURES_NDARO_Beta-Lactam_blaADC-73,blaADC-73
WP_0012112201_FEATURES_NDARO_Beta-Lactam_blaADC-33,blaADC-33
WP_0012112211_FEATURES_NDARO_Beta-Lactam_blaADC-88,blaADC-88
WP_0012112231_FEATURES_NDARO_Beta-Lactam_blaADC-31,blaADC-31
WP_0012112241_FEATURES_NDARO_Beta-Lactam_blaADC-226,blaADC-226
WP_0012112251_FEATURES_NDARO_Beta-Lactam_blaADC-303,blaADC-303
WP_0012112261_FEATURES_NDARO_Beta-Lactam_blaADC-57,blaADC-57
WP_0012112271_FEATURES_NDARO_Beta-Lactam_blaADC-158,blaADC-158
WP_0012112321_FEATURES_NDARO_Beta-Lactam_blaADC-52,blaADC-52
WP_0012112331_FEATURES_NDARO_Beta-Lactam_blaADC-152,blaADC-152
WP_0012112371_FEATURES_NDARO_Beta-Lactam_blaADC-76,blaADC-76
WP_0012112381_FEATURES_NDARO_Beta-Lactam_blaADC-26,blaADC-26
WP_0012112391_FEATURES_NDARO_Beta-Lactam_blaADC-165,blaADC-165
WP_0012425781_FEATURES_NDARO_Bleomycin_bleO,bleO
WP_0012558641_FEATURES_NDARO_Aminoglycoside_ant(6)-Ia,ant(6)-Ia
WP_0012558661_FEATURES_NDARO_Aminoglycoside_ant(6)-Ia,ant(6)-Ia
WP_0012558681_FEATURES_NDARO_Aminoglycoside_aadE,aadE
WP_0012567731_FEATURES_NDARO_Phenicol_cmlA6,cmlA6
WP_0012567761_FEATURES_NDARO_Phenicol_cmlA1,cmlA1
WP_0012578401_FEATURES_NDARO_Tetracycline_tet(G),tet(G)
WP_0012584861_FEATURES_NDARO_Aminoglycoside_str,str
WP_0012617401_FEATURES_NDARO_Aminoglycoside_aadA2,aadA2
WP_0012790621_FEATURES_NDARO_Aminoglycoside_ant(3__)-IIa,ant(3'')-IIa
WP_0012790681_FEATURES_NDARO_Aminoglycoside_ant(3__)-IIa,ant(3'')-IIa
WP_0012790731_FEATURES_NDARO_Aminoglycoside_ant(3__)-IIa,ant(3'')-IIa
WP_0012807811_FEATURES_NDARO_Glycopeptide_vanR-A,vanR-A
WP_0012846561_FEATURES_NDARO_Beta-Lactam_blaI_of_Z,blaI_of_Z
AAO181872_FEATURES_NDARO_Efflux_sdeB,sdeB
AAS553831_FEATURES_NDARO_Efflux_sdeA,sdeA
AAD280421_FEATURES_NDARO_Beta-Lactam_blaEC,blaEC
WP_0012970131_FEATURES_NDARO_Tetracycline_tet(C),tet(C)
WP_0013175071_FEATURES_NDARO_Trimethoprim_dfrA5,dfrA5
WP_0013347661_FEATURES_NDARO_Beta-Lactam_blaOXA-1,blaOXA-1
WP_0013559151_FEATURES_NDARO_Trimethoprim_dfrA15,dfrA15
WP_0013893661_FEATURES_NDARO_Trimethoprim_dfrA17,dfrA17
WP_0014246361_FEATURES_NDARO_Aminoglycoside_aadA13,aadA13
WP_0014363221_FEATURES_NDARO_Aminoglycoside_aadA7,aadA7
WP_0015166951_FEATURES_NDARO_Quinolone_qnrS1,qnrS1
WP_0015742751_FEATURES_NDARO_Tetracycline_tet(M),tet(M)
WP_0015742771_FEATURES_NDARO_Tetracycline_tet(L),tet(L)
WP_0016178651_FEATURES_NDARO_Beta-Lactam_blaCTX-M-14,blaCTX-M-14
WP_0016200951_FEATURES_NDARO_Beta-Lactam_blaSHV-1,blaSHV-1
WP_0016824411_FEATURES_NDARO_Aminoglycoside_aadA1,aadA1
WP_0016944951_FEATURES_NDARO_Phenicol_floR,floR
WP_0017478111_FEATURES_NDARO_Phenicol_floR,floR
WP_0017499841_FEATURES_NDARO_Aminoglycoside_aadA16,aadA16
WP_0017499851_FEATURES_NDARO_Trimethoprim_dfrA27,dfrA27
WP_0017499861_FEATURES_NDARO_Rifamycin_arr-3,arr-3
WP_0017499941_FEATURES_NDARO_Quinolone_qnrB6,qnrB6
WP_0017951281_FEATURES_NDARO_Aminoglycoside_ant(4_)-Ia,ant(4')-Ia
WP_0018125921_FEATURES_NDARO_Glycopeptide_vanY-A,vanY-A
WP_0018298701_FEATURES_NDARO_Lincosamide_lnu(A),lnu(A)
WP_0018301961_FEATURES_NDARO_Trimethoprim_dfrA15,dfrA15
WP_0018813651_FEATURES_NDARO_Colistin_almG,almG
WP_0019108231_FEATURES_NDARO_Aminoglycoside_aadA1,aadA1
WP_0019314741_FEATURES_NDARO_Beta-Lactam_blaCARB-2,blaCARB-2
WP_0019736701_FEATURES_NDARO_Tetracycline_tet(A),tet(A)
WP_0020024801_FEATURES_NDARO_Beta-Lactam_blaOXA-58,blaOXA-58
WP_0020221641_FEATURES_NDARO_Beta-Lactam_blaCARB-9,blaCARB-9
WP_0020331091_FEATURES_NDARO_Beta-Lactam_blaOXA-51,blaOXA-51
WP_0020468041_FEATURES_NDARO_Beta-Lactam_blaADC-167,blaADC-167
WP_0020474411_FEATURES_NDARO_Beta-Lactam_blaOXA-126,blaOXA-126
WP_0020476701_FEATURES_NDARO_Macrolide_mphL,mphL
WP_0020525711_FEATURES_NDARO_Beta-Lactam_blaADC-334,blaADC-334
WP_0020573971_FEATURES_NDARO_Beta-Lactam_blaOXA-117,blaOXA-117
WP_0020588911_FEATURES_NDARO_Beta-Lactam_blaADC-238,blaADC-238
WP_0020638841_FEATURES_NDARO_Aminoglycoside_aac(3)-IIe,aac(3)-IIe
WP_0020752621_FEATURES_NDARO_Phenicol_catB8,catB8
WP_0020894841_FEATURES_NDARO_Aminoglycoside_aac(3)-Ia,aac(3)-Ia
WP_0021187721_FEATURES_NDARO_Beta-Lactam_blaADC-18,blaADC-18
WP_0021213861_FEATURES_NDARO_Beta-Lactam_blaOXA-500,blaOXA-500
WP_0021265871_FEATURES_NDARO_Beta-Lactam_blaADC-120,blaADC-120
WP_0021335281_FEATURES_NDARO_Beta-Lactam_blaOXA-263,blaOXA-263
WP_0021577271_FEATURES_NDARO_Beta-Lactam_blaADC-117,blaADC-117
WP_0022105451_FEATURES_NDARO_Phenicol_catA1,catA1
WP_0022447961_FEATURES_NDARO_Tetracycline_tet(B),tet(B)
WP_0022897951_FEATURES_NDARO_Aminoglycoside_aacA-ENT1,aacA-ENT1
WP_0022922261_FEATURES_NDARO_Lincosamide_Macrolide_Streptogramin_erm(B),erm(B)
WP_0022935691_FEATURES_NDARO_Aminoglycoside_aacA-ENT1,aacA-ENT1
WP_0022939891_FEATURES_NDARO_Aminoglycoside_aacA-ENT1,aacA-ENT1
WP_0022945001_FEATURES_NDARO_Tetracycline_tet(L),tet(L)
WP_0022945051_FEATURES_NDARO_Aminoglycoside_ant(6)-Ia,ant(6)-Ia
WP_0022945091_FEATURES_NDARO_Aminoglycoside_spw,spw
WP_0022945131_FEATURES_NDARO_Lincosamide_Streptogramin_lsa(E),lsa(E)
WP_0022945141_FEATURES_NDARO_Lincosamide_lnu(B),lnu(B)
WP_0022957121_FEATURES_NDARO_Streptogramin_vat(D),vat(D)
WP_0023058181_FEATURES_NDARO_Glycopeptide_vanS-A,vanS-A
WP_0023143141_FEATURES_NDARO_Macrolide_Streptogramin_msr(C),msr(C)
WP_0023172661_FEATURES_NDARO_Glycopeptide_vanX-B,vanX-B
WP_0023172681_FEATURES_NDARO_Glycopeptide_vanH-B,vanH-B
WP_0023172731_FEATURES_NDARO_Glycopeptide_vanR-B,vanR-B
WP_0023218491_FEATURES_NDARO_Lincosamide_Macrolide_Streptogramin_erm(B),erm(B)
WP_0023222111_FEATURES_NDARO_Trimethoprim_dfrF,dfrF
WP_0023281741_FEATURES_NDARO_Aminoglycoside_aacA-ENT1,aacA-ENT1
WP_0023288131_FEATURES_NDARO_Streptogramin_vat(E),vat(E)
WP_0023313921_FEATURES_NDARO_Phenicol_catA7,catA7
WP_0023334961_FEATURES_NDARO_Lincosamide_lnu(G),lnu(G)
WP_0023397461_FEATURES_NDARO_Aminoglycoside_aacA-ENT1,aacA-ENT1
WP_0023450021_FEATURES_NDARO_Lincosamide_Macrolide_Streptogramin_erm(T),erm(T)
WP_0023499811_FEATURES_NDARO_Phenicol_Lincosamide_Oxazolidinone_Pleuromutilin_Streptogramin_cfr(B),cfr(B)
WP_0023522541_FEATURES_NDARO_Phenicol_catA8,catA8
WP_0023649361_FEATURES_NDARO_Tetracycline_tet(M),tet(M)
WP_0023650531_FEATURES_NDARO_Lincosamide_Streptogramin_lsa(A),lsa(A)
WP_0023686941_FEATURES_NDARO_Glycopeptide_vanW-B,vanW-B
WP_0023686951_FEATURES_NDARO_Glycopeptide_vanY-B,vanY-B
WP_0023686961_FEATURES_NDARO_Glycopeptide_vanS-B,vanS-B
WP_0023686971_FEATURES_NDARO_Glycopeptide_vanR-B,vanR-B
WP_0023739471_FEATURES_NDARO_Aminoglycoside_aacA-ENT1,aacA-ENT1
WP_0023828671_FEATURES_NDARO_Glycopeptide_vanS-B,vanS-B
WP_0023828741_FEATURES_NDARO_Glycopeptide_vanH-B,vanH-B
WP_0023871871_FEATURES_NDARO_Lincosamide_Streptogramin_lsa(A),lsa(A)
WP_0023895351_FEATURES_NDARO_Bacitracin_bcrA_Lm,bcrA_Lm
WP_0023988291_FEATURES_NDARO_Lincosamide_Streptogramin_lsa(A),lsa(A)
WP_0024033151_FEATURES_NDARO_Phenicol_catA8,catA8
WP_0024056821_FEATURES_NDARO_Phenicol_Lincosamide_Oxazolidinone_Pleuromutilin_Streptogramin_cfr(B),cfr(B)
WP_0024113221_FEATURES_NDARO_Lincosamide_Streptogramin_lsa(A),lsa(A)
WP_0024146941_FEATURES_NDARO_Tetracycline_tet(M),tet(M)
WP_0024152111_FEATURES_NDARO_Phenicol_fexB,fexB
WP_0024156381_FEATURES_NDARO_Phenicol_Oxazolidinone_poxtA,poxtA
WP_0024160701_FEATURES_NDARO_Glycopeptide_vanY-B,vanY-B
WP_0024371281_FEATURES_NDARO_Beta-Lactam_blaHER-1,blaHER-1
WP_0024377901_FEATURES_NDARO_Fosfomycin_fosB-Sepi,fosB-Sepi
WP_0024406271_FEATURES_NDARO_Lincosamide_vga(A),vga(A)
WP_0024474081_FEATURES_NDARO_Macrolide_Streptogramin_msr(A),msr(A)
WP_0024491231_FEATURES_NDARO_Lincosamide_vga(A)-LC,vga(A)-LC
WP_0024676871_FEATURES_NDARO_Fosfomycin_fosB-Sepi,fosB-Sepi
WP_0024895291_FEATURES_NDARO_Phenicol_catA7,catA7
WP_0025609981_FEATURES_NDARO_Tetracycline_tet(Q),tet(Q)
WP_0025709891_FEATURES_NDARO_Phenicol_catP,catP
WP_0025710181_FEATURES_NDARO_Macrolide_erm(52),erm(52)
WP_0025787221_FEATURES_NDARO_Aminoglycoside_aad9,aad9
WP_0025866271_FEATURES_NDARO_Tetracycline_tet(W),tet(W)
WP_0025926141_FEATURES_NDARO_Aminoglycoside_aac(6_)-Im,aac(6')-Im
WP_0025939381_FEATURES_NDARO_Glycopeptide_vanB,vanB
WP_0026020991_FEATURES_NDARO_Tetracycline_tet(32),tet(32)
WP_0026820301_FEATURES_NDARO_Lincosamide_Macrolide_Streptogramin_erm(F),erm(F)
WP_0027797521_FEATURES_NDARO_Tetracycline_tet(O),tet(O)
WP_0027832281_FEATURES_NDARO_Beta-Lactam_blaOXA-193,blaOXA-193
WP_0027857951_FEATURES_NDARO_Aminoglycoside_ant(6)-Ig,ant(6)-Ig
WP_0027880041_FEATURES_NDARO_Beta-Lactam_blaOXA-460,blaOXA-460
WP_0027913101_FEATURES_NDARO_Beta-Lactam_blaOXA-489,blaOXA-489
WP_0028123721_FEATURES_NDARO_Beta-Lactam_blaOXA-578,blaOXA-578
WP_0028246791_FEATURES_NDARO_Beta-Lactam_blaOXA-595,blaOXA-595
WP_0028377691_FEATURES_NDARO_Beta-Lactam_blaOXA-579,blaOXA-579
WP_0028575461_FEATURES_NDARO_Beta-Lactam_blaOXA-592,blaOXA-592
WP_0028720361_FEATURES_NDARO_Beta-Lactam_blaOXA-61,blaOXA-61
WP_0028721631_FEATURES_NDARO_Tetracycline_tet(O_M_O),tet(O/M/O)
WP_0028724051_FEATURES_NDARO_Beta-Lactam_blaOXA-184,blaOXA-184
WP_0028897041_FEATURES_NDARO_Beta-Lactam_blaOXA-591,blaOXA-591
WP_0028933581_FEATURES_NDARO_Beta-Lactam_blaOXA-449,blaOXA-449
WP_0029040041_FEATURES_NDARO_Beta-Lactam_blaSHV-12,blaSHV-12
WP_0029098821_FEATURES_NDARO_Tetracycline_tet(O),tet(O)
WP_0029141891_FEATURES_NDARO_Phenicol_Quinolone_oqxA,oqxA
WP_0029340811_FEATURES_NDARO_Beta-Lactam_blaOXA-447,blaOXA-447
WP_0029368771_FEATURES_NDARO_Beta-Lactam_blaOXA-623,blaOXA-623
WP_0029779891_FEATURES_NDARO_Beta-Lactam_blaCGA-1,blaCGA-1
WP_0029792821_FEATURES_NDARO_Beta-Lactam_blaCGB-1,blaCGB-1
WP_0029880501_FEATURES_NDARO_Beta-Lactam_blaTUS-1,blaTUS-1
WP_0030133181_FEATURES_NDARO_Aminoglycoside_aadS,aadS
WP_0030205371_FEATURES_NDARO_Quinolone_qnrB38,qnrB38
WP_0030233751_FEATURES_NDARO_Beta-Lactam_blaFTU-1,blaFTU-1
WP_0030822801_FEATURES_NDARO_Fosfomycin_fosA_PA1129,fosA_PA1129
WP_0030934231_FEATURES_NDARO_Beta-Lactam_blaPDC-35,blaPDC-35
WP_0030970281_FEATURES_NDARO_Beta-Lactam_blaOXA-488,blaOXA-488
WP_0030997071_FEATURES_NDARO_Beta-Lactam_blaOXA-50,blaOXA-50
WP_0031012891_FEATURES_NDARO_Beta-Lactam_blaPDC-1,blaPDC-1
WP_0031082471_FEATURES_NDARO_Beta-Lactam_blaVIM-2,blaVIM-2
WP_0031101411_FEATURES_NDARO_Beta-Lactam_blaPDC-30,blaPDC-30
WP_0031121871_FEATURES_NDARO_Beta-Lactam_blaADC-191,blaADC-191
WP_0031127091_FEATURES_NDARO_Phenicol_catB7,catB7
WP_0031130111_FEATURES_NDARO_Aminoglycoside_aph(3_)-IIb,aph(3')-IIb
WP_0031182031_FEATURES_NDARO_Beta-Lactam_blaPDC-8,blaPDC-8
WP_0031184521_FEATURES_NDARO_Beta-Lactam_blaOXA-494,blaOXA-494
WP_0031190951_FEATURES_NDARO_Beta-Lactam_blaPDC-5,blaPDC-5
WP_0031219341_FEATURES_NDARO_Beta-Lactam_blaPDC-3,blaPDC-3
WP_0031223221_FEATURES_NDARO_Beta-Lactam_blaOXA-904,blaOXA-904
WP_0031240461_FEATURES_NDARO_Beta-Lactam_blaPDC-630,blaPDC-630
WP_0031267751_FEATURES_NDARO_Glycopeptide_vanR-C,vanR-C
WP_0031267771_FEATURES_NDARO_Glycopeptide_vanT-C,vanT-C
WP_0031267791_FEATURES_NDARO_Glycopeptide_vanXY-C,vanXY-C
WP_0031323091_FEATURES_NDARO_Aminoglycoside_aph(3_)-IIb,aph(3')-IIb
WP_0031323201_FEATURES_NDARO_Beta-Lactam_blaPDC-19a,blaPDC-19a
WP_0031375701_FEATURES_NDARO_Beta-Lactam_blaPDC-34,blaPDC-34
WP_0031526941_FEATURES_NDARO_Tetracycline_toprJ1,toprJ1
WP_0031557341_FEATURES_NDARO_Aminoglycoside_aac(3)-Id,aac(3)-Id
WP_0031591911_FEATURES_NDARO_Aminoglycoside_aac(6_)-Ib4,aac(6')-Ib4
WP_0031592091_FEATURES_NDARO_Aminoglycoside_ant(2__)-Ia,ant(2'')-Ia
WP_0031595451_FEATURES_NDARO_Aminoglycoside_aac(6_)-Iae,aac(6')-Iae
WP_0031595481_FEATURES_NDARO_Beta-Lactam_blaIMP-1,blaIMP-1
WP_0031610961_FEATURES_NDARO_Beta-Lactam_blaOXA-905,blaOXA-905
WP_0031619651_FEATURES_NDARO_Beta-Lactam_blaOXA-486,blaOXA-486
WP_0031785841_FEATURES_NDARO_Beta-Lactam_blaP,blaP
WP_0031837811_FEATURES_NDARO_Lincosamide_Macrolide_Streptogramin_erm(D),erm(D)
WP_0032298621_FEATURES_NDARO_Aminoglycoside_aadK,aadK
WP_0032341441_FEATURES_NDARO_Lincosamide_Pleuromutilin_Streptogramin_vmlR,vmlR
WP_0032356471_FEATURES_NDARO_Beta-Lactam_blaBSU-1,blaBSU-1
WP_0032425461_FEATURES_NDARO_Streptothricin_satA_Bsub,satA_Bsub
WP_0032429531_FEATURES_NDARO_Tetracycline_tet(L),tet(L)
WP_0032462541_FEATURES_NDARO_Macrolide_mphK,mphK
WP_0033282401_FEATURES_NDARO_Beta-Lactam_blaBAT-1,blaBAT-1
WP_0034106771_FEATURES_NDARO_Beta-Lactam_blaC,blaC
WP_0034542421_FEATURES_NDARO_Beta-Lactam_blaPDC-374,blaPDC-374
WP_0034543251_FEATURES_NDARO_Aminoglycoside_ant(6)-Ib,ant(6)-Ib
WP_0034544081_FEATURES_NDARO_Tetracycline_tet(44),tet(44)
WP_0034796901_FEATURES_NDARO_Tetracycline_tetA(P),tetA(P)
WP_0035054021_FEATURES_NDARO_Tetracycline_tet(32),tet(32)
WP_0036354031_FEATURES_NDARO_Tetracycline_tet(56),tet(56)
WP_0036513901_FEATURES_NDARO_Beta-Lactam_blaOXA-268,blaOXA-268
WP_0036570021_FEATURES_NDARO_Beta-Lactam_blaBRO-1,blaBRO-1
WP_0036655441_FEATURES_NDARO_Beta-Lactam_blaBRO-2,blaBRO-2
WP_0036726181_FEATURES_NDARO_Tetracycline_tet(W),tet(W)
WP_0037266351_FEATURES_NDARO_Fosfomycin_fosX,fosX
WP_0038305251_FEATURES_NDARO_Beta-Lactam_blaCMY-25,blaCMY-25
WP_0038816401_FEATURES_NDARO_Aminoglycoside_aac(2_)-Ib,aac(2')-Ib
WP_0038965891_FEATURES_NDARO_Tetracycline_tet(V),tet(V)
WP_0038998801_FEATURES_NDARO_Aminoglycoside_aac(2_)-Ic,aac(2')-Ic
WP_0039004461_FEATURES_NDARO_Lincosamide_Macrolide_erm(37),erm(37)
WP_0039506821_FEATURES_NDARO_Aminoglycoside_aacA-STR-13,aacA-STR-13
WP_0039700711_FEATURES_NDARO_Sulfonamide_sul2,sul2
WP_0039702391_FEATURES_NDARO_Aminoglycoside_aph(6)-Ia,aph(6)-Ia
WP_0039714831_FEATURES_NDARO_Phenicol_cmlR,cmlR
WP_0039728301_FEATURES_NDARO_Macrolide_mgt,mgt
WP_0039728311_FEATURES_NDARO_Lincosamide_Macrolide_Streptogramin_erm(O),erm(O)
WP_0039753491_FEATURES_NDARO_Glycopeptide_vanS-Sc,vanS-Sc
WP_0040998541_FEATURES_NDARO_Beta-Lactam_blaOXY-2-4,blaOXY-2-4
WP_0041110911_FEATURES_NDARO_Beta-Lactam_blaOXY-2-11,blaOXY-2-11
WP_0041301221_FEATURES_NDARO_Beta-Lactam_blaOXY-4-1,blaOXY-4-1
WP_0041378401_FEATURES_NDARO_Beta-Lactam_blaOXY-6-4,blaOXY-6-4
WP_0041435911_FEATURES_NDARO_Beta-Lactam_blaSHV-206,blaSHV-206
WP_0041461181_FEATURES_NDARO_Fosfomycin_fosA5_fam,fosA5_fam
WP_0041493981_FEATURES_NDARO_Phenicol_Quinolone_oqxA10,oqxA10
WP_0041493991_FEATURES_NDARO_Phenicol_Quinolone_oqxB19,oqxB19
WP_0041523961_FEATURES_NDARO_Beta-Lactam_blaKPC-3,blaKPC-3
WP_0041747831_FEATURES_NDARO_Phenicol_Quinolone_oqxB5,oqxB5
WP_0041762691_FEATURES_NDARO_Beta-Lactam_blaSHV-11,blaSHV-11
WP_0041797541_FEATURES_NDARO_Beta-Lactam_blaSHV-28,blaSHV-28
WP_0041839521_FEATURES_NDARO_Beta-Lactam_blaSHV-60,blaSHV-60
WP_0041875291_FEATURES_NDARO_Trimethoprim_dfrA21,dfrA21
WP_0041975461_FEATURES_NDARO_Beta-Lactam_blaSCO-1,blaSCO-1
WP_0041992341_FEATURES_NDARO_Beta-Lactam_blaKPC-2,blaKPC-2
WP_0042011641_FEATURES_NDARO_Beta-Lactam_blaNDM-1,blaNDM-1
WP_0042011671_FEATURES_NDARO_Bleomycin_ble-MBL,ble-MBL
WP_0042012601_FEATURES_NDARO_Quinolone_qnrB9,qnrB9
WP_0042012801_FEATURES_NDARO_Trimethoprim_dfrA14,dfrA14
WP_0042059951_FEATURES_NDARO_Beta-Lactam_blaOKP-B-6,blaOKP-B-6
WP_0042069411_FEATURES_NDARO_Aminoglycoside_aphA16,aphA16
WP_0042077041_FEATURES_NDARO_Beta-Lactam_blaSGM-6,blaSGM-6
WP_0042129181_FEATURES_NDARO_Phenicol_Quinolone_oqxA11,oqxA11
WP_0042141741_FEATURES_NDARO_Fosfomycin_fosA10,fosA10
WP_0042177771_FEATURES_NDARO_Tetracycline_tet(W),tet(W)
WP_0042363861_FEATURES_NDARO_Beta-Lactam_blaDHA-1,blaDHA-1
WP_0042404551_FEATURES_NDARO_Beta-Lactam_blaDHA-13,blaDHA-13
WP_0042456211_FEATURES_NDARO_Tetracycline_tet(J),tet(J)
WP_0042879231_FEATURES_NDARO_Beta-Lactam_blaFPH-1,blaFPH-1
WP_0042938681_FEATURES_NDARO_Tetracycline_tet(Q),tet(Q)
WP_0042953241_FEATURES_NDARO_Beta-Lactam_blaOXA-347,blaOXA-347
WP_0043087831_FEATURES_NDARO_Lincosamide_lnu(AN2),lnu(AN2)
WP_0043396831_FEATURES_NDARO_Beta-Lactam_cfxA_fam,cfxA_fam
WP_0043482271_FEATURES_NDARO_Beta-Lactam_cfxA3,cfxA3
WP_0043562821_FEATURES_NDARO_Aminoglycoside_aadA4,aadA4
WP_0043657411_FEATURES_NDARO_Beta-Lactam_blaPDC-192,blaPDC-192
WP_0043849571_FEATURES_NDARO_Beta-Lactam_blaCSA-2,blaCSA-2
WP_0045249311_FEATURES_NDARO_Beta-Lactam_blaOXA-59,blaOXA-59
WP_0045472301_FEATURES_NDARO_Beta-Lactam_blaOXA-57,blaOXA-57
WP_0046323361_FEATURES_NDARO_Tetracycline_tet(M),tet(M)
WP_0046414931_FEATURES_NDARO_Beta-Lactam_blaOXA-936,blaOXA-936
WP_0046435361_FEATURES_NDARO_Beta-Lactam_blaADC-128,blaADC-128
WP_0046471191_FEATURES_NDARO_Beta-Lactam_blaOXA-283,blaOXA-283
WP_0046507391_FEATURES_NDARO_Beta-Lactam_blaOXA-296,blaOXA-296
WP_0046520491_FEATURES_NDARO_Aminoglycoside_aac(6_)-Iv,aac(6')-Iv
WP_0046572071_FEATURES_NDARO_Beta-Lactam_blaOXA-286,blaOXA-286
WP_0046703611_FEATURES_NDARO_Aminoglycoside_aacA-ACI4,aacA-ACI4
WP_0046800791_FEATURES_NDARO_Aminoglycoside_ant(3__)-IIc,ant(3'')-IIc
WP_0046835081_FEATURES_NDARO_Beta-Lactam_blaOXA-279,blaOXA-279
WP_0046974031_FEATURES_NDARO_Beta-Lactam_blaOXA-281,blaOXA-281
WP_0047002051_FEATURES_NDARO_Beta-Lactam_blaADC-133,blaADC-133
WP_0047077011_FEATURES_NDARO_Beta-Lactam_blaADC-131,blaADC-131
WP_0047128571_FEATURES_NDARO_Beta-Lactam_blaADC-119,blaADC-119
WP_0047147751_FEATURES_NDARO_Beta-Lactam_blaADC-1,blaADC-1
WP_0047152431_FEATURES_NDARO_Beta-Lactam_blaOXA-260,blaOXA-260
WP_0047252351_FEATURES_NDARO_Beta-Lactam_blaOXA-274,blaOXA-274
WP_0047289611_FEATURES_NDARO_Beta-Lactam_blaOXA-282,blaOXA-282
WP_0047295031_FEATURES_NDARO_Trimethoprim_dfrA41,dfrA41
WP_0047388851_FEATURES_NDARO_Beta-Lactam_blaOXA-120,blaOXA-120
WP_0047394871_FEATURES_NDARO_Beta-Lactam_blaADC-32,blaADC-32
WP_0047465651_FEATURES_NDARO_Beta-Lactam_blaADC-2,blaADC-2
WP_0047585881_FEATURES_NDARO_Aminoglycoside_ant(3__)-IIc,ant(3'')-IIc
WP_0047703221_FEATURES_NDARO_Aminoglycoside_aacA-ACI5,aacA-ACI5
WP_0047732761_FEATURES_NDARO_Aminoglycoside_ant(3__)-IIb,ant(3'')-IIb
WP_0047762041_FEATURES_NDARO_Beta-Lactam_blaOXA-294,blaOXA-294
WP_0047909391_FEATURES_NDARO_Beta-Lactam_blaADC-135,blaADC-135
WP_0047928101_FEATURES_NDARO_Beta-Lactam_blaOXA-305,blaOXA-305
WP_0048014331_FEATURES_NDARO_Aminoglycoside_aacA-ACI6,aacA-ACI6
WP_0048140351_FEATURES_NDARO_Beta-Lactam_blaOXA-276,blaOXA-276
WP_0048165011_FEATURES_NDARO_Beta-Lactam_blaOXA-275,blaOXA-275
WP_0048256291_FEATURES_NDARO_Beta-Lactam_blaOXA-300,blaOXA-300
WP_0048405591_FEATURES_NDARO_Beta-Lactam_blaADC-123,blaADC-123
WP_0048484991_FEATURES_NDARO_Beta-Lactam_blaOXY-5-4,blaOXY-5-4
WP_0048564551_FEATURES_NDARO_Tetracycline_tet(39),tet(39)
WP_0048575151_FEATURES_NDARO_Fosfomycin_fosA_gen,fosA_gen
WP_0048614681_FEATURES_NDARO_Aminoglycoside_aph(3_)-IX,aph(3')-IX
WP_0048623971_FEATURES_NDARO_Beta-Lactam_blaORN-1,blaORN-1
WP_0048679331_FEATURES_NDARO_Beta-Lactam_blaOXA-308,blaOXA-308
WP_0048741661_FEATURES_NDARO_Beta-Lactam_blaYEM-1,blaYEM-1
WP_0048743061_FEATURES_NDARO_Aminoglycoside_aac(6_)_Yersi,aac(6')_Yersi
WP_0048780091_FEATURES_NDARO_Beta-Lactam_blaOXA-266,blaOXA-266
WP_0048860931_FEATURES_NDARO_Beta-Lactam_blaADC-130,blaADC-130
WP_0048903211_FEATURES_NDARO_Phenicol_Quinolone_oqxA3,oqxA3
WP_0048974441_FEATURES_NDARO_Beta-Lactam_blaOXA-277,blaOXA-277
WP_0048999821_FEATURES_NDARO_Phenicol_Quinolone_oqxB17,oqxB17
WP_0049183081_FEATURES_NDARO_Aminoglycoside_aac(2_)-Ia,aac(2')-Ia
WP_0049193581_FEATURES_NDARO_Beta-Lactam_blaRAD-1,blaRAD-1
WP_0049207691_FEATURES_NDARO_Phenicol_catA3,catA3
WP_0049231341_FEATURES_NDARO_Beta-Lactam_blaADC-8,blaADC-8
WP_0049371751_FEATURES_NDARO_Aminoglycoside_aac(6_)_Serra,aac(6')_Serra
WP_0049777011_FEATURES_NDARO_Beta-Lactam_blaOXA-280,blaOXA-280
WP_0050015971_FEATURES_NDARO_Aminoglycoside_ant(3__)-IIc,ant(3'')-IIc
WP_0050113121_FEATURES_NDARO_Beta-Lactam_blaOXA-299,blaOXA-299
WP_0050254221_FEATURES_NDARO_Beta-Lactam_blaOXA-103,blaOXA-103
WP_0050345141_FEATURES_NDARO_Beta-Lactam_blaOXA-301,blaOXA-301
WP_0050391111_FEATURES_NDARO_Beta-Lactam_blaADC-129,blaADC-129
WP_0050411801_FEATURES_NDARO_Beta-Lactam_blaOXA-267,blaOXA-267
WP_0050460181_FEATURES_NDARO_Beta-Lactam_blaADC-127,blaADC-127
WP_0050474951_FEATURES_NDARO_Beta-Lactam_blaOXA-213,blaOXA-213
WP_0050628661_FEATURES_NDARO_Aminoglycoside_aac(6_)_Acine,aac(6')_Acine
WP_0050680741_FEATURES_NDARO_Beta-Lactam_blaADC-132,blaADC-132
WP_0050696091_FEATURES_NDARO_Beta-Lactam_blaOXA-273,blaOXA-273
WP_0050763201_FEATURES_NDARO_Beta-Lactam_blaOXA-272,blaOXA-272
WP_0050817641_FEATURES_NDARO_Aminoglycoside_aac(6_)-Ig,aac(6')-Ig
WP_0050871541_FEATURES_NDARO_Beta-Lactam_blaOXA-264,blaOXA-264
WP_0050886611_FEATURES_NDARO_Beta-Lactam_blaOXA-265,blaOXA-265
WP_0050910541_FEATURES_NDARO_Beta-Lactam_blaMAB,blaMAB
WP_0050911701_FEATURES_NDARO_Aminoglycoside_aacA-ACI1,aacA-ACI1
WP_0051049691_FEATURES_NDARO_Beta-Lactam_blaOXA-134,blaOXA-134
WP_0051096851_FEATURES_NDARO_Beta-Lactam_blaADC-121,blaADC-121
WP_0051110331_FEATURES_NDARO_Beta-Lactam_blaOXA-261,blaOXA-261
WP_0051200671_FEATURES_NDARO_Beta-Lactam_blaOXA-128,blaOXA-128
WP_0051232761_FEATURES_NDARO_Beta-Lactam_blaADC-122,blaADC-122
WP_0051282281_FEATURES_NDARO_Beta-Lactam_blaADC-155,blaADC-155
WP_0051311861_FEATURES_NDARO_Beta-Lactam_blaADC-125,blaADC-125
WP_0051321561_FEATURES_NDARO_Beta-Lactam_blaOXA-262,blaOXA-262
WP_0051383621_FEATURES_NDARO_Beta-Lactam_blaADC-154,blaADC-154
WP_0051392621_FEATURES_NDARO_Beta-Lactam_blaOXA-78,blaOXA-78
WP_0051450211_FEATURES_NDARO_Aminoglycoside_aacA-ACI7,aacA-ACI7
WP_0051647671_FEATURES_NDARO_Streptogramin_vat(F),vat(F)
WP_0051657801_FEATURES_NDARO_Beta-Lactam_blaA_Yent,blaA_Yent
WP_0051841971_FEATURES_NDARO_Aminoglycoside_aacA-ACI6,aacA-ACI6
WP_0051858071_FEATURES_NDARO_Beta-Lactam_blaOXA-291,blaOXA-291
WP_0051978711_FEATURES_NDARO_Aminoglycoside_aacA-ACI4,aacA-ACI4
WP_0052015591_FEATURES_NDARO_Beta-Lactam_blaOXA-288,blaOXA-288
WP_0052022381_FEATURES_NDARO_Aminoglycoside_aacA-ACI6,aacA-ACI6
WP_0052082021_FEATURES_NDARO_Aminoglycoside_aac(6_)-Iu,aac(6')-Iu
WP_0052094481_FEATURES_NDARO_Beta-Lactam_blaOXA-292,blaOXA-292
WP_0052204501_FEATURES_NDARO_Beta-Lactam_blaOXA-278,blaOXA-278
WP_0052278581_FEATURES_NDARO_Beta-Lactam_blaOXA-297,blaOXA-297
WP_0052288371_FEATURES_NDARO_Glycopeptide_vanR-C,vanR-C
WP_0052288421_FEATURES_NDARO_Glycopeptide_vanXY-c2_3,vanXY-c2/3
WP_0052288441_FEATURES_NDARO_Glycopeptide_vanC2_3,vanC2/3
WP_0052381891_FEATURES_NDARO_Beta-Lactam_blaOXA-302,blaOXA-302
WP_0052434831_FEATURES_NDARO_Aminoglycoside_aacA-ACI3,aacA-ACI3
WP_0052455371_FEATURES_NDARO_Beta-Lactam_blaOXA-284,blaOXA-284
WP_0052590421_FEATURES_NDARO_Aminoglycoside_aacA-ACI5,aacA-ACI5
WP_0052601341_FEATURES_NDARO_Beta-Lactam_blaOXA-295,blaOXA-295
WP_0052682301_FEATURES_NDARO_Beta-Lactam_blaOXA-285,blaOXA-285
WP_0052697971_FEATURES_NDARO_Aminoglycoside_aacA-ACI3,aacA-ACI3
WP_0052824621_FEATURES_NDARO_Beta-Lactam_blaOXA-298,blaOXA-298
WP_0052882461_FEATURES_NDARO_Aminoglycoside_aacA-ACI5,aacA-ACI5
WP_0052960851_FEATURES_NDARO_Aminoglycoside_aac(6_)-Iw,aac(6')-Iw
WP_0052973781_FEATURES_NDARO_Phenicol_cmx,cmx
WP_0052975181_FEATURES_NDARO_Beta-Lactam_blaOXA-306,blaOXA-306
WP_0053046171_FEATURES_NDARO_Beta-Lactam_blaOXA-304,blaOXA-304
WP_0053072181_FEATURES_NDARO_Beta-Lactam_blaADC-134,blaADC-134
WP_0053174131_FEATURES_NDARO_Beta-Lactam_blaOXA-303,blaOXA-303
WP_0053754201_FEATURES_NDARO_Beta-Lactam_blaCARB-42,blaCARB-42
WP_0053912631_FEATURES_NDARO_Beta-Lactam_blaCARB-57,blaCARB-57
WP_0054042061_FEATURES_NDARO_Beta-Lactam_blaOXA-813,blaOXA-813
WP_0054050991_FEATURES_NDARO_Beta-Lactam_blaOXA-966,blaOXA-966
WP_0054056131_FEATURES_NDARO_Beta-Lactam_blaOXA-814,blaOXA-814
WP_0054106601_FEATURES_NDARO_Aminoglycoside_aac(6_)-Iz,aac(6')-Iz
WP_0054141541_FEATURES_NDARO_Aminoglycoside_aac(6_)-Iz,aac(6')-Iz
WP_0054183701_FEATURES_NDARO_Aminoglycoside_aac(6_)-Iak,aac(6')-Iak
WP_0054597151_FEATURES_NDARO_Beta-Lactam_blaCARB-18,blaCARB-18
WP_0054757171_FEATURES_NDARO_Fosfomycin_fos-Vibrio,fos-Vibrio
WP_0054792361_FEATURES_NDARO_Beta-Lactam_blaCARB-22,blaCARB-22
WP_0054804021_FEATURES_NDARO_Tetracycline_tet(35),tet(35)
WP_0054982921_FEATURES_NDARO_Beta-Lactam_blaCARB-30,blaCARB-30
WP_0055927811_FEATURES_NDARO_Tetracycline_tet(34),tet(34)
WP_0056185231_FEATURES_NDARO_Beta-Lactam_blaROB-1,blaROB-1
WP_0057809691_FEATURES_NDARO_Beta-Lactam_cfiA14,cfiA14
WP_0057956281_FEATURES_NDARO_Beta-Lactam_cepA,cepA
WP_0058080621_FEATURES_NDARO_Beta-Lactam_cfiA,cfiA
WP_0058127731_FEATURES_NDARO_Nitroimidazole_nimE,nimE
WP_0058128251_FEATURES_NDARO_Nitroimidazole_nimJ,nimJ
WP_0058130241_FEATURES_NDARO_Glycopeptide_vanW-I,vanW-I
WP_0058163691_FEATURES_NDARO_Beta-Lactam_cepA,cepA
WP_0058215101_FEATURES_NDARO_Beta-Lactam_cfiA4,cfiA4
WP_0058261111_FEATURES_NDARO_Phenicol_catA3,catA3
WP_0058277921_FEATURES_NDARO_Beta-Lactam_cblA,cblA
WP_0058802201_FEATURES_NDARO_Aminoglycoside_aac(6_)-Iih,aac(6')-Iih
WP_0060273811_FEATURES_NDARO_Beta-Lactam_blaPEN-M,blaPEN-M
WP_0061789461_FEATURES_NDARO_Beta-Lactam_ampC_Ecan,ampC_Ecan
WP_0062488671_FEATURES_NDARO_Tetracycline_tet(H),tet(H)
WP_0062598551_FEATURES_NDARO_Beta-Lactam_blaMUS-1,blaMUS-1
WP_0062855811_FEATURES_NDARO_Glycopeptide_vanR-F,vanR-F
WP_0062855821_FEATURES_NDARO_Glycopeptide_vanS-F,vanS-F
WP_0062855841_FEATURES_NDARO_Glycopeptide_vanY-F,vanY-F
WP_0062855851_FEATURES_NDARO_Glycopeptide_vanZ-F,vanZ-F
WP_0062855861_FEATURES_NDARO_Glycopeptide_vanH-F,vanH-F
WP_0062855871_FEATURES_NDARO_Glycopeptide_vanF,vanF
WP_0062855881_FEATURES_NDARO_Glycopeptide_vanX-F,vanX-F
WP_0062862971_FEATURES_NDARO_Phenicol_catA1,catA1
WP_0063849241_FEATURES_NDARO_Beta-Lactam_blaOXA-114b,blaOXA-114b
WP_0063911971_FEATURES_NDARO_Beta-Lactam_blaOXA-243,blaOXA-243
WP_0064409941_FEATURES_NDARO_Tetracycline_tetA(P),tetA(P)
WP_0065553791_FEATURES_NDARO_Beta-Lactam_blaACI-1,blaACI-1
WP_0066843391_FEATURES_NDARO_Quinolone_qnrB39,qnrB39
WP_0067442831_FEATURES_NDARO_Tetracycline_tet(36),tet(36)
WP_0067454691_FEATURES_NDARO_Lincosamide_Macrolide_erm(35),erm(35)
WP_0067662811_FEATURES_NDARO_Beta-Lactam_blaPEN-G,blaPEN-G
WP_0072864271_FEATURES_NDARO_Lincosamide_Macrolide_Streptogramin_erm(Q),erm(Q)
WP_0074104431_FEATURES_NDARO_Lincosamide_Macrolide_Streptogramin_erm(C),erm(C)
WP_0076832321_FEATURES_NDARO_Beta-Lactam_blaSIE-1,blaSIE-1
WP_0076887921_FEATURES_NDARO_Beta-Lactam_blaSGM-3,blaSGM-3
WP_0077083391_FEATURES_NDARO_Beta-Lactam_blaSGM-5,blaSGM-5
WP_0078796791_FEATURES_NDARO_Beta-Lactam_blaOXA-919,blaOXA-919
WP_0078887611_FEATURES_NDARO_Beta-Lactam_blaCSA-1,blaCSA-1
WP_0079299401_FEATURES_NDARO_Sulfonamide_sul1,sul1
WP_0082658211_FEATURES_NDARO_Aminoglycoside_aac(6_)-Ii,aac(6')-Ii
WP_0083214451_FEATURES_NDARO_Beta-Lactam_blaCMY-65,blaCMY-65
WP_0083773601_FEATURES_NDARO_Glycopeptide_vanXY-c4,vanXY-c4
WP_0085029361_FEATURES_NDARO_Beta-Lactam_blaMIR-28,blaMIR-28
WP_0086510821_FEATURES_NDARO_Tetracycline_tet(X2),tet(X2)
WP_0086590271_FEATURES_NDARO_Beta-Lactam_cepA-49,cepA-49
WP_0088049811_FEATURES_NDARO_Beta-Lactam_blaLEN-27,blaLEN-27
WP_0088155501_FEATURES_NDARO_Beta-Lactam_blaACC-1d,blaACC-1d
WP_0089409041_FEATURES_NDARO_Aminoglycoside_aacA-ACI1,aacA-ACI1
WP_0089421581_FEATURES_NDARO_Beta-Lactam_blaOXA-214,blaOXA-214
WP_0089929501_FEATURES_NDARO_Lincosamide_lnu(I),lnu(I)
WP_0090675441_FEATURES_NDARO_Aminoglycoside_aac(6_)_Strep,aac(6')_Strep
WP_0090851881_FEATURES_NDARO_Beta-Lactam_blaCME-3,blaCME-3
WP_0090895551_FEATURES_NDARO_Beta-Lactam_blaGOB-20,blaGOB-20
WP_0092470261_FEATURES_NDARO_Tetracycline_tet(40),tet(40)
WP_0093053181_FEATURES_NDARO_Tetracycline_tet(W),tet(W)
WP_0093133291_FEATURES_NDARO_Beta-Lactam_blaPDC-12,blaPDC-12
WP_0093886581_FEATURES_NDARO_Beta-Lactam_blaOXA-1189,blaOXA-1189
WP_0093899841_FEATURES_NDARO_Beta-Lactam_blaADC-295,blaADC-295
WP_0094862511_FEATURES_NDARO_Fosfomycin_fosA5_fam,fosA5_fam
WP_0095109321_FEATURES_NDARO_Aminoglycoside_aacA-ACI5,aacA-ACI5
WP_0096526471_FEATURES_NDARO_Beta-Lactam_blaOXY-5-2,blaOXY-5-2
WP_0098214751_FEATURES_NDARO_Beta-Lactam_blaSGM-1,blaSGM-1
WP_0099019271_FEATURES_NDARO_Beta-Lactam_blaCDD-1,blaCDD-1
WP_0099503911_FEATURES_NDARO_Lincosamide_Macrolide_Streptogramin_erm(E),erm(E)
WP_0101076231_FEATURES_NDARO_Aminoglycoside_aac(6_)-III,aac(6')-III
WP_0101088171_FEATURES_NDARO_Beta-Lactam_blaPEN-J,blaPEN-J
WP_0103371331_FEATURES_NDARO_Beta-Lactam_blaSGM-7,blaSGM-7
WP_0104313791_FEATURES_NDARO_Quinolone_qnrE3,qnrE3
WP_0104465671_FEATURES_NDARO_Tetracycline_tet(B),tet(B)
WP_0104941701_FEATURES_NDARO_Fosfomycin_fos_related,fos_related
WP_0106358941_FEATURES_NDARO_Phenicol_catB8,catB8
WP_0106722561_FEATURES_NDARO_Beta-Lactam_blaOXA-1160,blaOXA-1160
WP_0106738611_FEATURES_NDARO_Beta-Lactam_blaMOX-8,blaMOX-8
WP_0107085021_FEATURES_NDARO_Aminoglycoside_aac(6_)-Im,aac(6')-Im
WP_0107110541_FEATURES_NDARO_Aminoglycoside_str,str
WP_0107207901_FEATURES_NDARO_Aminoglycoside_aac(6_)-Iid,aac(6')-Iid
WP_0107237421_FEATURES_NDARO_Aminoglycoside_aacA-ENT1,aacA-ENT1
WP_0107273621_FEATURES_NDARO_Aminoglycoside_aacA-ENT1,aacA-ENT1
WP_0107281041_FEATURES_NDARO_Aminoglycoside_aacA-ENT1,aacA-ENT1
WP_0107361571_FEATURES_NDARO_Aminoglycoside_aacA-ENT4,aacA-ENT4
WP_0107371531_FEATURES_NDARO_Aminoglycoside_aacA-ENT2,aacA-ENT2
WP_0107497571_FEATURES_NDARO_Glycopeptide_vanXY-C,vanXY-C
WP_0107504271_FEATURES_NDARO_Aminoglycoside_aac(6_)_Entco,aac(6')_Entco
WP_0107527891_FEATURES_NDARO_Aminoglycoside_aac(6_)_Entco,aac(6')_Entco
WP_0107683251_FEATURES_NDARO_Aminoglycoside_aac(6_)_Entco,aac(6')_Entco
WP_0107924671_FEATURES_NDARO_Aminoglycoside_aac(3)-Ib,aac(3)-Ib
WP_0107936181_FEATURES_NDARO_Beta-Lactam_blaOXA-847,blaOXA-847
WP_0107942581_FEATURES_NDARO_Aminoglycoside_aadA7,aadA7
WP_0107945321_FEATURES_NDARO_Aminoglycoside_aph(3__)-Ib,aph(3'')-Ib
WP_0107986071_FEATURES_NDARO_Beta-Lactam_blaLUT-1,blaLUT-1
WP_0108156831_FEATURES_NDARO_Glycopeptide_vanW-B,vanW-B
WP_0108899331_FEATURES_NDARO_Lincosamide_Macrolide_Streptogramin_erm(C),erm(C)
WP_0108901441_FEATURES_NDARO_Trimethoprim_dfrB3,dfrB3
WP_0108901561_FEATURES_NDARO_Aminoglycoside_aph(3__)-Ib,aph(3'')-Ib
WP_0108902061_FEATURES_NDARO_Sulfonamide_sul2,sul2
WP_0108902151_FEATURES_NDARO_Phenicol_cmx,cmx
WP_0108910571_FEATURES_NDARO_Tetracycline_tet(C),tet(C)
WP_0108910851_FEATURES_NDARO_Aminoglycoside_aph(3_)-Id,aph(3')-Id
WP_0108910861_FEATURES_NDARO_Streptothricin_sat3,sat3
WP_0108910901_FEATURES_NDARO_Aminoglycoside_aph(3_)-Ia,aph(3')-Ia
WP_0108911121_FEATURES_NDARO_Phenicol_catA7,catA7
WP_0108965591_FEATURES_NDARO_Lincosamide_Macrolide_Streptogramin_erm(K),erm(K)
WP_0109089541_FEATURES_NDARO_Aminoglycoside_aac(2_)-Ie,aac(2')-Ie
WP_0109263631_FEATURES_NDARO_Beta-Lactam_blaBOR-1,blaBOR-1
WP_0109736391_FEATURES_NDARO_Tetracycline_tet(30),tet(30)
WP_0109741141_FEATURES_NDARO_Phenicol_catB1,catB1
WP_0109813611_FEATURES_NDARO_Tetracycline_tet(C),tet(C)
WP_0109823151_FEATURES_NDARO_Phenicol_cpt,cpt
WP_0109896151_FEATURES_NDARO_Lincosamide_vga(G),vga(G)
WP_0109897891_FEATURES_NDARO_Fosfomycin_fosX,fosX
WP_0109918401_FEATURES_NDARO_Tetracycline_tet(33),tet(33)
WP_0109918421_FEATURES_NDARO_Aminoglycoside_aadA9,aadA9
WP_0109923711_FEATURES_NDARO_Beta-Lactam_cepA,cepA
WP_0110111131_FEATURES_NDARO_Sulfonamide_sul2,sul2
WP_0110132811_FEATURES_NDARO_Beta-Lactam_blaNPS-1,blaNPS-1
WP_0110183691_FEATURES_NDARO_Lincosamide_Macrolide_Streptogramin_erm(B),erm(B)
WP_0110291051_FEATURES_NDARO_Glycopeptide_vanR-Sc,vanR-Sc
WP_0110291071_FEATURES_NDARO_Glycopeptide_vanJ,vanJ
WP_0110291081_FEATURES_NDARO_Glycopeptide_vanK-Sc,vanK-Sc
WP_0110291091_FEATURES_NDARO_Glycopeptide_vanH-Sc,vanH-Sc
WP_0110291101_FEATURES_NDARO_Glycopeptide_vanA-Sc,vanA-Sc
WP_0110291111_FEATURES_NDARO_Glycopeptide_vanX-Sc,vanX-Sc
WP_0110397661_FEATURES_NDARO_Aminoglycoside_aph(3_)-Ia,aph(3')-Ia
WP_0110531641_FEATURES_NDARO_Beta-Lactam_bla1,bla1
WP_0110711281_FEATURES_NDARO_Beta-Lactam_blaOXA-54,blaOXA-54
WP_0110761651_FEATURES_NDARO_Tetracycline_tet(C),tet(C)
WP_0110889701_FEATURES_NDARO_Beta-Lactam_blaBJP-1,blaBJP-1
WP_0110910281_FEATURES_NDARO_Beta-Lactam_blaCTX-M-3,blaCTX-M-3
WP_0110943821_FEATURES_NDARO_Beta-Lactam_blaCAR-1,blaCAR-1
WP_0111008451_FEATURES_NDARO_Lincosamide_Macrolide_Streptogramin_erm(T),erm(T)
WP_0111130451_FEATURES_NDARO_Phenicol_catB2,catB2
WP_0111130491_FEATURES_NDARO_Aminoglycoside_aadA25,aadA25
WP_0111130711_FEATURES_NDARO_Phenicol_cmx,cmx
WP_0111169671_FEATURES_NDARO_Lincosamide_Macrolide_Streptogramin_erm(X),erm(X)
WP_0111169691_FEATURES_NDARO_Tetracycline_tetAB_A,tetAB_A
WP_0111169701_FEATURES_NDARO_Tetracycline_tetAB_B,tetAB_B
WP_0111170141_FEATURES_NDARO_Tetracycline_tet(M),tet(M)
WP_0111171971_FEATURES_NDARO_Lincosamide_Macrolide_Streptogramin_erm(T),erm(T)
WP_0111173691_FEATURES_NDARO_Beta-Lactam_blaSHV-5,blaSHV-5
WP_0111174801_FEATURES_NDARO_Lincosamide_Macrolide_Streptogramin_erm(X),erm(X)
WP_0111176181_FEATURES_NDARO_Beta-Lactam_blaCTX-M-17,blaCTX-M-17
WP_0111335471_FEATURES_NDARO_Lincosamide_Streptogramin_lsa(B),lsa(B)
WP_0111335501_FEATURES_NDARO_Lincosamide_Macrolide_erm(33),erm(33)
WP_0111529251_FEATURES_NDARO_Lincosamide_Macrolide_Streptogramin_erm(X),erm(X)
WP_0111529761_FEATURES_NDARO_Phenicol_catA1,catA1
WP_0111612171_FEATURES_NDARO_Aminoglycoside_aph(6)-Id,aph(6)-Id
WP_0111872281_FEATURES_NDARO_Tetracycline_tet(O),tet(O)
WP_0112058101_FEATURES_NDARO_Aminoglycoside_aph(3_)-Ib,aph(3')-Ib
WP_0112100711_FEATURES_NDARO_Rifamycin_rox_nf,rox_nf
WP_0112155741_FEATURES_NDARO_Aminoglycoside_aph(9)-Ia,aph(9)-Ia
WP_0112220521_FEATURES_NDARO_Beta-Lactam_blaTLA-2,blaTLA-2
WP_0112220951_FEATURES_NDARO_Aminoglycoside_aadA2,aadA2
WP_0112459291_FEATURES_NDARO_Lincosamide_Macrolide_Streptogramin_clbB,clbB
WP_0112640821_FEATURES_NDARO_Aminoglycoside_aadA14,aadA14
WP_0112661181_FEATURES_NDARO_Phenicol_floR,floR
WP_0112701261_FEATURES_NDARO_Sulfonamide_sul2,sul2
WP_0112701451_FEATURES_NDARO_Sulfonamide_sul2,sul2
WP_0112701481_FEATURES_NDARO_Aminoglycoside_aac(3)-I,aac(3)-I
WP_0112701711_FEATURES_NDARO_Beta-Lactam_bla-A,bla-A
WP_0112769181_FEATURES_NDARO_Fosfomycin_fosB1,fosB1
WP_0112769211_FEATURES_NDARO_Lincosamide_Macrolide_Streptogramin_erm(C),erm(C)
WP_0112824211_FEATURES_NDARO_Lincosamide_Macrolide_Streptogramin_erm(C),erm(C)
WP_0113037971_FEATURES_NDARO_FusidicAcid_fusD,fusD
WP_0113395811_FEATURES_NDARO_Beta-Lactam_blaRHO,blaRHO
WP_0113429461_FEATURES_NDARO_Aminoglycoside_aadA5,aadA5
WP_0113821441_FEATURES_NDARO_Lincosamide_Macrolide_Streptogramin_erm(C),erm(C)
WP_0114288791_FEATURES_NDARO_Lincosamide_lnu(A)_,lnu(A)'
WP_0114530521_FEATURES_NDARO_Sulfonamide_sul2,sul2
WP_0114530541_FEATURES_NDARO_Phenicol_floR,floR
WP_0114613021_FEATURES_NDARO_Glycopeptide_vanS-I,vanS-I
WP_0114613031_FEATURES_NDARO_Glycopeptide_vanR-I,vanR-I
WP_0114613061_FEATURES_NDARO_Glycopeptide_vanK-I,vanK-I
WP_0114683181_FEATURES_NDARO_Aminoglycoside_aac(3)-Ig,aac(3)-Ig
WP_0114952761_FEATURES_NDARO_Beta-Lactam_blaSHD-1,blaSHD-1
WP_0114975751_FEATURES_NDARO_Beta-Lactam_blaSHN-1,blaSHN-1
WP_0115262611_FEATURES_NDARO_Tetracycline_tet(W),tet(W)
WP_0115409371_FEATURES_NDARO_Aminoglycoside_aac(3)-Ii,aac(3)-Ii
WP_0115505651_FEATURES_NDARO_Beta-Lactam_blaMYX-1,blaMYX-1
WP_0115526361_FEATURES_NDARO_Phenicol_cml_Myxo,cml_Myxo
WP_0116006301_FEATURES_NDARO_Aminoglycoside_aadA11,aadA11
WP_0116389031_FEATURES_NDARO_Colistin_mcr-43,mcr-4.3
WP_0116450101_FEATURES_NDARO_Lincosamide_lnu(A),lnu(A)
WP_0116450131_FEATURES_NDARO_Lincosamide_lnu(A),lnu(A)
WP_0116450151_FEATURES_NDARO_Lincosamide_lnu(A),lnu(A)
WP_0116450171_FEATURES_NDARO_Beta-Lactam_blaTEM-2,blaTEM-2
WP_0116450181_FEATURES_NDARO_Tetracycline_tet(A),tet(A)
WP_0116593421_FEATURES_NDARO_Beta-Lactam_blaPEN-F,blaPEN-F
WP_0117079051_FEATURES_NDARO_Beta-Lactam_blaOXA-725,blaOXA-725
WP_0117269421_FEATURES_NDARO_Aminoglycoside_aac(2_)-Id,aac(2')-Id
WP_0117285091_FEATURES_NDARO_Beta-Lactam_blaS,blaS
WP_0117294431_FEATURES_NDARO_Beta-Lactam_blaE,blaE
WP_0117513531_FEATURES_NDARO_Phenicol_catA2,catA2
WP_0118162991_FEATURES_NDARO_Beta-Lactam_blaA_Yent,blaA_Yent
WP_0118608411_FEATURES_NDARO_Tetracycline_tet(M),tet(M)
WP_0118614261_FEATURES_NDARO_Lincosamide_Macrolide_Streptogramin_erm(B),erm(B)
WP_0118728491_FEATURES_NDARO_Trimethoprim_dfrI,dfrI
WP_0118827131_FEATURES_NDARO_Beta-Lactam_blaPEN-E,blaPEN-E
WP_0118992701_FEATURES_NDARO_Tetracycline_tet(E),tet(E)
WP_0119068991_FEATURES_NDARO_Phenicol_estDL136,estDL136
WP_0119311161_FEATURES_NDARO_Phenicol_floR,floR
WP_0119311191_FEATURES_NDARO_Tetracycline_tet(Y),tet(Y)
WP_0119777991_FEATURES_NDARO_Trimethoprim_dfrA4,dfrA4
WP_0119871261_FEATURES_NDARO_Phenicol_Lincosamide_Oxazolidinone_Pleuromutilin_Streptogramin_cfr-Cb,cfr-Cb
WP_0119974791_FEATURES_NDARO_Beta-Lactam_blaVIM-7,blaVIM-7
WP_0120254661_FEATURES_NDARO_Beta-Lactam_blaJOHN-1,blaJOHN-1
WP_0120450141_FEATURES_NDARO_Beta-Lactam_blaOXA-1091,blaOXA-1091
WP_0120743281_FEATURES_NDARO_Beta-Lactam_blaPDC-33,blaPDC-33
WP_0121029631_FEATURES_NDARO_Macrolide_mef(A),mef(A)
WP_0121169151_FEATURES_NDARO_Lincosamide_Macrolide_Streptogramin_clbA,clbA
WP_0121459751_FEATURES_NDARO_Beta-Lactam_blaSPR-1,blaSPR-1
WP_0122098231_FEATURES_NDARO_Tetracycline_tet(H),tet(H)
WP_0122165611_FEATURES_NDARO_Beta-Lactam_blaPEN-A1,blaPEN-A1
WP_0122184611_FEATURES_NDARO_Tetracycline_tet(L),tet(L)
WP_0122613281_FEATURES_NDARO_Beta-Lactam_BcII,BcII
WP_0122621571_FEATURES_NDARO_Beta-Lactam_blaCMY-31,blaCMY-31
WP_0122621641_FEATURES_NDARO_Beta-Lactam_blaCMY-36,blaCMY-36
WP_0122635211_FEATURES_NDARO_Mupirocin_mupA,mupA
WP_0122901011_FEATURES_NDARO_Tetracycline_tet(L),tet(L)
WP_0123007721_FEATURES_NDARO_Phenicol_cmlA5,cmlA5
WP_0123120041_FEATURES_NDARO_Sulfonamide_sul1,sul1
WP_0123728181_FEATURES_NDARO_Aminoglycoside_rmtB1,rmtB1
WP_0123728211_FEATURES_NDARO_Quinolone_qepA1,qepA1
WP_0123776481_FEATURES_NDARO_Aminoglycoside_aph(3__)-Ia,aph(3'')-Ia
WP_0123776821_FEATURES_NDARO_Aminoglycoside_aac(3)-Xa,aac(3)-Xa
WP_0124064031_FEATURES_NDARO_Phenicol_catA9,catA9
WP_0124141801_FEATURES_NDARO_Aminoglycoside_aadA13,aadA13
WP_0124773801_FEATURES_NDARO_Beta-Lactam_blaCMY-8,blaCMY-8
WP_0124773871_FEATURES_NDARO_Phenicol_catB2,catB2
WP_0124774501_FEATURES_NDARO_Tetracycline_tet(L),tet(L)
WP_0124775871_FEATURES_NDARO_Beta-Lactam_blaSHV-2,blaSHV-2
WP_0124775951_FEATURES_NDARO_Beta-Lactam_blaLAP-2,blaLAP-2
WP_0124778221_FEATURES_NDARO_Aminoglycoside_aph(3_)-Ia,aph(3')-Ia
WP_0124778881_FEATURES_NDARO_Phenicol_catA2,catA2
WP_0124782441_FEATURES_NDARO_Tetracycline_tetA(P),tetA(P)
WP_0124782451_FEATURES_NDARO_Tetracycline_tetB(P),tetB(P)
WP_0124799991_FEATURES_NDARO_Aminoglycoside_aph(3_)-IIc,aph(3')-IIc
WP_0124801351_FEATURES_NDARO_Aminoglycoside_aph(6)-Smalt,aph(6)-Smalt
WP_0124810111_FEATURES_NDARO_Aminoglycoside_aac(6_)-Iz,aac(6')-Iz
WP_0125377141_FEATURES_NDARO_Quinolone_qnrS2,qnrS2
WP_0125417901_FEATURES_NDARO_Beta-Lactam_blaLEN-28,blaLEN-28
WP_0125502371_FEATURES_NDARO_Quinolone_qnrAS,qnrAS
WP_0125610991_FEATURES_NDARO_Phenicol_floR,floR
WP_0125790621_FEATURES_NDARO_Beta-Lactam_blaCTX-M-53,blaCTX-M-53
WP_0125790731_FEATURES_NDARO_Lincosamide_vga(A),vga(A)
WP_0125790821_FEATURES_NDARO_Beta-Lactam_blaCTX-M-24,blaCTX-M-24
WP_0125790831_FEATURES_NDARO_Fosfomycin_fosA5,fosA5
WP_0125790841_FEATURES_NDARO_Quinolone_qnrA1,qnrA1
WP_0125790851_FEATURES_NDARO_Tetracycline_tet(A),tet(A)
WP_0125791011_FEATURES_NDARO_Glycopeptide_vanS-B,vanS-B
WP_0125791021_FEATURES_NDARO_Glycopeptide_vanX-B,vanX-B
WP_0126344511_FEATURES_NDARO_Quinolone_qnrD1,qnrD1
WP_0126558671_FEATURES_NDARO_Beta-Lactam_mecB,mecB
WP_0126558841_FEATURES_NDARO_Aminoglycoside_aac(6_)-Ie,aac(6')-Ie
WP_0126558841_FEATURES_NDARO_Aminoglycoside_aph(2__)-Ia,aph(2'')-Ia
WP_0126558901_FEATURES_NDARO_Trimethoprim_dfrE,dfrE
WP_0126587851_FEATURES_NDARO_Beta-Lactam_blaGES-5,blaGES-5
WP_0126620811_FEATURES_NDARO_Beta-Lactam_blaOXA-493,blaOXA-493
WP_0126694451_FEATURES_NDARO_Tetracycline_tet(O),tet(O)
WP_0126954571_FEATURES_NDARO_Beta-Lactam_blaIMP-8,blaIMP-8
WP_0126954581_FEATURES_NDARO_Aminoglycoside_aac(6_)-Ib-G,aac(6')-Ib-G
WP_0126954701_FEATURES_NDARO_Aminoglycoside_aph(3_)-Ia,aph(3')-Ia
WP_0126954841_FEATURES_NDARO_Aminoglycoside_aac(6_)-IIc,aac(6')-IIc
WP_0126954851_FEATURES_NDARO_Aminoglycoside_aac(3)-IIg,aac(3)-IIg
WP_0126954861_FEATURES_NDARO_Rifamycin_arr-2b,arr-2b
WP_0126954891_FEATURES_NDARO_Quinolone_qnrB2,qnrB2
WP_0126984691_FEATURES_NDARO_Beta-Lactam_blaLHK-7,blaLHK-7
WP_0127041431_FEATURES_NDARO_Beta-Lactam_blaCBP-1,blaCBP-1
WP_0127055511_FEATURES_NDARO_Beta-Lactam_blaR1_gen,blaR1_gen
WP_0127543531_FEATURES_NDARO_Beta-Lactam_blaOXA-24,blaOXA-24
WP_0127748201_FEATURES_NDARO_Beta-Lactam_blaGMA-1,blaGMA-1
WP_0127756031_FEATURES_NDARO_Tetracycline_tet(O),tet(O)
WP_0127796171_FEATURES_NDARO_Trimethoprim_dfrK,dfrK
WP_0127796201_FEATURES_NDARO_Lincosamide_vga(C),vga(C)
WP_0128813301_FEATURES_NDARO_Tetracycline_tet(B),tet(B)
WP_0129546661_FEATURES_NDARO_Quinolone_qnrB19,qnrB19
WP_0129674121_FEATURES_NDARO_Phenicol_Quinolone_oqxB9,oqxB9
WP_0129682801_FEATURES_NDARO_Beta-Lactam_blaLEN-13,blaLEN-13
WP_0130952701_FEATURES_NDARO_Beta-Lactam_blaCMH-4,blaCMH-4
WP_0131369491_FEATURES_NDARO_Aminoglycoside_aac(6_)-Ia,aac(6')-Ia
WP_0131884731_FEATURES_NDARO_Beta-Lactam_blaCTX-M-1,blaCTX-M-1
WP_0131884751_FEATURES_NDARO_Beta-Lactam_blaCTX-M-65,blaCTX-M-65
WP_0131971841_FEATURES_NDARO_Beta-Lactam_blaADC-193,blaADC-193
WP_0132442771_FEATURES_NDARO_Beta-Lactam_blaOXA-136,blaOXA-136
WP_0132508811_FEATURES_NDARO_Beta-Lactam_blaGES-1,blaGES-1
WP_0132508821_FEATURES_NDARO_Aminoglycoside_aac(6_)-Ib-G,aac(6')-Ib-G
WP_0132553891_FEATURES_NDARO_Beta-Lactam_blaSPS-1,blaSPS-1
WP_0132637881_FEATURES_NDARO_Aminoglycoside_aac(6_)-Il,aac(6')-Il
WP_0132637891_FEATURES_NDARO_Beta-Lactam_blaVIM-1,blaVIM-1
WP_0132793141_FEATURES_NDARO_Beta-Lactam_blaTEM-33,blaTEM-33
WP_0135781291_FEATURES_NDARO_Beta-Lactam_blaRAHN-3,blaRAHN-3
WP_0136461211_FEATURES_NDARO_Tetracycline_tet(O_W_32_O),tet(O/W/32/O)
WP_0138465941_FEATURES_NDARO_Beta-Lactam_blaSGM-4,blaSGM-4
WP_0139811721_FEATURES_NDARO_Beta-Lactam_blaACT-9,blaACT-9
WP_0139921831_FEATURES_NDARO_Beta-Lactam_blaZOG-1,blaZOG-1
WP_0140535631_FEATURES_NDARO_Beta-Lactam_blaOXA-209,blaOXA-209
WP_0140785281_FEATURES_NDARO_Tetracycline_tet(W),tet(W)
WP_0141584901_FEATURES_NDARO_Lincosamide_Macrolide_Streptogramin_erm(C),erm(C)
WP_0142065641_FEATURES_NDARO_Beta-Lactam_blaOXA-642,blaOXA-642
WP_0142072721_FEATURES_NDARO_Beta-Lactam_blaADC-149,blaADC-149
WP_0142081151_FEATURES_NDARO_Aminoglycoside_ant(3__)-IIa,ant(3'')-IIa
WP_0142282471_FEATURES_NDARO_Beta-Lactam_blaOXY-1-1,blaOXY-1-1
WP_0143258251_FEATURES_NDARO_Lincosamide_Macrolide_erm(42),erm(42)
WP_0143258341_FEATURES_NDARO_Aminoglycoside_aadA25,aadA25
WP_0143258351_FEATURES_NDARO_Macrolide_mph(E),mph(E)
WP_0143435601_FEATURES_NDARO_Quinolone_qnrS6,qnrS6
WP_0143863871_FEATURES_NDARO_Beta-Lactam_blaCMY-16,blaCMY-16
WP_0143864101_FEATURES_NDARO_Aminoglycoside_aph(3_)-VI,aph(3')-VI
WP_0143864241_FEATURES_NDARO_Phenicol_floR,floR
WP_0143864321_FEATURES_NDARO_Beta-Lactam_blaOXA-21,blaOXA-21
WP_0143864811_FEATURES_NDARO_Quinolone_qnrB1,qnrB1
WP_0143868031_FEATURES_NDARO_Macrolide_mph(G),mph(G)
WP_0143868041_FEATURES_NDARO_Macrolide_mef(C),mef(C)
WP_0143868131_FEATURES_NDARO_Tetracycline_tet(M),tet(M)
WP_0143868151_FEATURES_NDARO_Tetracycline_tet(B),tet(B)
WP_0143870271_FEATURES_NDARO_Lincosamide_Macrolide_Streptogramin_erm(G),erm(G)
WP_0143871481_FEATURES_NDARO_Glycopeptide_vanB,vanB
WP_0144541041_FEATURES_NDARO_Beta-Lactam_blaOXA-256,blaOXA-256
WP_0144541051_FEATURES_NDARO_Aminoglycoside_aac(6_)-Ib_,aac(6')-Ib'
WP_0146034421_FEATURES_NDARO_Beta-Lactam_blaOXA-851,blaOXA-851
WP_0146362911_FEATURES_NDARO_Tetracycline_tet(O),tet(O)
WP_0146363041_FEATURES_NDARO_Macrolide_mef(A),mef(A)
WP_0147141311_FEATURES_NDARO_Fosfomycin_fosI,fosI
WP_0148399801_FEATURES_NDARO_Fosfomycin_fosA3,fosA3
WP_0148450761_FEATURES_NDARO_Beta-Lactam_blaOXA-29,blaOXA-29
WP_0148822111_FEATURES_NDARO_Beta-Lactam_blaACT-52,blaACT-52
WP_0149321451_FEATURES_NDARO_Beta-Lactam_blaOXA-137,blaOXA-137
WP_0149363561_FEATURES_NDARO_Pleuromutilin_tva(B),tva(B)
WP_0149368731_FEATURES_NDARO_Beta-Lactam_blaOXA-1099,blaOXA-1099
WP_0150316871_FEATURES_NDARO_Rifamycin_rox_sv,rox_sv
WP_0150563821_FEATURES_NDARO_Beta-Lactam_blaCMY-4,blaCMY-4
WP_0150582121_FEATURES_NDARO_Beta-Lactam_blaCMY-6,blaCMY-6
WP_0150582601_FEATURES_NDARO_Quinolone_qnrS11,qnrS11
WP_0150588671_FEATURES_NDARO_Beta-Lactam_blaTEM-171,blaTEM-171
WP_0150588681_FEATURES_NDARO_Beta-Lactam_blaTEM-135,blaTEM-135
WP_0150589771_FEATURES_NDARO_Beta-Lactam_blaTEM-52,blaTEM-52
WP_0150590261_FEATURES_NDARO_Beta-Lactam_blaCTX-M-105,blaCTX-M-105
WP_0150590441_FEATURES_NDARO_Aminoglycoside_aac(6_)-33,aac(6')-33
WP_0150590451_FEATURES_NDARO_Beta-Lactam_blaGES-19,blaGES-19
WP_0150590461_FEATURES_NDARO_Beta-Lactam_blaGES-20,blaGES-20
WP_0150593311_FEATURES_NDARO_Beta-Lactam_blaCMY-5,blaCMY-5
WP_0150599651_FEATURES_NDARO_Aminoglycoside_apmA,apmA
WP_0150599851_FEATURES_NDARO_Macrolide_ere(A),ere(A)
WP_0150599911_FEATURES_NDARO_Beta-Lactam_blaOXA-48,blaOXA-48
WP_0150600521_FEATURES_NDARO_Beta-Lactam_blaOXA-181,blaOXA-181
WP_0150601051_FEATURES_NDARO_Beta-Lactam_blaIMP-4,blaIMP-4
WP_0150602031_FEATURES_NDARO_Sulfonamide_sul2,sul2
WP_0150602281_FEATURES_NDARO_Trimethoprim_dfrB2,dfrB2
WP_0150602971_FEATURES_NDARO_Aminoglycoside_aac(3)-IIe,aac(3)-IIe
WP_0150603761_FEATURES_NDARO_Tetracycline_tet(L),tet(L)
WP_0150606001_FEATURES_NDARO_Tetracycline_tet(X2),tet(X2)
WP_0150607001_FEATURES_NDARO_Beta-Lactam_blaBES-1,blaBES-1
WP_0150609171_FEATURES_NDARO_Tetracycline_tet(X3),tet(X3)
WP_0150628471_FEATURES_NDARO_Beta-Lactam_blaKPC-4,blaKPC-4
WP_0150837501_FEATURES_NDARO_Beta-Lactam_cfiA2,cfiA2
WP_0152568391_FEATURES_NDARO_Beta-Lactam_blaKPC-5,blaKPC-5
WP_0152664271_FEATURES_NDARO_Beta-Lactam_blaECV-1,blaECV-1
WP_0153452171_FEATURES_NDARO_Lincosamide_Macrolide_erm(36),erm(36)
WP_0153455601_FEATURES_NDARO_Macrolide_ere(D),ere(D)
WP_0153654521_FEATURES_NDARO_Beta-Lactam_blaTEM-24,blaTEM-24
WP_0153791401_FEATURES_NDARO_Aminoglycoside_aac(6_)_Serra,aac(6')_Serra
WP_0153794891_FEATURES_NDARO_Beta-Lactam_blaTEM-34,blaTEM-34
WP_0153873401_FEATURES_NDARO_Beta-Lactam_blaCTX-M-55,blaCTX-M-55
WP_0154315371_FEATURES_NDARO_Beta-Lactam_blaROB-13,blaROB-13
WP_0155724551_FEATURES_NDARO_Beta-Lactam_blaACT-43,blaACT-43
WP_0155730551_FEATURES_NDARO_Tetracycline_tet(40),tet(40)
WP_0155730561_FEATURES_NDARO_Tetracycline_tet(O_32_O),tet(O/32/O)
WP_0155859661_FEATURES_NDARO_Phenicol_fexA,fexA
WP_0155887531_FEATURES_NDARO_Beta-Lactam_blaGIM-1,blaGIM-1
WP_0155896251_FEATURES_NDARO_Beta-Lactam_blaCARB-16,blaCARB-16
WP_0155896291_FEATURES_NDARO_Tetracycline_tet(H),tet(H)
WP_0156323961_FEATURES_NDARO_Aminoglycoside_rmtF1,rmtF1
WP_0156498771_FEATURES_NDARO_Beta-Lactam_blaOXA-395,blaOXA-395
WP_0156846021_FEATURES_NDARO_Beta-Lactam_blaBJP,blaBJP
WP_0157356251_FEATURES_NDARO_Lincosamide_Macrolide_Streptogramin_cipA,cipA
WP_0157413741_FEATURES_NDARO_Fosfomycin_fos-Crono,fos-Crono
WP_0157762481_FEATURES_NDARO_Macrolide_mphH,mphH
WP_0158189961_FEATURES_NDARO_Beta-Lactam_blaTTU-1,blaTTU-1
WP_0158602431_FEATURES_NDARO_Fosfomycin_fosX_gen,fosX_gen
WP_0158927431_FEATURES_NDARO_Lincosamide_Macrolide_Streptogramin_clbC,clbC
WP_0159435801_FEATURES_NDARO_Glycopeptide_vanX-I,vanX-I
WP_0159435831_FEATURES_NDARO_Glycopeptide_vanI,vanI
WP_0160787741_FEATURES_NDARO_Macrolide_mphM,mphM
WP_0161374881_FEATURES_NDARO_Beta-Lactam_blaADC-136,blaADC-136
WP_0161383461_FEATURES_NDARO_Beta-Lactam_blaOXA-269,blaOXA-269
WP_0161404271_FEATURES_NDARO_Beta-Lactam_blaADC-137,blaADC-137
WP_0161412381_FEATURES_NDARO_Beta-Lactam_blaOXA-270,blaOXA-270
WP_0161450581_FEATURES_NDARO_Beta-Lactam_blaOXA-271,blaOXA-271
WP_0161460251_FEATURES_NDARO_Beta-Lactam_blaADC-138,blaADC-138
WP_0161554981_FEATURES_NDARO_Beta-Lactam_blaCMY-101,blaCMY-101
WP_0161609831_FEATURES_NDARO_Beta-Lactam_blaLEN-31,blaLEN-31
WP_0161623891_FEATURES_NDARO_Beta-Lactam_blaOXA-673,blaOXA-673
WP_0161629011_FEATURES_NDARO_Aminoglycoside_aacA-ACI6,aacA-ACI6
WP_0161729181_FEATURES_NDARO_Aminoglycoside_aac(6_)_Entco,aac(6')_Entco
WP_0161776981_FEATURES_NDARO_Aminoglycoside_aacA-ENT3,aacA-ENT3
WP_0162529881_FEATURES_NDARO_Beta-Lactam_blaPDC-286,blaPDC-286
WP_0162630901_FEATURES_NDARO_Beta-Lactam_blaPDC-20,blaPDC-20
WP_0162957501_FEATURES_NDARO_Glycopeptide_vanR-D,vanR-D
WP_0163318651_FEATURES_NDARO_Glycopeptide_vanA-Ao2,vanA-Ao2
WP_0163318661_FEATURES_NDARO_Glycopeptide_vanX-Ao2,vanX-Ao2
WP_0164394371_FEATURES_NDARO_Aminoglycoside_aph(2__)-IIa,aph(2'')-IIa
WP_0165412451_FEATURES_NDARO_Aminoglycoside_aac(6_)-Ih,aac(6')-Ih
WP_0165622721_FEATURES_NDARO_Beta-Lactam_blaPDC-31,blaPDC-31
WP_0165757551_FEATURES_NDARO_Aminoglycoside_aac(6_)-Isa,aac(6')-Isa
WP_0166282161_FEATURES_NDARO_Aminoglycoside_aacA-ENT1,aacA-ENT1
WP_0166513481_FEATURES_NDARO_Beta-Lactam_blaOXA-670,blaOXA-670
WP_0166516501_FEATURES_NDARO_Aminoglycoside_aac(6_)-Ij,aac(6')-Ij
WP_0166565361_FEATURES_NDARO_Aminoglycoside_aph(3_)-VIIIb,aph(3')-VIIIb
WP_0166576541_FEATURES_NDARO_Beta-Lactam_blaOXA-665,blaOXA-665
WP_0166858881_FEATURES_NDARO_Beta-Lactam_blaOXA-715,blaOXA-715
WP_0168041561_FEATURES_NDARO_Beta-Lactam_blaADC-350,blaADC-350
WP_0168099431_FEATURES_NDARO_Beta-Lactam_blaFOX-5,blaFOX-5
WP_0168522901_FEATURES_NDARO_Beta-Lactam_blaOXA-396,blaOXA-396
WP_0169223741_FEATURES_NDARO_Fosfomycin_fosB3,fosB3
WP_0169301641_FEATURES_NDARO_Aminoglycoside_aac(6_)-Ial,aac(6')-Ial
WP_0169476021_FEATURES_NDARO_Phenicol_Quinolone_oqxB25,oqxB25
WP_0170024391_FEATURES_NDARO_Beta-Lactam_blaOXA-1028,blaOXA-1028
WP_0171464411_FEATURES_NDARO_Beta-Lactam_blaOXY-2-7,blaOXY-2-7
WP_0173839661_FEATURES_NDARO_Beta-Lactam_blaACT-27,blaACT-27
WP_0173865681_FEATURES_NDARO_Beta-Lactam_blaADC-150,blaADC-150
WP_0173867981_FEATURES_NDARO_Beta-Lactam_blaOXA-421,blaOXA-421
WP_0173957721_FEATURES_NDARO_Aminoglycoside_aacA-ACI1,aacA-ACI1
WP_0174807101_FEATURES_NDARO_Beta-Lactam_blaADC-70,blaADC-70
WP_0176946831_FEATURES_NDARO_Beta-Lactam_blaACT-17,blaACT-17
WP_0177252671_FEATURES_NDARO_Beta-Lactam_blaADC-6,blaADC-6
WP_0177787621_FEATURES_NDARO_Colistin_mcr-327,mcr-3.27
WP_0178167571_FEATURES_NDARO_Beta-Lactam_blaADC-116,blaADC-116
WP_0178168591_FEATURES_NDARO_Beta-Lactam_blaOXA-99,blaOXA-99
WP_0178215201_FEATURES_NDARO_Beta-Lactam_blaCARB-56,blaCARB-56
WP_0178220401_FEATURES_NDARO_Quinolone_qnrVC10,qnrVC10
WP_0179003461_FEATURES_NDARO_Beta-Lactam_blaOKP-B-8,blaOKP-B-8
WP_0179009901_FEATURES_NDARO_Quinolone_qnrB4,qnrB4
WP_0179010521_FEATURES_NDARO_Beta-Lactam_blaSIM-1,blaSIM-1
WP_0182113471_FEATURES_NDARO_Glycopeptide_vanI,vanI
WP_0183748061_FEATURES_NDARO_Macrolide_mef(A),mef(A)
WP_0186595261_FEATURES_NDARO_Aminoglycoside_aph(2__)-IIIa,aph(2'')-IIIa
WP_0190509271_FEATURES_NDARO_Beta-Lactam_blaGOB-22,blaGOB-22
WP_0190513441_FEATURES_NDARO_Beta-Lactam_blaB-19,blaB-19
WP_0190831251_FEATURES_NDARO_Beta-Lactam_blaA_Yent,blaA_Yent
WP_0193962951_FEATURES_NDARO_Beta-Lactam_blaOXA-1026,blaOXA-1026
WP_0194079321_FEATURES_NDARO_Aminoglycoside_aph(3_)-XV,aph(3')-XV
WP_0194530911_FEATURES_NDARO_Aminoglycoside_aac(6_)_Serra,aac(6')_Serra
WP_0194851471_FEATURES_NDARO_Beta-Lactam_blaOXA-848,blaOXA-848
WP_0194852131_FEATURES_NDARO_Beta-Lactam_blaPDC-16,blaPDC-16
AAN388242_FEATURES_NDARO_Efflux_adeE,adeE
AAU104771_FEATURES_NDARO_Efflux_adeD,adeD
WP_0196550531_FEATURES_NDARO_Aminoglycoside_aac(6_)-set_A,aac(6')-set_A
WP_0197048171_FEATURES_NDARO_Phenicol_Quinolone_oqxB14,oqxB14
WP_0197225021_FEATURES_NDARO_Aminoglycoside_aacA-ENT4,aacA-ENT4
WP_0197263611_FEATURES_NDARO_Aminoglycoside_rmtD1,rmtD1
WP_0197272441_FEATURES_NDARO_Sulfonamide_sul1,sul1
WP_0197280921_FEATURES_NDARO_Lincosamide_Macrolide_erm(49),erm(49)
WP_0203169861_FEATURES_NDARO_Beta-Lactam_blaSHV-7,blaSHV-7
WP_0204423951_FEATURES_NDARO_Quinolone_qnrA6,qnrA6
WP_0208030431_FEATURES_NDARO_Beta-Lactam_blaKPC-7,blaKPC-7
WP_0208350151_FEATURES_NDARO_Beta-Lactam_blaCARB-20,blaCARB-20
WP_0208369771_FEATURES_NDARO_Beta-Lactam_blaOXA-452,blaOXA-452
WP_0208481731_FEATURES_NDARO_Beta-Lactam_blaOXA-491,blaOXA-491
WP_0209247731_FEATURES_NDARO_Beta-Lactam_blaAXC-1,blaAXC-1
WP_0209569171_FEATURES_NDARO_Beta-Lactam_blaVEB-3,blaVEB-3
AAA920371_FEATURES_NDARO_Tuberactinomycin_cph,cph
WP_0209962701_FEATURES_NDARO_Beta-Lactam_blaCMY-13,blaCMY-13
AAU957681_FEATURES_NDARO_Tetracycline_mepA,mepA
WP_0210185811_FEATURES_NDARO_Phenicol_catB8,catB8
WP_0210186091_FEATURES_NDARO_Beta-Lactam_blaIMP-9,blaIMP-9
WP_0210343421_FEATURES_NDARO_Aminoglycoside_aph(2__)-Ig,aph(2'')-Ig
WP_0210380451_FEATURES_NDARO_Phenicol_floR,floR
WP_0211399361_FEATURES_NDARO_Beta-Lactam_blaOXA-956,blaOXA-956
WP_0212407231_FEATURES_NDARO_Beta-Lactam_blaMIR-25,blaMIR-25
WP_0212636081_FEATURES_NDARO_Macrolide_mph(F),mph(F)
WP_0212859091_FEATURES_NDARO_Aminoglycoside_spd,spd
WP_0213123681_FEATURES_NDARO_Phenicol_Quinolone_oqxB20,oqxB20
WP_0213480101_FEATURES_NDARO_Beta-Lactam_blaB-17,blaB-17
WP_0213617591_FEATURES_NDARO_Beta-Lactam_blaCDD-2,blaCDD-2
WP_0214010241_FEATURES_NDARO_Aminoglycoside_aph(2__)-IVa,aph(2'')-IVa
WP_0214189221_FEATURES_NDARO_Glycopeptide_vanT-G,vanT-G
WP_0214189241_FEATURES_NDARO_Glycopeptide_vanG,vanG
WP_0214189261_FEATURES_NDARO_Glycopeptide_vanY-G1,vanY-G1
WP_0214189271_FEATURES_NDARO_Glycopeptide_vanS-G,vanS-G
WP_0214189281_FEATURES_NDARO_Glycopeptide_vanR-G,vanR-G
WP_0214189291_FEATURES_NDARO_Glycopeptide_vanU-G,vanU-G
WP_0214190951_FEATURES_NDARO_Glycopeptide_vanW-G,vanW-G
WP_0214240531_FEATURES_NDARO_Aminoglycoside_aph(2__)-If,aph(2'')-If
WP_0214400831_FEATURES_NDARO_Beta-Lactam_blaSHV-187,blaSHV-187
WP_0214593451_FEATURES_NDARO_Beta-Lactam_blaARL-2,blaARL-2
WP_0215050851_FEATURES_NDARO_Aminoglycoside_aac(6_)_Serra,aac(6')_Serra
WP_0215110051_FEATURES_NDARO_Beta-Lactam_blaADC-248,blaADC-248
WP_0215265121_FEATURES_NDARO_Beta-Lactam_blaTEM-40,blaTEM-40
WP_0215297071_FEATURES_NDARO_Trimethoprim_dfrA14,dfrA14
WP_0215297081_FEATURES_NDARO_Aminoglycoside_aadA6,aadA6
WP_0215614771_FEATURES_NDARO_Beta-Lactam_blaTEM-30,blaTEM-30
WP_0215666721_FEATURES_NDARO_Macrolide_ere(A),ere(A)
WP_0215861831_FEATURES_NDARO_Aminoglycoside_ant(9)-Ic,ant(9)-Ic
WP_0215887631_FEATURES_NDARO_Nitroimidazole_nimI,nimI
WP_0215980561_FEATURES_NDARO_Beta-Lactam_blaTEM-144,blaTEM-144
WP_0218064211_FEATURES_NDARO_Beta-Lactam_blaFONA-11,blaFONA-11
WP_0220655961_FEATURES_NDARO_Beta-Lactam_blaLEN-10,blaLEN-10
WP_0220717881_FEATURES_NDARO_Lincosamide_lnu(P),lnu(P)
WP_0225423811_FEATURES_NDARO_Aminoglycoside_aac(3)-Ia,aac(3)-Ia
WP_0225423841_FEATURES_NDARO_Beta-Lactam_blaCTX-M-25,blaCTX-M-25
WP_0225753431_FEATURES_NDARO_Beta-Lactam_blaADC-255,blaADC-255
WP_0225809631_FEATURES_NDARO_Beta-Lactam_blaPDC-38,blaPDC-38
AAA801931_FEATURES_NDARO_Efflux_mtrC,mtrC
WP_0226311621_FEATURES_NDARO_Aminoglycoside_aac(6_)-Ib-G,aac(6')-Ib-G
WP_0226315101_FEATURES_NDARO_Aminoglycoside_aac(6_)-Ib-G,aac(6')-Ib-G
WP_0226468071_FEATURES_NDARO_Beta-Lactam_blaACT-24,blaACT-24
WP_0226757131_FEATURES_NDARO_Aminoglycoside_aadA6,aadA6
WP_0230422971_FEATURES_NDARO_Glycopeptide_vanS-D,vanS-D
WP_0230422991_FEATURES_NDARO_Glycopeptide_vanH-D,vanH-D
WP_0230423001_FEATURES_NDARO_Glycopeptide_vanD,vanD
WP_0230426131_FEATURES_NDARO_Glycopeptide_vanR-D,vanR-D
WP_0230428611_FEATURES_NDARO_Glycopeptide_vanX-D,vanX-D
WP_0230431581_FEATURES_NDARO_Glycopeptide_vanX-D,vanX-D
WP_0230431591_FEATURES_NDARO_Glycopeptide_vanD,vanD
WP_0230431601_FEATURES_NDARO_Glycopeptide_vanH-D,vanH-D
WP_0230431651_FEATURES_NDARO_Glycopeptide_vanR-D,vanR-D
AAD446931_FEATURES_NDARO_Efflux_mtrA_Ngon,mtrA_Ngon
WP_0230856321_FEATURES_NDARO_Beta-Lactam_blaPDC-121,blaPDC-121
WP_0230894771_FEATURES_NDARO_Beta-Lactam_blaPDC-120,blaPDC-120
WP_0230910311_FEATURES_NDARO_Beta-Lactam_blaPDC-39,blaPDC-39
WP_0230924131_FEATURES_NDARO_Beta-Lactam_blaPDC-37,blaPDC-37
WP_0230963651_FEATURES_NDARO_Beta-Lactam_blaOXA-1035,blaOXA-1035
WP_0230971001_FEATURES_NDARO_Beta-Lactam_blaOXA-1030,blaOXA-1030
WP_0231008081_FEATURES_NDARO_Beta-Lactam_blaPDC-36,blaPDC-36
WP_0231074691_FEATURES_NDARO_Beta-Lactam_blaOXA-1032,blaOXA-1032
WP_0231083111_FEATURES_NDARO_Beta-Lactam_blaPDC-22,blaPDC-22
WP_0231096431_FEATURES_NDARO_Beta-Lactam_blaPDC-122,blaPDC-122
WP_0231146931_FEATURES_NDARO_Beta-Lactam_blaPDC-15,blaPDC-15
WP_0231150671_FEATURES_NDARO_Beta-Lactam_blaPDC-24,blaPDC-24
WP_0231188981_FEATURES_NDARO_Beta-Lactam_blaPDC-431,blaPDC-431
WP_0231224351_FEATURES_NDARO_Beta-Lactam_blaOXA-1127,blaOXA-1127
WP_0231309301_FEATURES_NDARO_Beta-Lactam_blaPDC-6,blaPDC-6
WP_0231324041_FEATURES_NDARO_Beta-Lactam_blaOXA-914,blaOXA-914
WP_0231582171_FEATURES_NDARO_Beta-Lactam_blaSHV-76,blaSHV-76
WP_0232164931_FEATURES_NDARO_Fosfomycin_fosA74,fosA7.4
WP_0232314941_FEATURES_NDARO_Fosfomycin_fosA73,fosA7.3
WP_0232711371_FEATURES_NDARO_Beta-Lactam_blaOXA-672,blaOXA-672
WP_0232800431_FEATURES_NDARO_Beta-Lactam_blaSHV-26,blaSHV-26
WP_0232810791_FEATURES_NDARO_Beta-Lactam_blaHER-3,blaHER-3
WP_0232825551_FEATURES_NDARO_Beta-Lactam_blaSHV-27,blaSHV-27
WP_0232896051_FEATURES_NDARO_Beta-Lactam_blaOKP-A-17,blaOKP-A-17
WP_0232934641_FEATURES_NDARO_Beta-Lactam_blaMIR-16,blaMIR-16
WP_0232957921_FEATURES_NDARO_Beta-Lactam_blaACT-15,blaACT-15
WP_0232975771_FEATURES_NDARO_Beta-Lactam_blaLEN-16,blaLEN-16
WP_0233052911_FEATURES_NDARO_Beta-Lactam_blaACT-90,blaACT-90
WP_0233101201_FEATURES_NDARO_Beta-Lactam_blaACT-2,blaACT-2
WP_0233152501_FEATURES_NDARO_Beta-Lactam_blaACT-16,blaACT-16
WP_0233162701_FEATURES_NDARO_Beta-Lactam_blaSHV-75,blaSHV-75
WP_0233168311_FEATURES_NDARO_Beta-Lactam_blaSHV-80,blaSHV-80
WP_0233181871_FEATURES_NDARO_Beta-Lactam_blaOKP-B-23,blaOKP-B-23
WP_0233204861_FEATURES_NDARO_Beta-Lactam_blaOXY-2-16,blaOXY-2-16
WP_0233231401_FEATURES_NDARO_Phenicol_Quinolone_oqxB15,oqxB15
WP_0233252061_FEATURES_NDARO_Beta-Lactam_blaSHV-33,blaSHV-33
WP_0233265421_FEATURES_NDARO_Beta-Lactam_blaMIR-11,blaMIR-11
WP_0233293861_FEATURES_NDARO_Beta-Lactam_blaOXY-2-2,blaOXY-2-2
WP_0233318411_FEATURES_NDARO_Beta-Lactam_blaACT-28,blaACT-28
WP_0233328371_FEATURES_NDARO_Colistin_mcr-101,mcr-10.1
WP_0233401031_FEATURES_NDARO_Beta-Lactam_blaLEN-2,blaLEN-2
WP_0233415171_FEATURES_NDARO_Beta-Lactam_blaSHV-211,blaSHV-211
WP_0233426321_FEATURES_NDARO_Phenicol_Quinolone_oqxB32,oqxB32
WP_0233452961_FEATURES_NDARO_Beta-Lactam_blaMIR-17,blaMIR-17
WP_0234083091_FEATURES_NDARO_Beta-Lactam_blaNDM-5,blaNDM-5
WP_0234172241_FEATURES_NDARO_Aminoglycoside_aacA-STR-13,aacA-STR-13
WP_0234347931_FEATURES_NDARO_Aminoglycoside_rmtF2,rmtF2
WP_0234427211_FEATURES_NDARO_Beta-Lactam_blaVIM-17,blaVIM-17
WP_0235192151_FEATURES_NDARO_Aminoglycoside_aacA-ENT4,aacA-ENT4
WP_0235292111_FEATURES_NDARO_Aminoglycoside_aac(6_)_Strep,aac(6')_Strep
WP_0236228031_FEATURES_NDARO_Aminoglycoside_aac(6_)-IIa,aac(6')-IIa
WP_0236247281_FEATURES_NDARO_Beta-Lactam_blaCARB-17,blaCARB-17
WP_0238577551_FEATURES_NDARO_Beta-Lactam_blaP,blaP
WP_0238749221_FEATURES_NDARO_Beta-Lactam_blaPDC-19b,blaPDC-19b
WP_0239132711_FEATURES_NDARO_Beta-Lactam_blaPDC-98,blaPDC-98
WP_0240525751_FEATURES_NDARO_Tetracycline_tet(M),tet(M)
WP_0240696841_FEATURES_NDARO_Beta-Lactam_blaOXA-114f,blaOXA-114f
WP_0241277761_FEATURES_NDARO_Macrolide_mphN,mphN
WP_0241278291_FEATURES_NDARO_Macrolide_mef(A),mef(A)
WP_0241316071_FEATURES_NDARO_Aminoglycoside_aadA25,aadA25
WP_0241607831_FEATURES_NDARO_Tetracycline_tet(X3),tet(X3)
WP_0241609091_FEATURES_NDARO_Phenicol_cmlB1,cmlB1
WP_0241670311_FEATURES_NDARO_Trimethoprim_dfrB4,dfrB4
AAD540741_FEATURES_NDARO_Efflux_farB,farB
WP_0241982941_FEATURES_NDARO_Aminoglycoside_aadA22,aadA22
WP_0242661921_FEATURES_NDARO_Quinolone_qnrA3,qnrA3
AAF035311_FEATURES_NDARO_Aminoglycoside_aac(6_)-Iy,aac(6')-Iy
WP_0243589071_FEATURES_NDARO_Beta-Lactam_blaOXY-6-5,blaOXY-6-5
WP_0244076151_FEATURES_NDARO_Tetracycline_tet(40),tet(40)
WP_0244339151_FEATURES_NDARO_Beta-Lactam_blaOXA-104,blaOXA-104
WP_0244366241_FEATURES_NDARO_Beta-Lactam_blaADC-156,blaADC-156
WP_0244370541_FEATURES_NDARO_Aminoglycoside_aacA35,aacA35
WP_0244373511_FEATURES_NDARO_Aminoglycoside_aacA43,aacA43
WP_0244389931_FEATURES_NDARO_Beta-Lactam_blaOXA-383,blaOXA-383
WP_0244745471_FEATURES_NDARO_Beta-Lactam_blaDHA-32,blaDHA-32
WP_0245302791_FEATURES_NDARO_Beta-Lactam_blaFONA-8,blaFONA-8
WP_0245313211_FEATURES_NDARO_Beta-Lactam_blaSFC-1,blaSFC-1
WP_0245661531_FEATURES_NDARO_Beta-Lactam_blaGOB-21,blaGOB-21
WP_0245664611_FEATURES_NDARO_Aminoglycoside_aac(6_)_E657,aac(6')_E657
WP_0245678311_FEATURES_NDARO_Beta-Lactam_blaGOB-26,blaGOB-26
WP_0246358241_FEATURES_NDARO_Aminoglycoside_aacA-ENT1,aacA-ENT1
WP_0247253851_FEATURES_NDARO_Fosfomycin_fosXCC,fosXCC
WP_0249155361_FEATURES_NDARO_Beta-Lactam_blaPDC-189,blaPDC-189
WP_0249163341_FEATURES_NDARO_Beta-Lactam_blaOXA-902,blaOXA-902
WP_0249569261_FEATURES_NDARO_Aminoglycoside_aac(6_)-Iz,aac(6')-Iz
WP_0249634781_FEATURES_NDARO_Tetracycline_tet(W_N_W),tet(W/N/W)
WP_0250065571_FEATURES_NDARO_Beta-Lactam_blaOXA-580,blaOXA-580
WP_0251071101_FEATURES_NDARO_Beta-Lactam_blaOXY-1-2,blaOXY-1-2
WP_0251517901_FEATURES_NDARO_Beta-Lactam_blaDHA-12,blaDHA-12
WP_0252056841_FEATURES_NDARO_Fosfomycin_fosA2,fosA2
WP_0252062651_FEATURES_NDARO_Beta-Lactam_blaACT-12,blaACT-12
WP_0252979071_FEATURES_NDARO_Aminoglycoside_aac(2_)-I(A267),aac(2')-I(A267)
WP_0253043321_FEATURES_NDARO_Aminoglycoside_aac(6_)_Serra,aac(6')_Serra
WP_0253251521_FEATURES_NDARO_Beta-Lactam_blaPDC-195,blaPDC-195
WP_0253686191_FEATURES_NDARO_Phenicol_cmlA4,cmlA4
WP_0253686201_FEATURES_NDARO_Beta-Lactam_blaCTX-M-2,blaCTX-M-2
WP_0253686481_FEATURES_NDARO_Aminoglycoside_rmtG,rmtG
WP_0253703061_FEATURES_NDARO_Beta-Lactam_blaPEN-L,blaPEN-L
WP_0254429431_FEATURES_NDARO_Beta-Lactam_blaCARB-23,blaCARB-23
WP_0255216991_FEATURES_NDARO_Beta-Lactam_blaCARB-35,blaCARB-35
WP_0255257621_FEATURES_NDARO_Beta-Lactam_blaCARB-36,blaCARB-36
WP_0255353321_FEATURES_NDARO_Beta-Lactam_blaCARB-33,blaCARB-33
WP_0255463141_FEATURES_NDARO_Beta-Lactam_blaCARB-31,blaCARB-31
WP_0255513221_FEATURES_NDARO_Beta-Lactam_blaCARB-38,blaCARB-38
WP_0255774351_FEATURES_NDARO_Beta-Lactam_blaCARB-48,blaCARB-48
WP_0256234921_FEATURES_NDARO_Beta-Lactam_blaCARB-27,blaCARB-27
WP_0256328111_FEATURES_NDARO_Beta-Lactam_blaCARB-21,blaCARB-21
WP_0256724091_FEATURES_NDARO_Aminoglycoside_aadA15,aadA15
WP_0257122391_FEATURES_NDARO_Beta-Lactam_blaLEN-26,blaLEN-26
WP_0257146841_FEATURES_NDARO_Beta-Lactam_blaFOX-10,blaFOX-10
WP_0257880601_FEATURES_NDARO_Beta-Lactam_blaCARB-41,blaCARB-41
WP_0257947211_FEATURES_NDARO_Beta-Lactam_blaCARB-43,blaCARB-43
WP_0258110901_FEATURES_NDARO_Lincosamide_Macrolide_Streptogramin_erm(D),erm(D)
WP_0258165751_FEATURES_NDARO_Beta-Lactam_blaCARB-40,blaCARB-40
WP_0258880291_FEATURES_NDARO_Quinolone_qnrA7,qnrA7
WP_0258897471_FEATURES_NDARO_Beta-Lactam_blaOXA-964,blaOXA-964
WP_0259918791_FEATURES_NDARO_Aminoglycoside_aadA10,aadA10
WP_0260252871_FEATURES_NDARO_Beta-Lactam_blaALI-1,blaALI-1
WP_0263284311_FEATURES_NDARO_Aminoglycoside_aacA-STR-10,aacA-STR-10
AAF145221_FEATURES_NDARO_Efflux_mexX,mexX
WP_0263828281_FEATURES_NDARO_Beta-Lactam_blaOXA-114i,blaOXA-114i
WP_0264440361_FEATURES_NDARO_Beta-Lactam_blaOXA-816,blaOXA-816
WP_0268688621_FEATURES_NDARO_Aminoglycoside_aac(6_)_E141,aac(6')_E141
WP_0273724251_FEATURES_NDARO_Beta-Lactam_blaIND-15,blaIND-15
WP_0273734391_FEATURES_NDARO_Beta-Lactam_blaCIA-4,blaCIA-4
WP_0275911601_FEATURES_NDARO_Tetracycline_tmexD2,tmexD2
WP_0277895881_FEATURES_NDARO_Beta-Lactam_blaPEN-bcc,blaPEN-bcc
WP_0278140191_FEATURES_NDARO_Aminoglycoside_aacA38,aacA38
WP_0280307861_FEATURES_NDARO_Beta-Lactam_blaRCP,blaRCP
WP_0285301331_FEATURES_NDARO_Glycopeptide_vanS-D,vanS-D
WP_0285301341_FEATURES_NDARO_Glycopeptide_vanH-D,vanH-D
WP_0285301351_FEATURES_NDARO_Glycopeptide_vanD,vanD
WP_0285301361_FEATURES_NDARO_Glycopeptide_vanX-D,vanX-D
WP_0292262141_FEATURES_NDARO_Beta-Lactam_blaPEN-H,blaPEN-H
WP_0293051211_FEATURES_NDARO_Beta-Lactam_blaOXA-950,blaOXA-950
WP_0293763171_FEATURES_NDARO_Beta-Lactam_blaOCH,blaOCH
WP_0293914591_FEATURES_NDARO_Aminoglycoside_aacA-STR-10,aacA-STR-10
WP_0293919981_FEATURES_NDARO_Trimethoprim_dfrA25,dfrA25
WP_0294243901_FEATURES_NDARO_Beta-Lactam_blaOXA-94,blaOXA-94
WP_0294245361_FEATURES_NDARO_Beta-Lactam_blaADC-80,blaADC-80
WP_0294870311_FEATURES_NDARO_Glycopeptide_vanC1,vanC1
WP_0296106731_FEATURES_NDARO_Beta-Lactam_blaPDC-109,blaPDC-109
WP_0296287761_FEATURES_NDARO_Beta-Lactam_blaCARB-7,blaCARB-7
WP_0297283671_FEATURES_NDARO_Beta-Lactam_blaB-21,blaB-21
WP_0297291121_FEATURES_NDARO_Beta-Lactam_blaB-1,blaB-1
WP_0297951861_FEATURES_NDARO_Beta-Lactam_blaCARB-26,blaCARB-26
WP_0298151111_FEATURES_NDARO_Beta-Lactam_blaCARB-34,blaCARB-34
WP_0298341581_FEATURES_NDARO_Beta-Lactam_blaCARB-29,blaCARB-29
WP_0298370671_FEATURES_NDARO_Beta-Lactam_blaCARB-32,blaCARB-32
WP_0298399201_FEATURES_NDARO_Beta-Lactam_blaCARB-28,blaCARB-28
WP_0298843931_FEATURES_NDARO_Phenicol_Quinolone_oqxB6,oqxB6
WP_0299252051_FEATURES_NDARO_Beta-Lactam_blaOCH-7,blaOCH-7
WP_0301835231_FEATURES_NDARO_Aminoglycoside_aph(3_)-VIIIa,aph(3')-VIIIa
WP_0302759631_FEATURES_NDARO_Tuberactinomycin_vph,vph
WP_0304034941_FEATURES_NDARO_Aminoglycoside_aacA-STR-7,aacA-STR-7
WP_0306957451_FEATURES_NDARO_Aminoglycoside_aacA-STR-13,aacA-STR-13
WP_0307781521_FEATURES_NDARO_Macrolide_oleI,oleI
WP_0308775151_FEATURES_NDARO_Beta-Lactam_blaL,blaL
WP_0308924461_FEATURES_NDARO_Beta-Lactam_blaL,blaL
WP_0310844311_FEATURES_NDARO_Aminoglycoside_aacA-STR-7,aacA-STR-7
WP_0311296301_FEATURES_NDARO_Aminoglycoside_aph(3_)-Va,aph(3')-Va
WP_0311365881_FEATURES_NDARO_Aminoglycoside_aac(3)-VIII,aac(3)-VIII
WP_0311928931_FEATURES_NDARO_Aminoglycoside_aadA31,aadA31
WP_0312049201_FEATURES_NDARO_Tetracycline_tet(31),tet(31)
WP_0312576591_FEATURES_NDARO_Beta-Lactam_blaGOB-39,blaGOB-39
WP_0312812811_FEATURES_NDARO_Phenicol_catB,catB
WP_0313065041_FEATURES_NDARO_Aminoglycoside_aadA12,aadA12
WP_0313801351_FEATURES_NDARO_Beta-Lactam_blaADC-315,blaADC-315
WP_0313807271_FEATURES_NDARO_Trimethoprim_dfrA44,dfrA44
WP_0314135171_FEATURES_NDARO_Beta-Lactam_blaCARB-24,blaCARB-24
AAY906151_FEATURES_NDARO_Efflux_emhC,emhC
WP_0316304201_FEATURES_NDARO_Beta-Lactam_blaPDC-71,blaPDC-71
WP_0316332551_FEATURES_NDARO_Phenicol_cmlA_floR,cmlA_floR
WP_0316385951_FEATURES_NDARO_Beta-Lactam_blaPDC-361,blaPDC-361
WP_0316873541_FEATURES_NDARO_Beta-Lactam_blaPDC-117,blaPDC-117
WP_0316902141_FEATURES_NDARO_Beta-Lactam_blaPDC-103,blaPDC-103
WP_0316919481_FEATURES_NDARO_Beta-Lactam_blaOXA-913,blaOXA-913
WP_0316924001_FEATURES_NDARO_Beta-Lactam_blaPDC-115,blaPDC-115
WP_0316941841_FEATURES_NDARO_Beta-Lactam_blaOXA-908,blaOXA-908
WP_0317570921_FEATURES_NDARO_Beta-Lactam_blaOXA-901,blaOXA-901
WP_0317758481_FEATURES_NDARO_Trimethoprim_dfrK,dfrK
WP_0317955171_FEATURES_NDARO_Lincosamide_Pleuromutilin_Streptogramin_vga(E),vga(E)
WP_0318413371_FEATURES_NDARO_Beta-Lactam_blaCARB-47,blaCARB-47
WP_0318471651_FEATURES_NDARO_Beta-Lactam_blaCARB-46,blaCARB-46
WP_0318855081_FEATURES_NDARO_Lincosamide_Macrolide_erm(54),erm(54)
WP_0319161031_FEATURES_NDARO_Aminoglycoside_str,str
WP_0319422711_FEATURES_NDARO_Beta-Lactam_blaCTX-M-123,blaCTX-M-123
WP_0319423211_FEATURES_NDARO_Tetracycline_tet(A),tet(A)
WP_0319423941_FEATURES_NDARO_Beta-Lactam_blaLAP-1,blaLAP-1
WP_0319425631_FEATURES_NDARO_Tetracycline_tet(B),tet(B)
WP_0319428981_FEATURES_NDARO_Aminoglycoside_aadA1,aadA1
WP_0319432321_FEATURES_NDARO_Beta-Lactam_blaIMP-31,blaIMP-31
WP_0319481421_FEATURES_NDARO_Beta-Lactam_blaOXA-1321,blaOXA-1321
WP_0319504341_FEATURES_NDARO_Beta-Lactam_blaADC-233,blaADC-233
WP_0319604321_FEATURES_NDARO_Beta-Lactam_blaOXA-95,blaOXA-95
WP_0319609991_FEATURES_NDARO_Beta-Lactam_blaADC-222,blaADC-222
WP_0319618781_FEATURES_NDARO_Beta-Lactam_blaADC-171,blaADC-171
WP_0319637051_FEATURES_NDARO_Beta-Lactam_blaOXA-106,blaOXA-106
WP_0319652431_FEATURES_NDARO_Beta-Lactam_blaADC-50,blaADC-50
WP_0319738501_FEATURES_NDARO_Beta-Lactam_blaADC-56,blaADC-56
WP_0319753571_FEATURES_NDARO_Beta-Lactam_blaADC-212,blaADC-212
WP_0319765771_FEATURES_NDARO_Beta-Lactam_blaADC-246,blaADC-246
WP_0319768721_FEATURES_NDARO_Beta-Lactam_blaOXA-314,blaOXA-314
WP_0319786111_FEATURES_NDARO_Beta-Lactam_blaOXA-217,blaOXA-217
WP_0319803351_FEATURES_NDARO_Beta-Lactam_blaADC-162,blaADC-162
WP_0319818141_FEATURES_NDARO_Beta-Lactam_blaADC-239,blaADC-239
WP_0319967771_FEATURES_NDARO_Beta-Lactam_blaADC-254,blaADC-254
WP_0319986101_FEATURES_NDARO_Beta-Lactam_blaOXA-716,blaOXA-716
WP_0320001661_FEATURES_NDARO_Beta-Lactam_blaOXA-70,blaOXA-70
WP_0320004141_FEATURES_NDARO_Beta-Lactam_blaADC-203,blaADC-203
WP_0320034971_FEATURES_NDARO_Beta-Lactam_blaOXA-502,blaOXA-502
WP_0320052491_FEATURES_NDARO_Beta-Lactam_blaADC-245,blaADC-245
WP_0320072721_FEATURES_NDARO_Beta-Lactam_blaOXA-506,blaOXA-506
WP_0320175861_FEATURES_NDARO_Beta-Lactam_blaADC-244,blaADC-244
WP_0320181411_FEATURES_NDARO_Beta-Lactam_blaOXA-717,blaOXA-717
WP_0320255691_FEATURES_NDARO_Beta-Lactam_blaOXA-337,blaOXA-337
WP_0320256261_FEATURES_NDARO_Beta-Lactam_blaADC-269,blaADC-269
WP_0320274151_FEATURES_NDARO_Beta-Lactam_blaADC-172,blaADC-172
WP_0320299741_FEATURES_NDARO_Beta-Lactam_blaADC-310,blaADC-310
WP_0320309651_FEATURES_NDARO_Beta-Lactam_blaOXA-132,blaOXA-132
WP_0320348091_FEATURES_NDARO_Beta-Lactam_blaOXA-1222,blaOXA-1222
WP_0320357271_FEATURES_NDARO_Beta-Lactam_blaADC-343,blaADC-343
WP_0320377421_FEATURES_NDARO_Beta-Lactam_blaOXA-441,blaOXA-441
WP_0320378701_FEATURES_NDARO_Beta-Lactam_blaADC-160,blaADC-160
WP_0320398381_FEATURES_NDARO_Beta-Lactam_blaADC-139,blaADC-139
WP_0320516041_FEATURES_NDARO_Beta-Lactam_blaOXA-374,blaOXA-374
WP_0320537621_FEATURES_NDARO_Beta-Lactam_blaOXA-819,blaOXA-819
WP_0320553581_FEATURES_NDARO_Beta-Lactam_blaADC-43,blaADC-43
WP_0320570421_FEATURES_NDARO_Beta-Lactam_blaOXA-820,blaOXA-820
WP_0320584391_FEATURES_NDARO_Beta-Lactam_blaOXA-378,blaOXA-378
WP_0320587551_FEATURES_NDARO_Beta-Lactam_blaADC-247,blaADC-247
WP_0320613281_FEATURES_NDARO_Beta-Lactam_blaOXA-855,blaOXA-855
WP_0320628101_FEATURES_NDARO_Beta-Lactam_blaADC-141,blaADC-141
WP_0320682141_FEATURES_NDARO_Beta-Lactam_blaADC-164,blaADC-164
WP_0320711881_FEATURES_NDARO_Beta-Lactam_blaADC-173,blaADC-173
WP_0320721071_FEATURES_NDARO_Beta-Lactam_blaFOX-7,blaFOX-7
WP_0320722081_FEATURES_NDARO_Beta-Lactam_blaTEM-210,blaTEM-210
WP_0320726021_FEATURES_NDARO_Beta-Lactam_blaCTX-M-5,blaCTX-M-5
WP_0320840131_FEATURES_NDARO_Trimethoprim_dfrA32,dfrA32
WP_0320840141_FEATURES_NDARO_Macrolide_ere(A),ere(A)
WP_0320979551_FEATURES_NDARO_Beta-Lactam_blaDHA-4,blaDHA-4
WP_0322214971_FEATURES_NDARO_Beta-Lactam_blaTEM-105,blaTEM-105
WP_0322772571_FEATURES_NDARO_Beta-Lactam_blaCTX-M-27,blaCTX-M-27
WP_0324102291_FEATURES_NDARO_Beta-Lactam_blaOXA-663,blaOXA-663
WP_0324527581_FEATURES_NDARO_Beta-Lactam_blaOKP-A-2,blaOKP-A-2
WP_0324560021_FEATURES_NDARO_Beta-Lactam_blaOKP-B-1,blaOKP-B-1
WP_0324883301_FEATURES_NDARO_Aminoglycoside_ant(4_)-Ia,ant(4')-Ia
WP_0324883311_FEATURES_NDARO_Lincosamide_Macrolide_Streptogramin_erm(X),erm(X)
WP_0324883431_FEATURES_NDARO_Macrolide_ere(B),ere(B)
WP_0324884091_FEATURES_NDARO_Tetracycline_tet(L),tet(L)
WP_0324884131_FEATURES_NDARO_Beta-Lactam_blaSHV-2A,blaSHV-2A
WP_0324884141_FEATURES_NDARO_Beta-Lactam_blaTEM-3,blaTEM-3
WP_0324884601_FEATURES_NDARO_Phenicol_catA7,catA7
WP_0324884661_FEATURES_NDARO_Phenicol_catA7,catA7
WP_0324884681_FEATURES_NDARO_Fosfomycin_fosB,fosB
WP_0324884811_FEATURES_NDARO_Beta-Lactam_blaLCR-1,blaLCR-1
WP_0324884831_FEATURES_NDARO_Beta-Lactam_blaOXA-5,blaOXA-5
WP_0324885121_FEATURES_NDARO_Lincosamide_Macrolide_Streptogramin_erm(F),erm(F)
WP_0324885141_FEATURES_NDARO_Phenicol_cmlA1,cmlA1
WP_0324885551_FEATURES_NDARO_Phenicol_catA14,catA14
WP_0324885571_FEATURES_NDARO_Tetracycline_tet(G),tet(G)
WP_0324885791_FEATURES_NDARO_Aminoglycoside_aac(6_)-Ib3,aac(6')-Ib3
WP_0324885961_FEATURES_NDARO_Nitroimidazole_nimA,nimA
WP_0324887551_FEATURES_NDARO_Trimethoprim_dfrA14,dfrA14
WP_0324888641_FEATURES_NDARO_Beta-Lactam_blaCMY-1,blaCMY-1
WP_0324888801_FEATURES_NDARO_Phenicol_cat-TC,cat-TC
WP_0324888871_FEATURES_NDARO_Beta-Lactam_blaSHV-9,blaSHV-9
WP_0324890091_FEATURES_NDARO_Lincosamide_Macrolide_Streptogramin_erm(C),erm(C)
WP_0324890101_FEATURES_NDARO_Lincosamide_Macrolide_Streptogramin_erm(C),erm(C)
WP_0324890111_FEATURES_NDARO_Lincosamide_Macrolide_Streptogramin_erm(C),erm(C)
WP_0324890161_FEATURES_NDARO_Lincosamide_Macrolide_Streptogramin_erm(C),erm(C)
WP_0324890251_FEATURES_NDARO_Beta-Lactam_blaCTX-M-4,blaCTX-M-4
WP_0324890271_FEATURES_NDARO_Beta-Lactam_blaLAT-3,blaLAT-3
WP_0324890671_FEATURES_NDARO_Beta-Lactam_blaFOX-2,blaFOX-2
WP_0324891501_FEATURES_NDARO_Beta-Lactam_blaTEM-60,blaTEM-60
WP_0324891681_FEATURES_NDARO_Beta-Lactam_blaCARB-4,blaCARB-4
WP_0324891701_FEATURES_NDARO_Beta-Lactam_blaCTX-M-6,blaCTX-M-6
WP_0324891711_FEATURES_NDARO_Beta-Lactam_blaCTX-M-7,blaCTX-M-7
WP_0324891881_FEATURES_NDARO_Aminoglycoside_aac(6_)-Iq,aac(6')-Iq
WP_0324893051_FEATURES_NDARO_Phenicol_catB3,catB3
WP_0324893081_FEATURES_NDARO_Aminoglycoside_aadA1,aadA1
WP_0324893411_FEATURES_NDARO_Streptogramin_vgb(B),vgb(B)
WP_0324893421_FEATURES_NDARO_Streptogramin_vat(C),vat(C)
WP_0324894641_FEATURES_NDARO_Beta-Lactam_blaMIR-1,blaMIR-1
WP_0324894711_FEATURES_NDARO_Tetracycline_tet(G),tet(G)
WP_0324894771_FEATURES_NDARO_Beta-Lactam_blaSFO-1,blaSFO-1
WP_0324895981_FEATURES_NDARO_Beta-Lactam_blaCTX-M-8,blaCTX-M-8
WP_0324896141_FEATURES_NDARO_Beta-Lactam_blaTEM-72,blaTEM-72
WP_0324896351_FEATURES_NDARO_Streptogramin_vat(A),vat(A)
WP_0324896361_FEATURES_NDARO_Streptogramin_vgb(A),vgb(A)
WP_0324896391_FEATURES_NDARO_Lincosamide_vga(A),vga(A)
WP_0324896401_FEATURES_NDARO_Streptogramin_vat(E),vat(E)
WP_0324897231_FEATURES_NDARO_Lincosamide_Macrolide_Streptogramin_erm(B),erm(B)
WP_0324897271_FEATURES_NDARO_Beta-Lactam_blaFOX-4,blaFOX-4
WP_0324897411_FEATURES_NDARO_Beta-Lactam_blaTEM-68,blaTEM-68
WP_0324897431_FEATURES_NDARO_Glycopeptide_vanR-B,vanR-B
WP_0324897441_FEATURES_NDARO_Glycopeptide_vanW-B,vanW-B
WP_0324897451_FEATURES_NDARO_Glycopeptide_vanH-B,vanH-B
WP_0324897461_FEATURES_NDARO_Glycopeptide_vanB,vanB
WP_0324897471_FEATURES_NDARO_Glycopeptide_vanX-B,vanX-B
WP_0324897531_FEATURES_NDARO_Beta-Lactam_blaOXA-28,blaOXA-28
WP_0324898881_FEATURES_NDARO_Beta-Lactam_blaMOX-1,blaMOX-1
WP_0324898931_FEATURES_NDARO_Beta-Lactam_blaTEM-87,blaTEM-87
WP_0324898951_FEATURES_NDARO_Aminoglycoside_aac(6_)-Ia,aac(6')-Ia
WP_0324898961_FEATURES_NDARO_Phenicol_cmlA5,cmlA5
WP_0324899261_FEATURES_NDARO_Beta-Lactam_blaCTX-M-9,blaCTX-M-9
WP_0324899271_FEATURES_NDARO_Beta-Lactam_blaCTX-M-13,blaCTX-M-13
WP_0324899801_FEATURES_NDARO_Beta-Lactam_blaTEM-88,blaTEM-88
WP_0324900261_FEATURES_NDARO_Beta-Lactam_blaTEM-90,blaTEM-90
WP_0324900531_FEATURES_NDARO_Beta-Lactam_blaOXA-31,blaOXA-31
WP_0324901011_FEATURES_NDARO_Beta-Lactam_blaTEM-85,blaTEM-85
WP_0324901021_FEATURES_NDARO_Beta-Lactam_blaTEM-86,blaTEM-86
WP_0324901031_FEATURES_NDARO_Beta-Lactam_blaTEM-29,blaTEM-29
WP_0324901331_FEATURES_NDARO_Tetracycline_tet(B),tet(B)
WP_0324901551_FEATURES_NDARO_Beta-Lactam_blaTEM-71,blaTEM-71
WP_0324901561_FEATURES_NDARO_Lincosamide_vga(B),vga(B)
WP_0324901581_FEATURES_NDARO_Trimethoprim_dfrA16,dfrA16
WP_0324901681_FEATURES_NDARO_Tetracycline_tet(E),tet(E)
WP_0324901751_FEATURES_NDARO_Beta-Lactam_blaIMP-10,blaIMP-10
WP_0324901771_FEATURES_NDARO_Beta-Lactam_blaCMY-9,blaCMY-9
WP_0324901821_FEATURES_NDARO_Aminoglycoside_aph(3__)-Ib,aph(3'')-Ib
WP_0324901891_FEATURES_NDARO_Trimethoprim_dfrA19,dfrA19
WP_0324901931_FEATURES_NDARO_Beta-Lactam_blaSHV-43,blaSHV-43
WP_0324903171_FEATURES_NDARO_Beta-Lactam_blaTEM-93,blaTEM-93
WP_0324903181_FEATURES_NDARO_Beta-Lactam_blaTEM-94,blaTEM-94
WP_0324903191_FEATURES_NDARO_Phenicol_catA9,catA9
WP_0324903361_FEATURES_NDARO_Aminoglycoside_aadA2,aadA2
WP_0324904381_FEATURES_NDARO_Aminoglycoside_aac(6_)-Ib11,aac(6')-Ib11
WP_0324904401_FEATURES_NDARO_Aminoglycoside_aadA1,aadA1
WP_0324904431_FEATURES_NDARO_Aminoglycoside_aadA1,aadA1
WP_0324904441_FEATURES_NDARO_Aminoglycoside_aadA5,aadA5
WP_0324904451_FEATURES_NDARO_Beta-Lactam_blaOXA-119,blaOXA-119
WP_0324904461_FEATURES_NDARO_Aminoglycoside_ant(2__)-Ia,ant(2'')-Ia
WP_0324904481_FEATURES_NDARO_Beta-Lactam_blaOXA-392,blaOXA-392
WP_0324904511_FEATURES_NDARO_Aminoglycoside_aadA1,aadA1
WP_0324905041_FEATURES_NDARO_Beta-Lactam_blaTEM-67,blaTEM-67
WP_0324905321_FEATURES_NDARO_Macrolide_ere(A),ere(A)
WP_0324905341_FEATURES_NDARO_Macrolide_ere(A2),ere(A2)
WP_0324905351_FEATURES_NDARO_Tetracycline_tet(O),tet(O)
WP_0324906321_FEATURES_NDARO_Beta-Lactam_blaSHV-57,blaSHV-57
WP_0324906821_FEATURES_NDARO_Beta-Lactam_blaCTX-M-33,blaCTX-M-33
WP_0324906831_FEATURES_NDARO_Beta-Lactam_blaGES-7,blaGES-7
WP_0324906991_FEATURES_NDARO_Beta-Lactam_blaCFE-1,blaCFE-1
WP_0324907441_FEATURES_NDARO_Aminoglycoside_aac(6_)-Ie,aac(6')-Ie
WP_0324907441_FEATURES_NDARO_Aminoglycoside_aph(2__)-Ia,aph(2'')-Ia
WP_0324907521_FEATURES_NDARO_Beta-Lactam_blaCTX-M-30,blaCTX-M-30
WP_0324907611_FEATURES_NDARO_Beta-Lactam_blaOXA-45,blaOXA-45
WP_0324907651_FEATURES_NDARO_Beta-Lactam_blaCMY-7,blaCMY-7
WP_0324907861_FEATURES_NDARO_Sulfonamide_sul2,sul2
WP_0324907871_FEATURES_NDARO_Tetracycline_tet(H),tet(H)
WP_0324907941_FEATURES_NDARO_Sulfonamide_sul1,sul1
WP_0324907951_FEATURES_NDARO_Phenicol_catA2,catA2
WP_0324909561_FEATURES_NDARO_Beta-Lactam_blaTEM-132,blaTEM-132
WP_0324909571_FEATURES_NDARO_Beta-Lactam_blaDHA-3,blaDHA-3
WP_0324909591_FEATURES_NDARO_Beta-Lactam_blaTEM-127,blaTEM-127
WP_0324909601_FEATURES_NDARO_Beta-Lactam_blaTEM-128,blaTEM-128
WP_0324909731_FEATURES_NDARO_Beta-Lactam_blaGES-6,blaGES-6
WP_0324909761_FEATURES_NDARO_Sulfonamide_sul1,sul1
WP_0324911061_FEATURES_NDARO_Lincosamide_lnu(A),lnu(A)
WP_0324911571_FEATURES_NDARO_Beta-Lactam_blaCTX-M-10,blaCTX-M-10
WP_0324911801_FEATURES_NDARO_Beta-Lactam_blaSHV-30,blaSHV-30
WP_0324911811_FEATURES_NDARO_Trimethoprim_dfrA20,dfrA20
WP_0324912281_FEATURES_NDARO_Sulfonamide_sul1,sul1
WP_0324912371_FEATURES_NDARO_Beta-Lactam_blaIMI-2,blaIMI-2
WP_0324912641_FEATURES_NDARO_Beta-Lactam_blaCTX-M-72,blaCTX-M-72
WP_0324912831_FEATURES_NDARO_Beta-Lactam_blaTEM-138,blaTEM-138
WP_0324913111_FEATURES_NDARO_Beta-Lactam_blaOXA-4,blaOXA-4
WP_0324913131_FEATURES_NDARO_Trimethoprim_dfrA3b,dfrA3b
WP_0324913161_FEATURES_NDARO_Trimethoprim_dfrA16,dfrA16
WP_0324913561_FEATURES_NDARO_Aminoglycoside_aac(3)-Ia,aac(3)-Ia
WP_0324913591_FEATURES_NDARO_Aminoglycoside_aph(2__)-Ie,aph(2'')-Ie
WP_0324913761_FEATURES_NDARO_Beta-Lactam_blaTEM-141,blaTEM-141
WP_0324913771_FEATURES_NDARO_Beta-Lactam_blaCTX-M-22,blaCTX-M-22
WP_0324913901_FEATURES_NDARO_Beta-Lactam_blaVIM-5,blaVIM-5
WP_0324914031_FEATURES_NDARO_Beta-Lactam_blaSHV-70,blaSHV-70
WP_0324914491_FEATURES_NDARO_Beta-Lactam_blaTEM-139,blaTEM-139
WP_0324914621_FEATURES_NDARO_Phenicol_Lincosamide_Oxazolidinone_Pleuromutilin_Streptogramin_cfr,cfr
WP_0324914641_FEATURES_NDARO_Aminoglycoside_aadA8,aadA8
WP_0324915701_FEATURES_NDARO_Sulfonamide_sul1,sul1
WP_0324915761_FEATURES_NDARO_Phenicol_fexA,fexA
WP_0324916011_FEATURES_NDARO_Beta-Lactam_blaSHV-89,blaSHV-89
WP_0324916411_FEATURES_NDARO_Beta-Lactam_blaZ,blaZ
WP_0324916561_FEATURES_NDARO_Beta-Lactam_blaOXA-87,blaOXA-87
WP_0324917771_FEATURES_NDARO_Beta-Lactam_blaCTX-M-12,blaCTX-M-12
WP_0324917791_FEATURES_NDARO_Aminoglycoside_ant(6)-Ia,ant(6)-Ia
WP_0324917801_FEATURES_NDARO_Aminoglycoside_aph(3_)-IIIa,aph(3')-IIIa
WP_0324917841_FEATURES_NDARO_Beta-Lactam_blaSHV-92,blaSHV-92
WP_0324918041_FEATURES_NDARO_Beta-Lactam_blaOXA-17,blaOXA-17
WP_0324918241_FEATURES_NDARO_Aminoglycoside_aadA22,aadA22
WP_0324918741_FEATURES_NDARO_Beta-Lactam_blaIMP-19,blaIMP-19
WP_0324918751_FEATURES_NDARO_Beta-Lactam_blaKLUC-2,blaKLUC-2
WP_0324918811_FEATURES_NDARO_Phenicol_fexA,fexA
WP_0324919071_FEATURES_NDARO_Beta-Lactam_blaPER-2,blaPER-2
WP_0324919281_FEATURES_NDARO_Beta-Lactam_blaCMY-24,blaCMY-24
WP_0324919541_FEATURES_NDARO_Beta-Lactam_blaCTX-M-66,blaCTX-M-66
WP_0324919561_FEATURES_NDARO_Beta-Lactam_blaACC-1,blaACC-1
WP_0324919591_FEATURES_NDARO_Aminoglycoside_aadA1,aadA1
WP_0324919641_FEATURES_NDARO_Aminoglycoside_aadA2,aadA2
WP_0324919661_FEATURES_NDARO_Sulfonamide_sul1,sul1
WP_0324919681_FEATURES_NDARO_Aminoglycoside_aac(6_)-32,aac(6')-32
WP_0324920081_FEATURES_NDARO_Beta-Lactam_blaVIM-4,blaVIM-4
WP_0324920241_FEATURES_NDARO_Sulfonamide_sul1,sul1
WP_0324920421_FEATURES_NDARO_Beta-Lactam_blaCTX-M-64,blaCTX-M-64
WP_0324920441_FEATURES_NDARO_Beta-Lactam_blaCTX-M-67,blaCTX-M-67
WP_0324920891_FEATURES_NDARO_Aminoglycoside_npmA,npmA
WP_0324920961_FEATURES_NDARO_Beta-Lactam_blaIMP-6,blaIMP-6
WP_0324921001_FEATURES_NDARO_Beta-Lactam_blaMIR-4,blaMIR-4
WP_0324921041_FEATURES_NDARO_Phenicol_cmlA8,cmlA8
WP_0324921081_FEATURES_NDARO_Beta-Lactam_blaTEM-15,blaTEM-15
WP_0324921131_FEATURES_NDARO_Beta-Lactam_blaTEM-164,blaTEM-164
WP_0324921141_FEATURES_NDARO_Beta-Lactam_blaSHV-104,blaSHV-104
WP_0324921221_FEATURES_NDARO_Beta-Lactam_blaOXA-129,blaOXA-129
WP_0324921451_FEATURES_NDARO_Aminoglycoside_aph(3_)-Ia,aph(3')-Ia
WP_0324921841_FEATURES_NDARO_Beta-Lactam_blaCTX-M-87,blaCTX-M-87
WP_0324921941_FEATURES_NDARO_Phenicol_catB3,catB3
WP_0324922471_FEATURES_NDARO_Aminoglycoside_aac(3)-Ia,aac(3)-Ia
WP_0324922551_FEATURES_NDARO_Aminoglycoside_aadA16,aadA16
WP_0324922771_FEATURES_NDARO_Quinolone_qepA2,qepA2
WP_0324923241_FEATURES_NDARO_Beta-Lactam_blaACT-6,blaACT-6
WP_0324923281_FEATURES_NDARO_Phenicol_cmlB,cmlB
WP_0324923301_FEATURES_NDARO_Beta-Lactam_blaTEM-57,blaTEM-57
WP_0324923361_FEATURES_NDARO_Macrolide_mef(B),mef(B)
WP_0324923681_FEATURES_NDARO_Quinolone_qnrC,qnrC
WP_0324924161_FEATURES_NDARO_Lincosamide_Macrolide_Streptogramin_erm(C),erm(C)
WP_0324924301_FEATURES_NDARO_Beta-Lactam_blaKHM-1,blaKHM-1
WP_0324924521_FEATURES_NDARO_Beta-Lactam_blaCMY-10,blaCMY-10
WP_0324924561_FEATURES_NDARO_Trimethoprim_dfrA12,dfrA12
WP_0324924581_FEATURES_NDARO_Beta-Lactam_blaCMY-11,blaCMY-11
WP_0324924671_FEATURES_NDARO_Quinolone_qnrB10,qnrB10
WP_0324924721_FEATURES_NDARO_Beta-Lactam_blaVIM-19,blaVIM-19
WP_0324924861_FEATURES_NDARO_Aminoglycoside_aadA1,aadA1
WP_0324925531_FEATURES_NDARO_Beta-Lactam_blaCTX-M-71,blaCTX-M-71
WP_0324925601_FEATURES_NDARO_Lincosamide_vga(A),vga(A)
WP_0324925791_FEATURES_NDARO_Aminoglycoside_aph(3_)-XV,aph(3')-XV
WP_0324925801_FEATURES_NDARO_Aminoglycoside_aadA1,aadA1
WP_0324926051_FEATURES_NDARO_Fosfomycin_fosC2,fosC2
WP_0324926221_FEATURES_NDARO_Beta-Lactam_blaIMP-34,blaIMP-34
WP_0324926241_FEATURES_NDARO_Beta-Lactam_blaNDM-8,blaNDM-8
WP_0324926611_FEATURES_NDARO_Beta-Lactam_blaNDM-3,blaNDM-3
WP_0324926831_FEATURES_NDARO_Phenicol_catB3,catB3
WP_0324931681_FEATURES_NDARO_Beta-Lactam_blaCTX-M-62,blaCTX-M-62
WP_0324942211_FEATURES_NDARO_Aminoglycoside_apmA,apmA
WP_0324942341_FEATURES_NDARO_Beta-Lactam_blaCTX-M-100,blaCTX-M-100
WP_0324942371_FEATURES_NDARO_Beta-Lactam_blaTEM-110,blaTEM-110
WP_0324942401_FEATURES_NDARO_Beta-Lactam_blaCMY-107,blaCMY-107
WP_0324947591_FEATURES_NDARO_Beta-Lactam_blaTLA-1,blaTLA-1
WP_0324948021_FEATURES_NDARO_Beta-Lactam_blaSHV-129,blaSHV-129
WP_0324948441_FEATURES_NDARO_Beta-Lactam_blaKPC-11,blaKPC-11
WP_0324948531_FEATURES_NDARO_Beta-Lactam_blaTEM-187,blaTEM-187
WP_0324948641_FEATURES_NDARO_Beta-Lactam_blaVEB-9,blaVEB-9
WP_0324948741_FEATURES_NDARO_Quinolone_qnrB27,qnrB27
WP_0324948751_FEATURES_NDARO_Quinolone_qnrB28,qnrB28
WP_0324950111_FEATURES_NDARO_Beta-Lactam_blaFOX-8,blaFOX-8
WP_0324950231_FEATURES_NDARO_Beta-Lactam_blaCTX-M-93,blaCTX-M-93
WP_0324950241_FEATURES_NDARO_Quinolone_qnrB25,qnrB25
WP_0324950271_FEATURES_NDARO_Beta-Lactam_blaCMY-58,blaCMY-58
WP_0324950461_FEATURES_NDARO_Aminoglycoside_aacA43,aacA43
WP_0324950471_FEATURES_NDARO_Beta-Lactam_blaCMY-53,blaCMY-53
WP_0324950941_FEATURES_NDARO_Quinolone_qnrS5,qnrS5
WP_0324951871_FEATURES_NDARO_Beta-Lactam_blaVIM-27,blaVIM-27
WP_0324952251_FEATURES_NDARO_Beta-Lactam_blaCTX-M-116,blaCTX-M-116
WP_0324952591_FEATURES_NDARO_Beta-Lactam_blaCTX-M-117,blaCTX-M-117
WP_0324953781_FEATURES_NDARO_Beta-Lactam_blaCTX-M-121,blaCTX-M-121
WP_0324953791_FEATURES_NDARO_Aminoglycoside_aadA11,aadA11
WP_0324953841_FEATURES_NDARO_Beta-Lactam_blaNDM-6,blaNDM-6
WP_0324954401_FEATURES_NDARO_Beta-Lactam_blaPER-7,blaPER-7
WP_0324954431_FEATURES_NDARO_Phenicol_Quinolone_oqxB2,oqxB2
WP_0324954491_FEATURES_NDARO_Beta-Lactam_blaOXA-204,blaOXA-204
WP_0324954911_FEATURES_NDARO_Beta-Lactam_blaKLUC-3,blaKLUC-3
WP_0324954921_FEATURES_NDARO_Beta-Lactam_blaKLUC-4,blaKLUC-4
WP_0324955171_FEATURES_NDARO_Beta-Lactam_blaOXA-244,blaOXA-244
WP_0324955181_FEATURES_NDARO_Beta-Lactam_blaOXA-245,blaOXA-245
WP_0324955681_FEATURES_NDARO_Lincosamide_lnu(B),lnu(B)
WP_0324955951_FEATURES_NDARO_Beta-Lactam_blaOXA-247,blaOXA-247
WP_0324956071_FEATURES_NDARO_Quinolone_qnrVC6,qnrVC6
WP_0324956221_FEATURES_NDARO_Beta-Lactam_blaNDM-7,blaNDM-7
WP_0324956721_FEATURES_NDARO_Beta-Lactam_blaNDM-9,blaNDM-9
WP_0324956801_FEATURES_NDARO_Quinolone_qnrD2,qnrD2
WP_0324957181_FEATURES_NDARO_Lincosamide_Pleuromutilin_Streptogramin_vga(E),vga(E)
WP_0324957641_FEATURES_NDARO_Beta-Lactam_blaOXA-253,blaOXA-253
WP_0324957861_FEATURES_NDARO_Beta-Lactam_blaCTX-M-144,blaCTX-M-144
WP_0324957871_FEATURES_NDARO_Beta-Lactam_blaCTX-M-148,blaCTX-M-148
WP_0324957891_FEATURES_NDARO_Beta-Lactam_blaOXA-370,blaOXA-370
WP_0324957981_FEATURES_NDARO_Beta-Lactam_blaCTX-M-98,blaCTX-M-98
WP_0325429101_FEATURES_NDARO_Aminoglycoside_ant(4_)-Ia,ant(4')-Ia
WP_0325792911_FEATURES_NDARO_Beta-Lactam_cepA-44,cepA-44
WP_0326083491_FEATURES_NDARO_Beta-Lactam_blaACT-45,blaACT-45
WP_0326251761_FEATURES_NDARO_Beta-Lactam_blaACT-66,blaACT-66
WP_0326280141_FEATURES_NDARO_Beta-Lactam_blaACT-141,blaACT-141
WP_0326340991_FEATURES_NDARO_Aminoglycoside_rmtB4,rmtB4
WP_0326377051_FEATURES_NDARO_Beta-Lactam_blaACT-142,blaACT-142
WP_0326441521_FEATURES_NDARO_Beta-Lactam_blaACT-53,blaACT-53
WP_0326522751_FEATURES_NDARO_Beta-Lactam_blaACT-74,blaACT-74
WP_0326675531_FEATURES_NDARO_Trimethoprim_dfrA22,dfrA22
WP_0326758051_FEATURES_NDARO_Beta-Lactam_blaMIR-9,blaMIR-9
WP_0326875341_FEATURES_NDARO_Beta-Lactam_blaPLA-4,blaPLA-4
WP_0326961091_FEATURES_NDARO_Beta-Lactam_blaPLA-3,blaPLA-3
WP_0326997541_FEATURES_NDARO_Beta-Lactam_blaPLA-1,blaPLA-1
WP_0327279051_FEATURES_NDARO_Beta-Lactam_blaOXY-2-1,blaOXY-2-1
WP_0327355351_FEATURES_NDARO_Beta-Lactam_blaLEN-9,blaLEN-9
WP_0327485141_FEATURES_NDARO_Beta-Lactam_blaOXY-1-8,blaOXY-1-8
WP_0328351801_FEATURES_NDARO_Beta-Lactam_blaOXA-85,blaOXA-85
WP_0328650681_FEATURES_NDARO_Beta-Lactam_blaOXA-287,blaOXA-287
WP_0328703841_FEATURES_NDARO_Aminoglycoside_aacA-ACI5,aacA-ACI5
WP_0328744971_FEATURES_NDARO_Aminoglycoside_aacA-ACI5,aacA-ACI5
WP_0328777191_FEATURES_NDARO_Beta-Lactam_blaOXA-293,blaOXA-293
WP_0328792571_FEATURES_NDARO_Beta-Lactam_blaOXA-307,blaOXA-307
WP_0328803741_FEATURES_NDARO_Aminoglycoside_aacA-ACI5,aacA-ACI5
WP_0329377781_FEATURES_NDARO_Beta-Lactam_blaCMY-152,blaCMY-152
WP_0329392091_FEATURES_NDARO_Beta-Lactam_blaCMY-72,blaCMY-72
WP_0329418551_FEATURES_NDARO_Quinolone_qnrB18,qnrB18
WP_0329421601_FEATURES_NDARO_Beta-Lactam_blaCMY-86,blaCMY-86
WP_0329444341_FEATURES_NDARO_Quinolone_qnrB30,qnrB30
WP_0329464151_FEATURES_NDARO_Beta-Lactam_cfxA5,cfxA5
WP_0329483631_FEATURES_NDARO_Beta-Lactam_blaCMY-109,blaCMY-109
WP_0329660561_FEATURES_NDARO_Beta-Lactam_blaL1,blaL1
WP_0329740041_FEATURES_NDARO_Beta-Lactam_blaCMA-1,blaCMA-1
WP_0331470971_FEATURES_NDARO_Aminoglycoside_aac(3)-IIb,aac(3)-IIb
WP_0331471491_FEATURES_NDARO_Beta-Lactam_blaFOX-3,blaFOX-3
WP_0332051771_FEATURES_NDARO_Fosfomycin_fomB,fomB
WP_0332686541_FEATURES_NDARO_Aminoglycoside_aac(6_)_Strep,aac(6')_Strep
WP_0334878691_FEATURES_NDARO_Beta-Lactam_blaACT-56,blaACT-56
WP_0334930201_FEATURES_NDARO_Tetracycline_tet(W),tet(W)
WP_0335021671_FEATURES_NDARO_Beta-Lactam_blaADC-143,blaADC-143
WP_0335030511_FEATURES_NDARO_Beta-Lactam_blaADC-61,blaADC-61
KGT343141_FEATURES_NDARO_Phenicol_catC,catC
WP_0335603321_FEATURES_NDARO_Beta-Lactam_blaTEM-19,blaTEM-19
WP_0336320341_FEATURES_NDARO_Aminoglycoside_aac(6_)_Serra,aac(6')_Serra
WP_0336360821_FEATURES_NDARO_Aminoglycoside_aac(6_)_Serra,aac(6')_Serra
WP_0336393261_FEATURES_NDARO_Aminoglycoside_aac(6_)_Serra,aac(6')_Serra
WP_0336429641_FEATURES_NDARO_Beta-Lactam_blaSRT-3,blaSRT-3
WP_0336445451_FEATURES_NDARO_Aminoglycoside_aac(6_)_Serra,aac(6')_Serra
WP_0336490261_FEATURES_NDARO_Aminoglycoside_aac(6_)-Ic,aac(6')-Ic
WP_0336512811_FEATURES_NDARO_Aminoglycoside_aac(6_)_Serra,aac(6')_Serra
WP_0336547851_FEATURES_NDARO_Aminoglycoside_aac(6_)_Serra,aac(6')_Serra
WP_0338418661_FEATURES_NDARO_Beta-Lactam_blaOXA-254,blaOXA-254
WP_0338519921_FEATURES_NDARO_Beta-Lactam_blaADC-159,blaADC-159
WP_0338872591_FEATURES_NDARO_Beta-Lactam_blaOXA-1034,blaOXA-1034
WP_0339379691_FEATURES_NDARO_Beta-Lactam_blaOXA-1033,blaOXA-1033
WP_0339406281_FEATURES_NDARO_Beta-Lactam_blaPDC-65,blaPDC-65
WP_0339451511_FEATURES_NDARO_Beta-Lactam_blaPDC-55,blaPDC-55
WP_0339492871_FEATURES_NDARO_Beta-Lactam_blaOXA-1288,blaOXA-1288
WP_0339549031_FEATURES_NDARO_Beta-Lactam_blaOXA-485,blaOXA-485
WP_0339558671_FEATURES_NDARO_Beta-Lactam_blaOXA-1125,blaOXA-1125
WP_0339570641_FEATURES_NDARO_Beta-Lactam_blaPDC-68,blaPDC-68
WP_0339593191_FEATURES_NDARO_Rifamycin_arr-4,arr-4
WP_0339625991_FEATURES_NDARO_Beta-Lactam_blaPDC-70,blaPDC-70
WP_0339682461_FEATURES_NDARO_Beta-Lactam_blaOXA-1133,blaOXA-1133
WP_0339695861_FEATURES_NDARO_Beta-Lactam_blaPDC-63,blaPDC-63
WP_0339742881_FEATURES_NDARO_Beta-Lactam_blaPDC-57,blaPDC-57
WP_0339777591_FEATURES_NDARO_Beta-Lactam_blaPDC-66,blaPDC-66
WP_0339786251_FEATURES_NDARO_Beta-Lactam_blaOXA-1135,blaOXA-1135
WP_0339821231_FEATURES_NDARO_Beta-Lactam_blaPDC-14,blaPDC-14
WP_0339844731_FEATURES_NDARO_Beta-Lactam_blaOXA-1270,blaOXA-1270
WP_0339853931_FEATURES_NDARO_Beta-Lactam_blaPDC-47,blaPDC-47
WP_0339872071_FEATURES_NDARO_Beta-Lactam_blaPDC-51,blaPDC-51
WP_0339899741_FEATURES_NDARO_Beta-Lactam_blaOXA-846,blaOXA-846
WP_0339906381_FEATURES_NDARO_Beta-Lactam_blaPDC-11,blaPDC-11
WP_0339983171_FEATURES_NDARO_Beta-Lactam_blaPDC-62,blaPDC-62
WP_0339983271_FEATURES_NDARO_Beta-Lactam_blaPDC-43,blaPDC-43
WP_0340005231_FEATURES_NDARO_Aminoglycoside_aac(3)-C1264,aac(3)-C1264
WP_0340029001_FEATURES_NDARO_Beta-Lactam_blaOXA-1245,blaOXA-1245
WP_0340037971_FEATURES_NDARO_Beta-Lactam_blaPDC-54,blaPDC-54
WP_0340053261_FEATURES_NDARO_Beta-Lactam_blaOXA-906,blaOXA-906
WP_0340056551_FEATURES_NDARO_Beta-Lactam_blaPDC-59,blaPDC-59
WP_0340061421_FEATURES_NDARO_Aminoglycoside_aac(3)-Ic,aac(3)-Ic
WP_0340065631_FEATURES_NDARO_Beta-Lactam_blaOXA-850,blaOXA-850
WP_0340156171_FEATURES_NDARO_Beta-Lactam_blaOXA-1289,blaOXA-1289
WP_0340207871_FEATURES_NDARO_Beta-Lactam_blaPDC-67,blaPDC-67
WP_0340213701_FEATURES_NDARO_Beta-Lactam_blaOXA-1199,blaOXA-1199
WP_0340224241_FEATURES_NDARO_Beta-Lactam_blaOXA-1276,blaOXA-1276
WP_0340240971_FEATURES_NDARO_Aminoglycoside_aph(3_)-H48,aph(3')-H48
WP_0340258541_FEATURES_NDARO_Beta-Lactam_blaOXA-1025,blaOXA-1025
WP_0340277611_FEATURES_NDARO_Beta-Lactam_blaOXA-1022,blaOXA-1022
WP_0340280671_FEATURES_NDARO_Beta-Lactam_blaPDC-56,blaPDC-56
WP_0340314071_FEATURES_NDARO_Beta-Lactam_blaPDC-52,blaPDC-52
WP_0340325991_FEATURES_NDARO_Beta-Lactam_blaPDC-44,blaPDC-44
WP_0340332561_FEATURES_NDARO_Beta-Lactam_blaOXA-415,blaOXA-415
WP_0340334111_FEATURES_NDARO_Beta-Lactam_blaOXA-1023,blaOXA-1023
WP_0340353381_FEATURES_NDARO_Beta-Lactam_blaPDC-240,blaPDC-240
WP_0340393801_FEATURES_NDARO_Beta-Lactam_blaPDC-61,blaPDC-61
WP_0340395461_FEATURES_NDARO_Tetracycline_tmexC3,tmexC3
WP_0340410531_FEATURES_NDARO_Beta-Lactam_blaPDC-45,blaPDC-45
WP_0340436391_FEATURES_NDARO_Beta-Lactam_blaPDC-49,blaPDC-49
WP_0340476521_FEATURES_NDARO_Beta-Lactam_blaOXA-1281,blaOXA-1281
WP_0340483691_FEATURES_NDARO_Beta-Lactam_blaPDC-50,blaPDC-50
WP_0340513611_FEATURES_NDARO_Beta-Lactam_blaPDC-48,blaPDC-48
WP_0340519401_FEATURES_NDARO_Beta-Lactam_blaPAC-1,blaPAC-1
WP_0340544381_FEATURES_NDARO_Beta-Lactam_blaPDC-53,blaPDC-53
WP_0340565341_FEATURES_NDARO_Beta-Lactam_blaPDC-72,blaPDC-72
WP_0340650371_FEATURES_NDARO_Tetracycline_tmexD3,tmexD3
WP_0340663971_FEATURES_NDARO_Beta-Lactam_blaPDC-69,blaPDC-69
WP_0340679211_FEATURES_NDARO_Aminoglycoside_aph(3_)-XV,aph(3')-XV
WP_0340716701_FEATURES_NDARO_Beta-Lactam_blaPDC-23,blaPDC-23
WP_0340728101_FEATURES_NDARO_Trimethoprim_dfrA47,dfrA47
WP_0340729391_FEATURES_NDARO_Beta-Lactam_blaOXA-1253,blaOXA-1253
WP_0340751901_FEATURES_NDARO_Beta-Lactam_blaPDC-28,blaPDC-28
WP_0340802641_FEATURES_NDARO_Beta-Lactam_blaVIM-11,blaVIM-11
WP_0340807311_FEATURES_NDARO_Beta-Lactam_blaOXA-1294,blaOXA-1294
WP_0340816641_FEATURES_NDARO_Beta-Lactam_blaPDC-41,blaPDC-41
WP_0340817111_FEATURES_NDARO_Beta-Lactam_blaOXA-937,blaOXA-937
WP_0340851251_FEATURES_NDARO_Phenicol_catB10,catB10
WP_0341694131_FEATURES_NDARO_Colistin_mcr-126,mcr-1.26
WP_0341694661_FEATURES_NDARO_Fosfomycin_fosA4,fosA4
WP_0346127111_FEATURES_NDARO_Beta-Lactam_blaOXA-668,blaOXA-668
WP_0346701081_FEATURES_NDARO_Beta-Lactam_blaOXA-818,blaOXA-818
WP_0346881901_FEATURES_NDARO_Beta-Lactam_blaOXA-812,blaOXA-812
WP_0346889081_FEATURES_NDARO_Aminoglycoside_aacA-ENT4,aacA-ENT4
WP_0347006261_FEATURES_NDARO_Aminoglycoside_aacA-ENT2,aacA-ENT2
WP_0347023341_FEATURES_NDARO_Trimethoprim_dfrA40,dfrA40
WP_0347352271_FEATURES_NDARO_Beta-Lactam_blaCIA-1,blaCIA-1
WP_0347358901_FEATURES_NDARO_Beta-Lactam_blaIND-2,blaIND-2
WP_0348453941_FEATURES_NDARO_Beta-Lactam_blaGOB-40,blaGOB-40
WP_0348609251_FEATURES_NDARO_Aminoglycoside_aac(6_)_Entco,aac(6')_Entco
WP_0348661801_FEATURES_NDARO_Beta-Lactam_blaGOB-7,blaGOB-7
WP_0348691721_FEATURES_NDARO_Glycopeptide_vanS-C,vanS-C
WP_0348724701_FEATURES_NDARO_Glycopeptide_vanR-C,vanR-C
WP_0352023931_FEATURES_NDARO_Aminoglycoside_ant(4_)-Ib,ant(4')-Ib
WP_0352038401_FEATURES_NDARO_Phenicol_catA10,catA10
WP_0358955321_FEATURES_NDARO_Beta-Lactam_blaCTX-M-115,blaCTX-M-115
AAZ859651_FEATURES_NDARO_Beta-Lactam_blaEC-5,blaEC-5
AAZ859681_FEATURES_NDARO_Beta-Lactam_blaEC-8,blaEC-8
WP_0362994131_FEATURES_NDARO_Sulfonamide_sulR,sulR
WP_0364287831_FEATURES_NDARO_Lincosamide_Macrolide_erm(40),erm(40)
WP_0374145051_FEATURES_NDARO_Beta-Lactam_blaOXA-1039,blaOXA-1039
WP_0374288951_FEATURES_NDARO_Beta-Lactam_blaOXA-252,blaOXA-252
WP_0383336431_FEATURES_NDARO_Beta-Lactam_blaEBR-2,blaEBR-2
WP_0383431771_FEATURES_NDARO_Beta-Lactam_blaADC-279,blaADC-279
WP_0383482851_FEATURES_NDARO_Beta-Lactam_blaOXA-424,blaOXA-424
WP_0383484821_FEATURES_NDARO_Beta-Lactam_blaOXA-426,blaOXA-426
WP_0383489571_FEATURES_NDARO_Beta-Lactam_blaOXA-425,blaOXA-425
WP_0383502161_FEATURES_NDARO_Beta-Lactam_blaOXA-234,blaOXA-234
WP_0384049481_FEATURES_NDARO_Aminoglycoside_aph(3_)-Ib,aph(3')-Ib
WP_0384049491_FEATURES_NDARO_Aminoglycoside_aac(3)-Id,aac(3)-Id
WP_0384059301_FEATURES_NDARO_Beta-Lactam_blaADC-5,blaADC-5
WP_0384152081_FEATURES_NDARO_Fosfomycin_fosA,fosA
WP_0384356191_FEATURES_NDARO_Phenicol_Quinolone_oqxB21,oqxB21
WP_0385636361_FEATURES_NDARO_Lincosamide_Macrolide_erm(39),erm(39)
WP_0386409201_FEATURES_NDARO_Quinolone_qnrB12,qnrB12
WP_0386941701_FEATURES_NDARO_Trimethoprim_dfrA49,dfrA49
WP_0387266741_FEATURES_NDARO_Aminoglycoside_aac(6_)-III,aac(6')-III
WP_0387907981_FEATURES_NDARO_Aminoglycoside_aac(6_)-III,aac(6')-III
WP_0388134581_FEATURES_NDARO_Beta-Lactam_blaOXA-461,blaOXA-461
WP_0388390371_FEATURES_NDARO_Aminoglycoside_aph(9)-Ia,aph(9)-Ia
WP_0388516961_FEATURES_NDARO_Beta-Lactam_blaOXA-453,blaOXA-453
WP_0388795281_FEATURES_NDARO_Aminoglycoside_aac(6_)_Serra,aac(6')_Serra
WP_0389768511_FEATURES_NDARO_Beta-Lactam_blaTEM-176,blaTEM-176
WP_0389840461_FEATURES_NDARO_Beta-Lactam_blaCMH-14,blaCMH-14
WP_0390231361_FEATURES_NDARO_Beta-Lactam_blaCMY-42,blaCMY-42
WP_0390263941_FEATURES_NDARO_Colistin_mcr-31,mcr-3.1
WP_0390349751_FEATURES_NDARO_Quinolone_qnrA2,qnrA2
WP_0390399191_FEATURES_NDARO_Colistin_mcr-338,mcr-3.38
WP_0390987991_FEATURES_NDARO_Beta-Lactam_blaADC-215,blaADC-215
WP_0390990301_FEATURES_NDARO_Beta-Lactam_blaOXA-172,blaOXA-172
WP_0391033591_FEATURES_NDARO_Beta-Lactam_blaLEN-17,blaLEN-17
WP_0391100761_FEATURES_NDARO_Aminoglycoside_aac(6_)-29,aac(6')-29
WP_0391391701_FEATURES_NDARO_Phenicol_catA9,catA9
WP_0391892321_FEATURES_NDARO_Beta-Lactam_blaACC-1a,blaACC-1a
WP_0392084451_FEATURES_NDARO_Beta-Lactam_blaOXA-407,blaOXA-407
WP_0392112401_FEATURES_NDARO_Beta-Lactam_blaADC-216,blaADC-216
WP_0392133531_FEATURES_NDARO_Beta-Lactam_blaADC-219,blaADC-219
WP_0392170081_FEATURES_NDARO_Beta-Lactam_blaPEN-A31,blaPEN-A31
WP_0392469761_FEATURES_NDARO_Beta-Lactam_blaADC-148,blaADC-148
WP_0392583891_FEATURES_NDARO_Beta-Lactam_blaADC-146,blaADC-146
WP_0392610091_FEATURES_NDARO_Beta-Lactam_blaACT-93,blaACT-93
WP_0392702581_FEATURES_NDARO_Beta-Lactam_blaADC-145,blaADC-145
WP_0392729781_FEATURES_NDARO_Beta-Lactam_blaACT-37,blaACT-37
WP_0395693511_FEATURES_NDARO_Aminoglycoside_aac(6_)_Serra,aac(6')_Serra
WP_0396396711_FEATURES_NDARO_Aminoglycoside_aac(6_)_Strep,aac(6')_Strep
WP_0398198931_FEATURES_NDARO_Beta-Lactam_blaIMP-14,blaIMP-14
WP_0399026351_FEATURES_NDARO_Beta-Lactam_blaOXA-646,blaOXA-646
WP_0400137251_FEATURES_NDARO_Glycopeptide_vanC1,vanC1
WP_0400205361_FEATURES_NDARO_Beta-Lactam_blaCMH-15,blaCMH-15
WP_0400684511_FEATURES_NDARO_Beta-Lactam_blaOXA-912,blaOXA-912
WP_0401171061_FEATURES_NDARO_Beta-Lactam_blaACT-42,blaACT-42
WP_0401203541_FEATURES_NDARO_Aminoglycoside_aadA1,aadA1
WP_0401294851_FEATURES_NDARO_Beta-Lactam_blaOCH-1,blaOCH-1
WP_0401842861_FEATURES_NDARO_Beta-Lactam_blaPDC-74,blaPDC-74
WP_0401979841_FEATURES_NDARO_Beta-Lactam_blaTEM-206,blaTEM-206
WP_0402037681_FEATURES_NDARO_Trimethoprim_dfrA50,dfrA50
WP_0402246441_FEATURES_NDARO_Phenicol_Quinolone_oqxB27,oqxB27
WP_0405649131_FEATURES_NDARO_Phenicol_catA13,catA13
WP_0410367911_FEATURES_NDARO_Aminoglycoside_aac(6_)_Serra,aac(6')_Serra
WP_0410799811_FEATURES_NDARO_Lincosamide_Macrolide_erm(44)v,erm(44)v
WP_0411524571_FEATURES_NDARO_Lincosamide_Macrolide_Streptogramin_erm(B),erm(B)
WP_0411604081_FEATURES_NDARO_Tetracycline_tet(M),tet(M)
WP_0412198111_FEATURES_NDARO_Glycopeptide_vanI,vanI
WP_0412583491_FEATURES_NDARO_Beta-Lactam_blaFIA-1,blaFIA-1
WP_0413859491_FEATURES_NDARO_Beta-Lactam_blaSGM-2,blaSGM-2
WP_0414490741_FEATURES_NDARO_Beta-Lactam_blaANA-1,blaANA-1
WP_0415504541_FEATURES_NDARO_Aminoglycoside_aacA47,aacA47
WP_0416925551_FEATURES_NDARO_Beta-Lactam_bla-C,bla-C
WP_0418162951_FEATURES_NDARO_Beta-Lactam_blaBPU-1,blaBPU-1
WP_0418819641_FEATURES_NDARO_Beta-Lactam_blaLUS-1,blaLUS-1
WP_0418843111_FEATURES_NDARO_Beta-Lactam_blaPLN-1,blaPLN-1
WP_0420048491_FEATURES_NDARO_Beta-Lactam_blaCTX-M-104,blaCTX-M-104
WP_0420161191_FEATURES_NDARO_Beta-Lactam_blaOXA-1163,blaOXA-1163
WP_0420279261_FEATURES_NDARO_Beta-Lactam_blaTRU-1,blaTRU-1
WP_0420584621_FEATURES_NDARO_Beta-Lactam_blaFOX-21,blaFOX-21
WP_0420653001_FEATURES_NDARO_Beta-Lactam_blaTEM-12,blaTEM-12
WP_0420883481_FEATURES_NDARO_Beta-Lactam_blaOXA-1001,blaOXA-1001
WP_0423081191_FEATURES_NDARO_Quinolone_qnrB69,qnrB69
WP_0426490731_FEATURES_NDARO_Colistin_mcr-3_set,mcr-3_set
WP_0426490741_FEATURES_NDARO_Colistin_mcr-36,mcr-3.6
WP_0426493451_FEATURES_NDARO_Beta-Lactam_blaMOX-9,blaMOX-9
WP_0427640551_FEATURES_NDARO_Beta-Lactam_blaCARB-44,blaCARB-44
WP_0427716321_FEATURES_NDARO_Beta-Lactam_blaCARB-25,blaCARB-25
WP_0427854061_FEATURES_NDARO_Aminoglycoside_aac(6_)_Serra,aac(6')_Serra
WP_0428463651_FEATURES_NDARO_Tetracycline_tet(59),tet(59)
WP_0428527981_FEATURES_NDARO_Aminoglycoside_ant(2__)-Ia,ant(2'')-Ia
WP_0428629361_FEATURES_NDARO_Beta-Lactam_blaIMP-13,blaIMP-13
WP_0428629431_FEATURES_NDARO_Phenicol_cmlA10,cmlA10
WP_0428888701_FEATURES_NDARO_Beta-Lactam_blaAQU-1,blaAQU-1
WP_0429581241_FEATURES_NDARO_Glycopeptide_vanB,vanB
WP_0429624421_FEATURES_NDARO_Beta-Lactam_blaOXA-450,blaOXA-450
WP_0430290181_FEATURES_NDARO_Tetracycline_tet(M),tet(M)
WP_0430835251_FEATURES_NDARO_Beta-Lactam_blaPDC-46,blaPDC-46
WP_0430894961_FEATURES_NDARO_Beta-Lactam_blaPDC-60,blaPDC-60
WP_0430996271_FEATURES_NDARO_Beta-Lactam_blaOXA-1275,blaOXA-1275
WP_0431046141_FEATURES_NDARO_Beta-Lactam_blaPDC-64,blaPDC-64
WP_0431557831_FEATURES_NDARO_Beta-Lactam_blaMOX-12,blaMOX-12
WP_0432457281_FEATURES_NDARO_Beta-Lactam_blaPAM-1,blaPAM-1
WP_0434707861_FEATURES_NDARO_Lincosamide_Streptogramin_erm(32),erm(32)
WP_0435922661_FEATURES_NDARO_Beta-Lactam_blaCRH-1,blaCRH-1
WP_0436297451_FEATURES_NDARO_Beta-Lactam_blaCRP-1,blaCRP-1
WP_0437743781_FEATURES_NDARO_Phenicol_catA13,catA13
WP_0438753131_FEATURES_NDARO_Beta-Lactam_blaLEN-32,blaLEN-32
WP_0439070541_FEATURES_NDARO_Beta-Lactam_blaOXA-232,blaOXA-232
WP_0439117831_FEATURES_NDARO_Aminoglycoside_aac(6_)_Strep,aac(6')_Strep
WP_0439424971_FEATURES_NDARO_Beta-Lactam_blaPST-1,blaPST-1
WP_0440304101_FEATURES_NDARO_Aminoglycoside_aac(6_)_Serra,aac(6')_Serra
WP_0440597831_FEATURES_NDARO_Rifamycin_arr-7,arr-7
WP_0440617921_FEATURES_NDARO_Aminoglycoside_aac(3)-C322,aac(3)-C322
WP_0440675221_FEATURES_NDARO_Aminoglycoside_aadA6,aadA6
WP_0441036261_FEATURES_NDARO_Beta-Lactam_blaVEB-21,blaVEB-21
WP_0444030151_FEATURES_NDARO_Beta-Lactam_blaPOM-1,blaPOM-1
WP_0444244391_FEATURES_NDARO_Aminoglycoside_aac(6_)-31,aac(6')-31
WP_0445228591_FEATURES_NDARO_Beta-Lactam_blaOKP-A-3,blaOKP-A-3
WP_0445972781_FEATURES_NDARO_Beta-Lactam_blaMIR-20,blaMIR-20
WP_0446009591_FEATURES_NDARO_Beta-Lactam_blaOXA-594,blaOXA-594
WP_0446145451_FEATURES_NDARO_Beta-Lactam_blaLEN-8,blaLEN-8
WP_0446663831_FEATURES_NDARO_Tetracycline_tet(O),tet(O)
WP_0446991951_FEATURES_NDARO_Beta-Lactam_blaCMY-48,blaCMY-48
WP_0447020411_FEATURES_NDARO_Beta-Lactam_blaCTX-M-39,blaCTX-M-39
WP_0447183691_FEATURES_NDARO_Beta-Lactam_blaADC-147,blaADC-147
WP_0447352341_FEATURES_NDARO_Quinolone_qnrA10,qnrA10
WP_0447795521_FEATURES_NDARO_Beta-Lactam_blaOXA-638,blaOXA-638
WP_0451838491_FEATURES_NDARO_Beta-Lactam_blaGOB-49,blaGOB-49
WP_0452190481_FEATURES_NDARO_Beta-Lactam_blaOXA-443,blaOXA-443
WP_0452194691_FEATURES_NDARO_Beta-Lactam_blaOXA-444,blaOXA-444
WP_0452612821_FEATURES_NDARO_Beta-Lactam_blaACT-49,blaACT-49
WP_0452696781_FEATURES_NDARO_Beta-Lactam_blaACT-51,blaACT-51
WP_0452822501_FEATURES_NDARO_Beta-Lactam_blaACT-143,blaACT-143
WP_0452866071_FEATURES_NDARO_Beta-Lactam_blaACT-50,blaACT-50
WP_0452955731_FEATURES_NDARO_Beta-Lactam_blaCMH-3,blaCMH-3
WP_0453091421_FEATURES_NDARO_Beta-Lactam_blaACT-47,blaACT-47
WP_0453288741_FEATURES_NDARO_Beta-Lactam_blaACT-40,blaACT-40
WP_0453314691_FEATURES_NDARO_Beta-Lactam_blaACT-48,blaACT-48
WP_0453318181_FEATURES_NDARO_Beta-Lactam_blaACT-41,blaACT-41
WP_0453326761_FEATURES_NDARO_Aminoglycoside_aac(6_)-IIc,aac(6')-IIc
WP_0453374641_FEATURES_NDARO_Beta-Lactam_blaACT-46,blaACT-46
WP_0453404661_FEATURES_NDARO_Beta-Lactam_blaACT-44,blaACT-44
WP_0453471481_FEATURES_NDARO_Beta-Lactam_blaACT-75,blaACT-75
WP_0453510921_FEATURES_NDARO_Beta-Lactam_blaACT-25,blaACT-25
WP_0453545841_FEATURES_NDARO_Beta-Lactam_blaMIR-19,blaMIR-19
WP_0453723391_FEATURES_NDARO_Beta-Lactam_blaMIR-21,blaMIR-21
WP_0453999511_FEATURES_NDARO_Quinolone_qnrE7,qnrE7
WP_0454095571_FEATURES_NDARO_Beta-Lactam_blaMIR-7,blaMIR-7
WP_0454180721_FEATURES_NDARO_Beta-Lactam_blaMIR-3,blaMIR-3
WP_0454753471_FEATURES_NDARO_Trimethoprim_dfrA42,dfrA42
WP_0456209461_FEATURES_NDARO_Beta-Lactam_blaACT-23,blaACT-23
AKA307361_FEATURES_NDARO_Phenicol_cxpE,cxpE
WP_0458908721_FEATURES_NDARO_Aminoglycoside_aacA56,aacA56
WP_0458956201_FEATURES_NDARO_Beta-Lactam_blaACT-72,blaACT-72
WP_0458996781_FEATURES_NDARO_Trimethoprim_dfrA29,dfrA29
WP_0459022321_FEATURES_NDARO_Beta-Lactam_blaCMH-16,blaCMH-16
WP_0459120441_FEATURES_NDARO_Beta-Lactam_blaGES-2,blaGES-2
WP_0460952841_FEATURES_NDARO_Aminoglycoside_aac(3)-XI,aac(3)-XI
AKC613101_FEATURES_NDARO_Lincosamide_Pleuromutilin_Streptogramin_cplR,cplR
WP_0462758461_FEATURES_NDARO_Beta-Lactam_blaCMY-70,blaCMY-70
WP_0463617601_FEATURES_NDARO_Macrolide_erm(55),erm(55)
WP_0464308591_FEATURES_NDARO_Beta-Lactam_blaL1,blaL1
WP_0465021491_FEATURES_NDARO_Aminoglycoside_aac(6_)_Strep,aac(6')_Strep
WP_0466196981_FEATURES_NDARO_Beta-Lactam_blaLEN-7,blaLEN-7
WP_0466223601_FEATURES_NDARO_Aminoglycoside_aadA1,aadA1
WP_0466610701_FEATURES_NDARO_Beta-Lactam_blaOXA-107,blaOXA-107
WP_0466641691_FEATURES_NDARO_Aminoglycoside_rmtH,rmtH
WP_0466708101_FEATURES_NDARO_Beta-Lactam_blaCMY-189,blaCMY-189
WP_0466878561_FEATURES_NDARO_Aminoglycoside_aac(6_)_Serra,aac(6')_Serra
WP_0466932381_FEATURES_NDARO_Beta-Lactam_blaADC-181,blaADC-181
WP_0467597551_FEATURES_NDARO_Beta-Lactam_blaOXA-1144,blaOXA-1144
WP_0468082551_FEATURES_NDARO_Beta-Lactam_blaFONA-1,blaFONA-1
WP_0468115271_FEATURES_NDARO_Beta-Lactam_blaOXA-1045,blaOXA-1045
WP_0468829211_FEATURES_NDARO_Beta-Lactam_blaADC-259,blaADC-259
WP_0468874171_FEATURES_NDARO_Beta-Lactam_blaCMH-5,blaCMH-5
WP_0468972721_FEATURES_NDARO_Aminoglycoside_aac(6_)_Serra,aac(6')_Serra
WP_0469281261_FEATURES_NDARO_Aminoglycoside_aacA-STR-15,aacA-STR-15
WP_0469301491_FEATURES_NDARO_Aminoglycoside_aac(6_)_Strep,aac(6')_Strep
WP_0469916071_FEATURES_NDARO_Beta-Lactam_blaOXA-464,blaOXA-464
WP_0470265381_FEATURES_NDARO_Aminoglycoside_aac(6_)_Serra,aac(6')_Serra
WP_0470281731_FEATURES_NDARO_Beta-Lactam_blaTEM-26,blaTEM-26
WP_0470341831_FEATURES_NDARO_Beta-Lactam_blaGOB-42,blaGOB-42
WP_0470526371_FEATURES_NDARO_Beta-Lactam_blaACT-55,blaACT-55
WP_0470540531_FEATURES_NDARO_Beta-Lactam_blaACT-144,blaACT-144
WP_0471396641_FEATURES_NDARO_Aminoglycoside_aacA-STR-13,aacA-STR-13
WP_0471743941_FEATURES_NDARO_Quinolone_qnrE4,qnrE4
WP_0472115501_FEATURES_NDARO_Streptogramin_vat(B),vat(B)
WP_0473545361_FEATURES_NDARO_Beta-Lactam_blaACT-19,blaACT-19
WP_0473648541_FEATURES_NDARO_Beta-Lactam_blaACT-70,blaACT-70
WP_0474267531_FEATURES_NDARO_Aminoglycoside_aacA-ACI5,aacA-ACI5
WP_0474673831_FEATURES_NDARO_Aminoglycoside_aacA-STR-13,aacA-STR-13
WP_0474806281_FEATURES_NDARO_Beta-Lactam_blaOXA-927,blaOXA-927
WP_0474813941_FEATURES_NDARO_Beta-Lactam_blaADC-242,blaADC-242
WP_0475676581_FEATURES_NDARO_Beta-Lactam_blaSRT,blaSRT
WP_0475704541_FEATURES_NDARO_Aminoglycoside_aac(6_)_Serra,aac(6')_Serra
WP_0476649831_FEATURES_NDARO_Beta-Lactam_blaPLA-2a,blaPLA-2a
WP_0476658641_FEATURES_NDARO_Beta-Lactam_blaKPC-6,blaKPC-6
WP_0476938381_FEATURES_NDARO_Phenicol_Quinolone_oqxA6,oqxA6
WP_0477069041_FEATURES_NDARO_Beta-Lactam_blaCARB-45,blaCARB-45
WP_0477264861_FEATURES_NDARO_Beta-Lactam_blaACT-65,blaACT-65
WP_0477298101_FEATURES_NDARO_Aminoglycoside_aac(6_)_Serra,aac(6')_Serra
WP_0477318001_FEATURES_NDARO_Quinolone_qnrB3,qnrB3
WP_0482077121_FEATURES_NDARO_Aminoglycoside_aadA2,aadA2
WP_0482097191_FEATURES_NDARO_Beta-Lactam_blaACT-69,blaACT-69
WP_0482150941_FEATURES_NDARO_Beta-Lactam_blaCMY-183,blaCMY-183
WP_0482164351_FEATURES_NDARO_Quinolone_qnrB17,qnrB17
WP_0482335501_FEATURES_NDARO_Aminoglycoside_aac(6_)-If,aac(6')-If
WP_0482349351_FEATURES_NDARO_Aminoglycoside_aac(6_)_Serra,aac(6')_Serra
WP_0482358621_FEATURES_NDARO_Beta-Lactam_blaTEM-148,blaTEM-148
WP_0482364191_FEATURES_NDARO_Quinolone_qnrB85,qnrB85
WP_0482417521_FEATURES_NDARO_Beta-Lactam_blaCMY-41,blaCMY-41
WP_0482666471_FEATURES_NDARO_Aminoglycoside_rmtB3,rmtB3
WP_0483215201_FEATURES_NDARO_Beta-Lactam_blaSRT-2,blaSRT-2
WP_0483241141_FEATURES_NDARO_Beta-Lactam_blaOKP-B-45,blaOKP-B-45
WP_0483255281_FEATURES_NDARO_Aminoglycoside_aac(6_)_Serra,aac(6')_Serra
WP_0483274351_FEATURES_NDARO_Sulfonamide_thfT,thfT
WP_0483301171_FEATURES_NDARO_Beta-Lactam_blaLEN-22,blaLEN-22
WP_0483348651_FEATURES_NDARO_Beta-Lactam_blaOKP-A-8,blaOKP-A-8
WP_0485404641_FEATURES_NDARO_Beta-Lactam_mecA1,mecA1
WP_0486038671_FEATURES_NDARO_Aminoglycoside_aac(6_)_Entco,aac(6')_Entco
WP_0486085791_FEATURES_NDARO_Aminoglycoside_aadA11,aadA11
WP_0486085911_FEATURES_NDARO_Phenicol_catB8,catB8
WP_0486278191_FEATURES_NDARO_Beta-Lactam_blaOXA-153,blaOXA-153
WP_0487174431_FEATURES_NDARO_Tetracycline_tetB(46),tetB(46)
WP_0488044701_FEATURES_NDARO_Beta-Lactam_blaPEN-A8,blaPEN-A8
WP_0488064291_FEATURES_NDARO_Beta-Lactam_blaOXA-151,blaOXA-151
BAE798991_FEATURES_NDARO_Efflux_smfY,smfY
WP_0488809341_FEATURES_NDARO_Beta-Lactam_blaOXA-360,blaOXA-360
WP_0489808311_FEATURES_NDARO_Beta-Lactam_blaACT-145,blaACT-145
WP_0490037001_FEATURES_NDARO_Beta-Lactam_blaOKP-B-41,blaOKP-B-41
WP_0490315041_FEATURES_NDARO_Aminoglycoside_aac(6_)-set_A,aac(6')-set_A
WP_0490375571_FEATURES_NDARO_Beta-Lactam_blaGOB-5,blaGOB-5
WP_0490445151_FEATURES_NDARO_Beta-Lactam_blaOXA-953,blaOXA-953
WP_0490585601_FEATURES_NDARO_Beta-Lactam_blaOXA-114e,blaOXA-114e
WP_0490681841_FEATURES_NDARO_Beta-Lactam_blaOXA-111,blaOXA-111
WP_0490747251_FEATURES_NDARO_Beta-Lactam_blaOXY-5-3,blaOXY-5-3
WP_0490792401_FEATURES_NDARO_Beta-Lactam_blaOXY-1-10,blaOXY-1-10
WP_0490821371_FEATURES_NDARO_Beta-Lactam_blaOXY-1-11,blaOXY-1-11
WP_0490889771_FEATURES_NDARO_Beta-Lactam_blaOXY-6-6,blaOXY-6-6
WP_0491015151_FEATURES_NDARO_Beta-Lactam_blaOXY-1-4,blaOXY-1-4
WP_0491222791_FEATURES_NDARO_Beta-Lactam_blaMIR-10,blaMIR-10
WP_0491279741_FEATURES_NDARO_Beta-Lactam_blaOXY-2-21,blaOXY-2-21
WP_0491348451_FEATURES_NDARO_Beta-Lactam_blaACT-89,blaACT-89
WP_0491385061_FEATURES_NDARO_Beta-Lactam_blaACT-146,blaACT-146
WP_0491516721_FEATURES_NDARO_Beta-Lactam_pbp2m,pbp2m
WP_0491569621_FEATURES_NDARO_Beta-Lactam_blaLEN-11,blaLEN-11
WP_0491890801_FEATURES_NDARO_Aminoglycoside_aac(6_)_Serra,aac(6')_Serra
WP_0491984881_FEATURES_NDARO_Aminoglycoside_aac(6_)_Serra,aac(6')_Serra
WP_0492044011_FEATURES_NDARO_Aminoglycoside_aac(6_)_Serra,aac(6')_Serra
WP_0492083561_FEATURES_NDARO_Aminoglycoside_aac(6_)_Serra,aac(6')_Serra
WP_0492129431_FEATURES_NDARO_Aminoglycoside_aac(6_)_Serra,aac(6')_Serra
WP_0492392521_FEATURES_NDARO_Beta-Lactam_blaPDC-124,blaPDC-124
WP_0492414941_FEATURES_NDARO_Aminoglycoside_aac(6_)_Serra,aac(6')_Serra
WP_0492433201_FEATURES_NDARO_Beta-Lactam_blaDHA-9,blaDHA-9
WP_0492704331_FEATURES_NDARO_Aminoglycoside_aac(6_)_Serra,aac(6')_Serra
WP_0492722441_FEATURES_NDARO_Beta-Lactam_blaPDC-172,blaPDC-172
WP_0492911211_FEATURES_NDARO_Beta-Lactam_blaOXA-1014,blaOXA-1014
WP_0493052881_FEATURES_NDARO_Beta-Lactam_blaPDC-442,blaPDC-442
WP_0493216921_FEATURES_NDARO_Beta-Lactam_blaPDC-123,blaPDC-123
WP_0494406151_FEATURES_NDARO_Aminoglycoside_aac(6_)-Iz,aac(6')-Iz
WP_0494430101_FEATURES_NDARO_Aminoglycoside_aac(6_)_Steno,aac(6')_Steno
WP_0494687851_FEATURES_NDARO_Aminoglycoside_aac(6_)-Iak,aac(6')-Iak
WP_0495544871_FEATURES_NDARO_Tetracycline_tetB(60),tetB(60)
WP_0495818341_FEATURES_NDARO_Trimethoprim_dfrA45,dfrA45
WP_0495819611_FEATURES_NDARO_Beta-Lactam_blaOXA-144,blaOXA-144
WP_0495898681_FEATURES_NDARO_Colistin_mcr-11,mcr-1.1
WP_0496372061_FEATURES_NDARO_Beta-Lactam_blaOXA-780,blaOXA-780
WP_0496373491_FEATURES_NDARO_Beta-Lactam_blaPER-3,blaPER-3
WP_0496460851_FEATURES_NDARO_Aminoglycoside_aac(6_)_Yersi,aac(6')_Yersi
WP_0496778351_FEATURES_NDARO_Aminoglycoside_aac(6_)_Yersi,aac(6')_Yersi
WP_0498984691_FEATURES_NDARO_Glycopeptide_vanY-D,vanY-D
WP_0500416931_FEATURES_NDARO_Aminoglycoside_aadA27,aadA27
WP_0501415581_FEATURES_NDARO_Aminoglycoside_aac(6_)_Yersi,aac(6')_Yersi
WP_0501906321_FEATURES_NDARO_Beta-Lactam_blaTEM-215,blaTEM-215
WP_0502326311_FEATURES_NDARO_Tetracycline_tet(M),tet(M)
WP_0503645061_FEATURES_NDARO_Lincosamide_Macrolide_Streptogramin_erm(N),erm(N)
WP_0504375911_FEATURES_NDARO_Tetracycline_tet(63),tet(63)
WP_0505378641_FEATURES_NDARO_Aminoglycoside_aac(6_)_Yersi,aac(6')_Yersi
WP_0506180451_FEATURES_NDARO_Tetracycline_tet(W),tet(W)
WP_0507371091_FEATURES_NDARO_Beta-Lactam_blaNMC-A,blaNMC-A
WP_0508246341_FEATURES_NDARO_Tetracycline_tet(O),tet(O)
WP_0508597851_FEATURES_NDARO_Beta-Lactam_blaCMH-17,blaCMH-17
WP_0508617891_FEATURES_NDARO_Beta-Lactam_blaACT-64,blaACT-64
WP_0509452441_FEATURES_NDARO_Phenicol_cat86,cat86
WP_0510214331_FEATURES_NDARO_Lincosamide_lnu(H),lnu(H)
WP_0511390901_FEATURES_NDARO_Aminoglycoside_aac(6_)-Ian,aac(6')-Ian
WP_0512082851_FEATURES_NDARO_Aminoglycoside_aac(6_)_Ia_fam,aac(6')_Ia_fam
WP_0513637211_FEATURES_NDARO_Beta-Lactam_blaSFC-3,blaSFC-3
WP_0514490751_FEATURES_NDARO_Aminoglycoside_aacA8,aacA8
WP_0516012601_FEATURES_NDARO_Beta-Lactam_blaOXA-1090,blaOXA-1090
WP_0516455291_FEATURES_NDARO_Aminoglycoside_aac(6_)-30,aac(6')-30
WP_0521573301_FEATURES_NDARO_Beta-Lactam_blaFIM-1,blaFIM-1
WP_0522383121_FEATURES_NDARO_Rifamycin_arr-5,arr-5
WP_0522480741_FEATURES_NDARO_Beta-Lactam_blaOXA-962,blaOXA-962
WP_0522591831_FEATURES_NDARO_Lincosamide_Macrolide_erm(42),erm(42)
WP_0522667361_FEATURES_NDARO_Beta-Lactam_blaOXA-156,blaOXA-156
WP_0522858011_FEATURES_NDARO_Aminoglycoside_aacA34,aacA34
WP_0524135541_FEATURES_NDARO_Aminoglycoside_aph(6)-Ib,aph(6)-Ib
WP_0524138921_FEATURES_NDARO_Tetracenomycin_tcmA,tcmA
WP_0525431001_FEATURES_NDARO_Tetracycline_tet(W),tet(W)
WP_0527691571_FEATURES_NDARO_Beta-Lactam_blaIND-16,blaIND-16
WP_0527765201_FEATURES_NDARO_Aminoglycoside_aph(2__)-Ii,aph(2'')-Ii
WP_0527812491_FEATURES_NDARO_Beta-Lactam_blaOXA-583,blaOXA-583
WP_0527884831_FEATURES_NDARO_Beta-Lactam_blaOXA-611,blaOXA-611
WP_0527888871_FEATURES_NDARO_Beta-Lactam_blaOXA-581,blaOXA-581
WP_0527939691_FEATURES_NDARO_Beta-Lactam_blaOXA-465,blaOXA-465
WP_0527947761_FEATURES_NDARO_Beta-Lactam_blaOXA-625,blaOXA-625
WP_0527983121_FEATURES_NDARO_Beta-Lactam_blaOXA-609,blaOXA-609
WP_0528001051_FEATURES_NDARO_Beta-Lactam_blaOXA-597,blaOXA-597
WP_0528037941_FEATURES_NDARO_Beta-Lactam_blaOXA-601,blaOXA-601
WP_0528051871_FEATURES_NDARO_Beta-Lactam_blaOXA-451,blaOXA-451
WP_0528151451_FEATURES_NDARO_Beta-Lactam_blaOXA-1159,blaOXA-1159
WP_0528584771_FEATURES_NDARO_Beta-Lactam_blaOXA-637,blaOXA-637
WP_0529052071_FEATURES_NDARO_Aminoglycoside_grdA,grdA
WP_0529444271_FEATURES_NDARO_Beta-Lactam_blaTEM-32,blaTEM-32
WP_0529728101_FEATURES_NDARO_Phenicol_catB8,catB8
WP_0530320281_FEATURES_NDARO_Fosfomycin_fosB4,fosB4
WP_0530646761_FEATURES_NDARO_Beta-Lactam_blaOXY-2-8,blaOXY-2-8
WP_0530734971_FEATURES_NDARO_Beta-Lactam_blaIMI-1,blaIMI-1
WP_0531384771_FEATURES_NDARO_Macrolide_srm(B),srm(B)
WP_0531389731_FEATURES_NDARO_Lincosamide_Macrolide_Streptogramin_erm(O),erm(O)
WP_0531389751_FEATURES_NDARO_Macrolide_mgt,mgt
WP_0533902711_FEATURES_NDARO_Beta-Lactam_blaCMY-137,blaCMY-137
WP_0534446941_FEATURES_NDARO_Beta-Lactam_blaCTX-M-165,blaCTX-M-165
WP_0534610751_FEATURES_NDARO_Aminoglycoside_aac(6_)-Iak,aac(6')-Iak
WP_0534984001_FEATURES_NDARO_Beta-Lactam_blaOXA-114h,blaOXA-114h
WP_0535186521_FEATURES_NDARO_Aminoglycoside_aac(6_)_Steno,aac(6')_Steno
WP_0536380581_FEATURES_NDARO_Aminoglycoside_aacA-STR-7,aacA-STR-7
WP_0537663151_FEATURES_NDARO_Aminoglycoside_aacA-ENT2,aacA-ENT2
WP_0538133811_FEATURES_NDARO_Beta-Lactam_blaPDC-125,blaPDC-125
WP_0538148561_FEATURES_NDARO_Beta-Lactam_blaOXA-1284,blaOXA-1284
WP_0538166711_FEATURES_NDARO_Beta-Lactam_blaPDC-151,blaPDC-151
WP_0538217881_FEATURES_NDARO_Colistin_mcr-51,mcr-5.1
WP_0538724441_FEATURES_NDARO_Beta-Lactam_blaOXA-639,blaOXA-639
WP_0539210121_FEATURES_NDARO_Beta-Lactam_blaOXA-603,blaOXA-603
WP_0543364821_FEATURES_NDARO_Tetracycline_tet(O_W_O),tet(O/W/O)
WP_0543793521_FEATURES_NDARO_Beta-Lactam_blaPDC-168,blaPDC-168
WP_0544288021_FEATURES_NDARO_Beta-Lactam_blaOXA-455,blaOXA-455
WP_0544370161_FEATURES_NDARO_Beta-Lactam_blaOXA-114j,blaOXA-114j
WP_0544484271_FEATURES_NDARO_Beta-Lactam_blaOXA-114c,blaOXA-114c
WP_0544716621_FEATURES_NDARO_Beta-Lactam_blaOXA-114m,blaOXA-114m
WP_0545007851_FEATURES_NDARO_Beta-Lactam_blaOXA-789,blaOXA-789
WP_0545058401_FEATURES_NDARO_Beta-Lactam_blaOXA-114a,blaOXA-114a
WP_0545170401_FEATURES_NDARO_Beta-Lactam_blaOXA-114l,blaOXA-114l
WP_0548820681_FEATURES_NDARO_Fosfomycin_fosE,fosE
WP_0548906301_FEATURES_NDARO_Fosfomycin_fosK,fosK
WP_0549142071_FEATURES_NDARO_Aminoglycoside_aac(6_)-31,aac(6')-31
WP_0553140041_FEATURES_NDARO_Beta-Lactam_blaTEM-63,blaTEM-63
WP_0553145081_FEATURES_NDARO_Beta-Lactam_blaTEM-213,blaTEM-213
WP_0553212631_FEATURES_NDARO_Beta-Lactam_blaMIR-5,blaMIR-5
WP_0555450961_FEATURES_NDARO_Aminoglycoside_aac(6_)-sk,aac(6')-sk
WP_0556416271_FEATURES_NDARO_Lincosamide_Macrolide_Streptogramin_erm(30),erm(30)
WP_0565176221_FEATURES_NDARO_Beta-Lactam_blaOXA-669,blaOXA-669
WP_0570125211_FEATURES_NDARO_Beta-Lactam_blaPFM-2,blaPFM-2
WP_0570365101_FEATURES_NDARO_Beta-Lactam_blaOXA-629,blaOXA-629
WP_0570389541_FEATURES_NDARO_Aminoglycoside_aph(2__)-IIa,aph(2'')-IIa
WP_0570389551_FEATURES_NDARO_Aminoglycoside_aac(6_)-Im,aac(6')-Im
WP_0570464971_FEATURES_NDARO_Beta-Lactam_blaOXA-83,blaOXA-83
WP_0570538641_FEATURES_NDARO_Beta-Lactam_blaOXA-340,blaOXA-340
WP_0570619991_FEATURES_NDARO_Beta-Lactam_blaOXA-821,blaOXA-821
WP_0570662081_FEATURES_NDARO_Beta-Lactam_blaOXA-241,blaOXA-241
WP_0570898221_FEATURES_NDARO_Beta-Lactam_blaOXA-417,blaOXA-417
WP_0570930641_FEATURES_NDARO_Beta-Lactam_blaADC-163,blaADC-163
WP_0570940791_FEATURES_NDARO_Beta-Lactam_blaOXA-121,blaOXA-121
WP_0570975471_FEATURES_NDARO_Aminoglycoside_aac(6_)-Ie2,aac(6')-Ie2
WP_0570975471_FEATURES_NDARO_Aminoglycoside_aph(2__)-If2,aph(2'')-If2
WP_0570984161_FEATURES_NDARO_Aminoglycoside_aph(2__)-Ih,aph(2'')-Ih
WP_0571064441_FEATURES_NDARO_Beta-Lactam_blaOXA-1320,blaOXA-1320
WP_0571740641_FEATURES_NDARO_Beta-Lactam_blaOXY-1-12,blaOXY-1-12
WP_0572151001_FEATURES_NDARO_Beta-Lactam_blaOKP-B-7,blaOKP-B-7
WP_0572808481_FEATURES_NDARO_Beta-Lactam_cfxA4,cfxA4
WP_0573845271_FEATURES_NDARO_Beta-Lactam_blaOXA-1174,blaOXA-1174
WP_0573876331_FEATURES_NDARO_Beta-Lactam_blaOXA-1129,blaOXA-1129
WP_0573880251_FEATURES_NDARO_Beta-Lactam_blaPDC-197,blaPDC-197
WP_0574934741_FEATURES_NDARO_Aminoglycoside_aac(6_)-Iak,aac(6')-Iak
WP_0575217041_FEATURES_NDARO_Beta-Lactam_mecA-ceftar,mecA-ceftar
CAK151251_FEATURES_NDARO_Efflux_mexE,mexE
WP_0576899301_FEATURES_NDARO_Beta-Lactam_blaOXA-207,blaOXA-207
WP_0576901451_FEATURES_NDARO_Beta-Lactam_blaADC-336,blaADC-336
WP_0576910061_FEATURES_NDARO_Beta-Lactam_blaADC-78,blaADC-78
WP_0576911141_FEATURES_NDARO_Beta-Lactam_blaADC-182,blaADC-182
WP_0579919701_FEATURES_NDARO_Beta-Lactam_blaMCA,blaMCA
WP_0580178381_FEATURES_NDARO_Beta-Lactam_blaOXA-1132,blaOXA-1132
WP_0580526371_FEATURES_NDARO_Beta-Lactam_blaOXA-958,blaOXA-958
WP_0580619311_FEATURES_NDARO_Beta-Lactam_blaOXA-497,blaOXA-497
WP_0581248671_FEATURES_NDARO_Aminoglycoside_aac(6_)-31,aac(6')-31
WP_0581283161_FEATURES_NDARO_Beta-Lactam_blaPDC-119,blaPDC-119
WP_0581290181_FEATURES_NDARO_Beta-Lactam_blaPDC-104,blaPDC-104
WP_0581326441_FEATURES_NDARO_Beta-Lactam_blaOXA-543,blaOXA-543
WP_0581333121_FEATURES_NDARO_Aminoglycoside_ant(2__)-Ia,ant(2'')-Ia
WP_0581346611_FEATURES_NDARO_Beta-Lactam_blaPDC-636,blaPDC-636
WP_0581355531_FEATURES_NDARO_Beta-Lactam_blaPDC-455,blaPDC-455
WP_0581428951_FEATURES_NDARO_Beta-Lactam_blaOXA-1027,blaOXA-1027
WP_0581457681_FEATURES_NDARO_Beta-Lactam_blaOXA-1290,blaOXA-1290
WP_0581570261_FEATURES_NDARO_Beta-Lactam_blaPDC-271,blaPDC-271
WP_0581612791_FEATURES_NDARO_Beta-Lactam_blaPDC-207,blaPDC-207
WP_0581692531_FEATURES_NDARO_Beta-Lactam_blaPDC-80,blaPDC-80
WP_0581699411_FEATURES_NDARO_Beta-Lactam_blaPDC-225,blaPDC-225
WP_0581744971_FEATURES_NDARO_Beta-Lactam_blaPDC-250,blaPDC-250
WP_0581761851_FEATURES_NDARO_Beta-Lactam_blaOXA-1268,blaOXA-1268
WP_0581762091_FEATURES_NDARO_Beta-Lactam_blaPDC-100,blaPDC-100
WP_0581776531_FEATURES_NDARO_Beta-Lactam_blaOXA-141,blaOXA-141
WP_0581799661_FEATURES_NDARO_Aminoglycoside_aac(3)-IIIb,aac(3)-IIIb
WP_0581801351_FEATURES_NDARO_Beta-Lactam_blaPDC-171,blaPDC-171
WP_0581989501_FEATURES_NDARO_Beta-Lactam_blaPDC-86,blaPDC-86
WP_0581999271_FEATURES_NDARO_Beta-Lactam_blaOXA-1274,blaOXA-1274
WP_0583547531_FEATURES_NDARO_Beta-Lactam_blaOXA-1024,blaOXA-1024
WP_0583757441_FEATURES_NDARO_Beta-Lactam_blaOXA-157,blaOXA-157
WP_0584689561_FEATURES_NDARO_Beta-Lactam_blaFEZ-1,blaFEZ-1
WP_0584920191_FEATURES_NDARO_Glycopeptide_vanI,vanI
WP_0586117171_FEATURES_NDARO_Beta-Lactam_mecA1,mecA1
WP_0586218161_FEATURES_NDARO_Macrolide_mef(A),mef(A)
WP_0586481191_FEATURES_NDARO_Beta-Lactam_blaDHA-7,blaDHA-7
WP_0586506781_FEATURES_NDARO_Beta-Lactam_blaCMH-9,blaCMH-9
WP_0586521121_FEATURES_NDARO_Trimethoprim_dfrA34,dfrA34
WP_0586523861_FEATURES_NDARO_Beta-Lactam_blaACT-115,blaACT-115
WP_0586531181_FEATURES_NDARO_Fosfomycin_fosA77,fosA7.7
WP_0586606251_FEATURES_NDARO_Beta-Lactam_blaCMH-18,blaCMH-18
WP_0586644161_FEATURES_NDARO_Aminoglycoside_aadA1,aadA1
WP_0586708471_FEATURES_NDARO_Beta-Lactam_blaCTX-M-96,blaCTX-M-96
WP_0586778761_FEATURES_NDARO_Aminoglycoside_aac(6_)-Ia,aac(6')-Ia
WP_0586789161_FEATURES_NDARO_Beta-Lactam_blaCMH-19,blaCMH-19
WP_0586807581_FEATURES_NDARO_Beta-Lactam_blaCMH-20,blaCMH-20
WP_0586839301_FEATURES_NDARO_Beta-Lactam_blaCMH-21,blaCMH-21
WP_0586856091_FEATURES_NDARO_Sulfonamide_sul1,sul1
WP_0586903241_FEATURES_NDARO_Beta-Lactam_blaACT-102,blaACT-102
WP_0586996311_FEATURES_NDARO_Aminoglycoside_aac(6_)_E550,aac(6')_E550
WP_0588421801_FEATURES_NDARO_Beta-Lactam_blaOXA-436,blaOXA-436
WP_0588706601_FEATURES_NDARO_Beta-Lactam_blaOXA-651,blaOXA-651
WP_0588788181_FEATURES_NDARO_Aminoglycoside_aac(6_)-D292,aac(6')-D292
WP_0588791391_FEATURES_NDARO_Beta-Lactam_blaGOB-38,blaGOB-38
WP_0589514571_FEATURES_NDARO_Beta-Lactam_blaOXA-652,blaOXA-652
WP_0589683291_FEATURES_NDARO_Beta-Lactam_blaOXA-1191,blaOXA-1191
WP_0591552571_FEATURES_NDARO_Beta-Lactam_blaGOB-13,blaGOB-13
WP_0592470091_FEATURES_NDARO_Beta-Lactam_blaADC-184,blaADC-184
WP_0592627131_FEATURES_NDARO_Beta-Lactam_blaOXA-92,blaOXA-92
WP_0592627231_FEATURES_NDARO_Beta-Lactam_blaADC-81,blaADC-81
WP_0593064851_FEATURES_NDARO_Beta-Lactam_blaACT-131,blaACT-131
WP_0593230951_FEATURES_NDARO_Beta-Lactam_blaGOB-37,blaGOB-37
WP_0593303481_FEATURES_NDARO_Beta-Lactam_blaCME-1,blaCME-1
WP_0593451251_FEATURES_NDARO_Beta-Lactam_blaGOB-25,blaGOB-25
WP_0593472691_FEATURES_NDARO_Beta-Lactam_blaACT-4,blaACT-4
WP_0593851911_FEATURES_NDARO_Beta-Lactam_blaGES-24,blaGES-24
WP_0595123531_FEATURES_NDARO_Beta-Lactam_blaTLA-3,blaTLA-3
WP_0600052941_FEATURES_NDARO_Beta-Lactam_blaPEN-N,blaPEN-N
WP_0604545271_FEATURES_NDARO_Beta-Lactam_blaADC-214,blaADC-214
WP_0604701091_FEATURES_NDARO_Beta-Lactam_blaADC-217,blaADC-217
WP_0605128851_FEATURES_NDARO_Aminoglycoside_aadA5,aadA5
WP_0605603401_FEATURES_NDARO_Aminoglycoside_aac(6_)_Serra,aac(6')_Serra
WP_0605716021_FEATURES_NDARO_Beta-Lactam_blaIMI-9,blaIMI-9
WP_0605735441_FEATURES_NDARO_Beta-Lactam_blaACT-77,blaACT-77
WP_0605893951_FEATURES_NDARO_Beta-Lactam_blaVIM-29,blaVIM-29
WP_0605907731_FEATURES_NDARO_Beta-Lactam_blaOKP-A-6,blaOKP-A-6
WP_0606134551_FEATURES_NDARO_Beta-Lactam_blaOXA-162,blaOXA-162
WP_0606147791_FEATURES_NDARO_Beta-Lactam_blaIMP-26,blaIMP-26
WP_0606155181_FEATURES_NDARO_Beta-Lactam_blaTEM-169,blaTEM-169
WP_0606557831_FEATURES_NDARO_Beta-Lactam_blaOKP-B-36,blaOKP-B-36
WP_0606828541_FEATURES_NDARO_Beta-Lactam_blaCMY-49,blaCMY-49
WP_0607068381_FEATURES_NDARO_Aminoglycoside_aac(6_)_Serra,aac(6')_Serra
WP_0607634881_FEATURES_NDARO_Glycopeptide_vanB,vanB
WP_0607928511_FEATURES_NDARO_Glycopeptide_vanC2_3,vanC2/3
WP_0607928521_FEATURES_NDARO_Glycopeptide_vanXY-c2_3,vanXY-c2/3
WP_0608554001_FEATURES_NDARO_Beta-Lactam_blaCMY-180,blaCMY-180
WP_0608742621_FEATURES_NDARO_Beta-Lactam_blaMOC-1,blaMOC-1
